id,name,detail
npc,鲍特欧达,3040124000
special,神圣天罚,光属性伤害(特大)/追加伤害
skill-1,英勇之盾,<div class=prt-text-small>自身获得圣盾效果 <span class=text-blue> ◆再使用技能时解除/效果中对敌伤害减少，无连击</span></div>
skill-2,神圣狂澜,对敌方全体造成4～5倍光属性伤害/自身免疫伤害(1次)
skill-3,高贵的牺牲,我方全体伤害减免(60%)
support-1,圣盾,<div class=prt-text-small>自身防御性能UP/敌对心UP/受伤时奥义伤害UP/奥义伤害上限UP(最大Lv5)</div>
support-2,卫兵,有几率减轻伤害
skill-lb,LB技能,圣盾效果中，回合结束时奥义值上升
,,