id,name,detail
npc,美黛拉,3040012000
special,神速击毁,风属性伤害（特大）/下一次使用技能时发动两次
skill-1,绣弓,对敌方单体造成风属性伤害/魅惑效果
skill-1+,绣弓,对敌方单体造成3倍风属性伤害/魅惑效果
skill-2,耀星,5次风属性伤害，目标随机/敌方攻击8%DOWN（累积，最大30%）
skill-2,耀星,5次0.9倍风属性伤害，目标随机/敌方攻击8%DOWN（累积，最大30%）
skill-3,隼落之击,对敌方单体造成4~4.5倍风属性伤害/缓慢效果
support-1,非凡之相,对有负面效果的敌人攻击15%UP
skill-lb,LB技能,对魅惑状态的敌人造成额外风属性伤害
,,