id,name,text,trans
0,レ・フィーエ/蕾・芬耶,まぁ、姬塔さん。<br>丁度よいところに！,团长，你来的正好！
1,レ・フィーエ/蕾・芬耶,私、クリスマスツリーに飾る<br>オーナメントを作っていますの。,我正在制作圣诞树的装饰品。
2,レ・フィーエ/蕾・芬耶,この艇にいる方々のシルエットを、<br>宝石で形作ったんですのよ。,用宝石做出船上各位成员的剪影。
3,レ・フィーエ/蕾・芬耶,こちらはルリアさん、<br>こちらはカタリナさん……,这边的是露莉亚，这边的是卡塔莉娜……
4,レ・フィーエ/蕾・芬耶,こちらは姬塔さんですわ。,这是姬塔。
5,レ・フィーエ/蕾・芬耶,上手く出来たと思うのですけれど、<br>いかがかしら？ <br>,我自己感觉做的不错，不知道你怎么看呢？
6,レ・フィーエ/蕾・芬耶,……ふふ、喜んでいただけたのなら<br>なによりですわ。,……呵呵，你能喜欢真是太好了。
7,レ・フィーエ/蕾・芬耶,どうせなら、ツリーの高いところに<br>飾りたいですわね。<br>姬塔さん、手伝ってくださる？,那就把它们挂在高一点的地方吧。<br>姬塔，可以帮我一下吗？
info,,,scene_s4_christmas_3004_v1_0_2005_1_3040004000