id,name,text,trans
0,レ・フィーエ/蕾・芬耶,街が宝石のように美しく飾られて、<br>とても心躍りますわね。,街上的华灯就像宝石一样，真让人心动。
1,レ・フィーエ/蕾・芬耶,なんだか……この景色をモチーフに<br>一つ、新たな装飾品を<br>作りたくなってきましたわ……！,总觉得……能以眼前的景色为主题设计新的装饰品呢……！
2,レ・フィーエ/蕾・芬耶,インスピレーションは大事ですの！<br>忘れないうちに、<br>作業に取り掛かりますわ！,灵感是很重要的！<br>得在灵感消失之前开始动手！
3,レ・フィーエ/蕾・芬耶,聖なる夜の魔力に磨き上げられた宝石は<br>唯一無二の輝きを誇るんですのよ。,平安夜的魔力一定会让宝石散发出独一无二的光辉。
4,レ・フィーエ/蕾・芬耶,出来上がった暁には、<br>姬塔さんに<br>一番にお見せ致しますわね。,等到黎明完成的时候，一定让姬塔第一个欣赏。
info,,,scene_s2_christmas_3004_v1_0_2005_1_3040004000