id,name,text,trans
1,レ・フィーエ/蕾・芬耶,できましたわ！,完成了！
2,レ・フィーエ/蕾・芬耶,あ、姬塔さん、<br>見てくださいまし！<br>私の渾身のオーナメントを！,啊，姬塔，请看！<br>这是我精心设计的新饰品！
3,レ・フィーエ/蕾・芬耶,雪の結晶を模した宝石で<br>作ったんですのよ！<br>美しいでしょう？,使用了雪花结晶一般的宝石！<br>很美吧？
4,レ・フィーエ/蕾・芬耶,え、その……<br>確かにお値段は張りましたけど……<br>でも、別にかまいませんわ。,咦？唔……<br>虽然贵了一点……<br>不过没关系。
5,レ・フィーエ/蕾・芬耶,だって、今日は聖夜ですもの！<br>こんな日ぐらいは<br>ぱーっと楽しみませんと！,今天是平安夜呀！<br>不尽情享受怎么行！
info,,,scene_s3_christmas_3004_v1_0_2005_1_3040004000