id,en,jp,trans
0-chapter_name,,第6話 きずな繋いで！光を信じて！,第6話 连接羁绊！相信光明！
0-synopsis,,姬塔達の前に現れたピーサードは、ルリアの日記に刻まれた記憶にザケンナーを乗り移らせ、星晶獣を模した敵を呼び出す。プリキュア達と分断された姬塔の前に立ったピーサードは、姬塔を倒す為、ルリアの日記の記憶からかつて姬塔を殺したヒドラを召喚するのだった。,出现在姬塔等人面前的皮萨德、将露莉亚日记中记载的记忆移植给了萨凯那、召唤出了星晶兽模样的敌人。被与光之美少女们分隔开的姬塔的面前、皮萨德为了击败姬塔、从露莉亚的日记的记忆当中召唤出了曾经杀死姬塔的ヒドラ。
1,,ク……ククク……<br>つくづく愚かな連中ですヨォ……,磕……krkrkr……<br>真是一群愚蠢的家伙……
2,,吾輩が囮ということに<br>気付かないんですからネェ……,没能察觉到<br>这是我们的陷阱呢……
6,,さあ、決着の時だ。,撒----、一决胜负的时候到了。
7,,出たなー、このー！,出现了、这家伙ー！
8,,ポルンを返して！！,把保伦还回来！！
9,,いいだろう。<br>この俺を倒すことができればな。,好呀。<br>如果你们能击败我的话。
10,,ポ、ポ……,波、波……
11,,チビスケ！,小鬼头！
12,,<span class='scene-font-katari'>ピーサードが懐から取り出したのは</span><br><span class='scene-font-katari'>紫色の容器に入れられ、虚ろな表情の</span><br><span class='scene-font-katari'>ポルンだった。</span>,<span class='scene-font-katari'>皮萨德从怀中取出的是</span><br><span class='scene-font-katari'>被关在紫色容器中、面无表情的</span><br><span class='scene-font-katari'>保伦。</span>
13,,心配するな、命はまだある。<br>だがこの檻の中に長くいれば<br>いずれ生気を全て失ってしまうだろう。,别担心、还活着呢。<br>但是如果在这牢笼中呆太久的话<br>迟早会被夺去所有的生命力吧。
14,,なんてひどいことを……！<br>許せない！,何等过分……！<br>绝不饶恕！
15,,あんたなんか<br>叩きのめしてやるんだから！,你这家伙<br>一定要打到爬不起来才行！
17,,ククク……<br>そう簡単にいくと思うなよ！<br>こちらには……,磕磕磕……<br>别以为能那么简单！<br>看看这个……
26,,この切り札たちがいるのだからな。,我有这些杀手锏呢。
27,,んなっ！？<br>なんで星晶獣が出てくるんだよ！？,啥っ！？<br>为什么星晶兽会出现在这里！？
28,,ち……違います！<br>この子たちは星晶獣じゃありません！,不……不一样！<br>这些不是星晶兽！
29,,<span class='scene-font-4'>ザケンナー！</span>,<span class='scene-font-4'>萨凯那！</span>
30,,ななななんなのアレ！？<br>星晶獣のザケンナー！？,那那那那那什么鬼！？<br>星晶兽的萨凯那！？
31,,姿だけではないメポ！<br>感じる邪悪な力の大きさが<br>桁違いメポ！,并不是只有形态不一样～梅波！<br>能感受到邪恶的力量<br>规模也不一样～梅波！
32,,その通りだ。<br>こいつらの力は星晶獣そのものと<br>大差はない。,正是如此。<br>这些家伙的力量和星晶兽相比<br>也相差不大。
33,,でも、一体どうやって……！？<br>まさか本物の星晶獣に<br>ザケンナーを取り憑かせたというの！？,但是、到底怎么做到的……！？<br>难道让真正的星晶兽<br>附身到了萨凯那身上！？
34,,そんなこと、するまでもない。<br>このノートのおかげでな。,也不用、做那么麻烦的事。<br>多亏了有这本笔记呢。
35,,<span class='scene-font-katari'>そう言うピーサードが</span><br><span class='scene-font-katari'>手に持っているのは──</span>,<span class='scene-font-katari'>这么说道的皮萨德</span><br><span class='scene-font-katari'>拿在手上的是──</span>
36,,私の……ノート……！？,我的……日记本……！？
37,,ここに刻まれた記憶に<br>ザケンナーを乗り移らせたのだ。,将印刻在这当中的记忆<br>移植给了萨凯那。
38,,これまで目にしてきた<br>島すら滅ぼす脅威との戦いを<br>もう一度味わうがいい。,从前目睹过的<br>与能毁灭岛屿的威胁的战斗<br>再次品味一下吧。
40,,さあ、やれザケンナー！<br>手始めにプリキュアどもを<br>葬り去ってやるのだ！！,撒、上吧萨凯那！<br>首先把光之美少女<br>埋葬掉吧！！
41,,やめて……やめてください！<br>みんなそんなことする子たちじゃ……！,住手……请住手！<br>它们并不是会做这种事情的孩子……！
42,,<span class='scene-font-4'>ザケンナー！</span>,<span class='scene-font-4'>萨凯那！</span>
53,,<span class='scene-font-katari'>リヴァイアサンを模した敵が</span><br><span class='scene-font-katari'>口から水流を放射する。</span>,<span class='scene-font-katari'>化作利维坦模样的敌人</span><br><span class='scene-font-katari'>从口中喷射出水流。</span>
54,,危ないっ！？,危险！？
55,,避けろ姬塔！,快躲开姬塔！
60,,ブラックっ！　姬塔さん！,黑天使！　姬塔！
65,,クソ！<br>ブラックとホワイトが孤立しちまった！,可恶！<br>黑天使和雪天使被孤立了！
66,,ははは！　合流などさせんぞ！,哈哈哈！　可不会让你们汇合的！
67,,<span class='scene-font-4'>ザケンナー！</span>,<span class='scene-font-4'>萨凯那！</span>
74,,…………！<br>く、く……！,…………！<br>咕、咳……！
75,,まずいぜ……！<br>ふたりが手ぇ繋いでねえと<br>あの技が撃てねえぞ！,糟糕了……！<br>那两个人不紧握双手的话<br>就无法使用那个招数！
79,,だったら、私が……！,那样的话、我来……！
82,,させ……ませんヨォ……！,不会……让你出手哟……！
83,,…………！,…………！
84,,<span class='scene-font-katari'>ザケンナーたちに気を取られている間に</span><br><span class='scene-font-katari'>一行の背後をとっていたポンメルンが</span><br><span class='scene-font-katari'>ルリアに魔晶を押し当てた。</span>,<span class='scene-font-katari'>在被萨凯那吸引了注意力的期间</span><br><span class='scene-font-katari'>绕到众人背后的伯梅伦</span><br><span class='scene-font-katari'>用魔晶干扰了露莉亚。</span>
87,,ああ……っ！,啊啊……！
88,,<span class='scene-font-katari'>魔晶が発するノイズの干渉によって</span><br><span class='scene-font-katari'>ルリアは集中を乱されてしまう。</span>,<span class='scene-font-katari'>被魔晶的噪音所干扰</span><br><span class='scene-font-katari'>露莉亚的注意力被打乱了。</span>
89,,これで<br>大人しくなりましたネェ……,这样<br>就安分下来了呢……
93,,さて、残るは貴様だ、<br>姬塔。,接下来、只剩你了、<br>姬塔。
96,,変身もせずザケンナーを倒してみせる<br>厄介者を始末するには、<br>ひとつ工夫が必要だったぞ……！,要处理不变身就能打倒萨凯那的<br>麻烦的家伙、<br>非得下一点功夫才行……！
105,,<span class='scene-font-4'>ザァァケェェンナー……！</span>,<span class='scene-font-4'>萨----凯----那----……！</span>
106,,<span class='scene-font-katari'>目の前に現れた五つ首の竜ヒドラ。</span><br><span class='scene-font-katari'>姬塔は思わず息を呑む。</span>,<span class='scene-font-katari'>出现在眼前的五头的多头龙。</span><br><span class='scene-font-katari'>姬塔咽了口气。</span>
107,,<span class='scene-font-katari'>これまでヒドラ種を相手に戦ったのは</span><br><span class='scene-font-katari'>一度や二度ではない。そのはずが、</span><br><span class='scene-font-katari'>この個体を見て恐怖感が芽生えた。</span>,<span class='scene-font-katari'>こ迄今为止与多头龙战斗</span><br><span class='scene-font-katari'>也不止一次两次了。虽说如此、</span><br><span class='scene-font-katari'>对这个个体却感到格外恐怖。</span>
108,,<span class='scene-font-katari'>そう、一目見てわかった。</span><br><span class='scene-font-katari'>あれは──</span>,<span class='scene-font-katari'>是的、看一眼就明白了。</span><br><span class='scene-font-katari'>那是──</span>
110,,<span class='scene-font-4'>ザァァケェェンナー！！</span>,<span class='scene-font-4'>萨----凯----那----！！</span>
117,,<span class='scene-font-katari'>ザケンナーが繰り出す攻撃は、</span><br><span class='scene-font-katari'>姬塔の知るヒドラたちより</span><br><span class='scene-font-katari'>はるかに速い。</span>,<span class='scene-font-katari'>萨凯那不停地攻击、</span><br><span class='scene-font-katari'>比起姬塔所知道的多头龙的攻击</span><br><span class='scene-font-katari'>快出不知道多少。</span>
118,,どうなってやがる！<br>普通のヒドラより格段に強えぞ！,到底发生了什么！<br>比一般的多头龙强了太多了！
119,,当然だ。かつて、これを前にして<br>姬塔は手も足も<br>でなかったのだからな。,当然了。曾经、面对这家伙<br>姬塔可是<br>连还手都做不到。
120,,日記にはこう書かれている。<br><span class='scene-font-bold scene-font-blue'>「</span><span class='scene-font-place'>ザンクティンゼル</span><span class='scene-font-bold scene-font-blue'>で姬塔に</span><br><span class='scene-font-bold scene-font-blue'>助けられたあと、島を出た」</span>と。,日记里这样写着。<br><span class='scene-font-bold scene-font-blue'>「在</span><span class='scene-font-place'>赞克汀泽</span><span class='scene-font-bold scene-font-blue'>受到姬塔</span><br><span class='scene-font-bold scene-font-blue'>帮助后、从岛出发」</span>这样。
121,,やめて……それ以上言わないで！,住手……不要再说下去了！
122,,帝国軍の資料を見たが、ひとつ重要な<br>記述が抜けているな。<span class='scene-font-bold scene-font-blue'>「ヒドラによって</span><br><span class='scene-font-bold scene-font-blue'>姬塔は一度殺された」</span>と。,看过帝国军的资料、一个非常重要的<br>记述被省略掉了。<span class='scene-font-bold scene-font-blue'>「姬塔曾被</span><br><span class='scene-font-bold scene-font-blue'>多头龙杀死过」</span>。
123,,…………！,…………！
124,,姬塔さんが……！？,姬塔被……！？
125,,一度、殺された……！？,曾被、杀死过……！？
126,,そう、蒼い髪の少女を守るためにだ。<br>書き記すことすらできんとは、<br>その思い出はよほど特別であるらしい。,是的、是为了保护蓝发的少女。<br>无法写进日记的事情、<br>这个回忆看起来格外地特别呢。
127,,ならば、この日記の空白に宿る闇を<br>ここに引きずり出して使わん手はない。,这样的话、不把寄宿于这本日记的空白中的<br>黑暗引发出来加以利用是不可能的。
128,,てめぇ……！<br>いらねえことまで<br>ほじくり出しやがって！,你这家伙……！<br>不想想起的事情也<br>一个劲地抖出来！
129,,姬塔、貴様が<br>どれだけ強くなろうと、このヒドラに<br>殺された過去は曲げられん。,姬塔、你<br>无论变得多强、曾被这只多头龙<br>杀死的过去是无法改变的。
130,,貴様らの闇から生まれたザケンナーは<br>姬塔の命を奪うまで<br>際限なく強くなるということだ！,从你们的黑暗当中诞生出的这只萨凯那<br>直到夺走姬塔的性命为止<br>是可以无限地变强的吧！
131,,<span class='scene-font-4'>これで終わりだ！</span>,<span class='scene-font-4'>这样就结束了！</span>
132,,<span class='scene-font-4'>ザァァケェェンナー！</span>,<span class='scene-font-4'>萨----凯----那----！</span>
133,,<span class='scene-font-katari'>狼狽しつつも姬塔は</span><br><span class='scene-font-katari'>武器を構える。</span>,<span class='scene-font-katari'>一点点变得狼狈的姬塔</span><br><span class='scene-font-katari'>架起了武器。</span>
info,,1,scene_evt181014_cp6_q2_s20