id,name,text,trans
0,カタリナ/卡塔莉娜,――これで一通り、<br>戦うための準備は整ったな。,――これで一通り、<br>戦うための準備は整ったな。
1,ルリア/露莉亚,武器や召喚石は、<br>手に入れるだけじゃなくて、<br>装備しなくちゃいけないんだよね。,武器や召喚石は、<br>手に入れるだけじゃなくて、<br>装備しなくちゃいけないんだよね。
2,ルリア/露莉亚,私、覚えたよ！,私、覚えたよ！
3,ビィ/碧,そういや、気づけば<br>さっきのちびっ子店長がいねぇな……,そういや、気づけば<br>さっきのちびっ子店長がいねぇな……
4,カタリナ/卡塔莉娜,彼女のよろず屋は、<br>今後も幾度となくお世話になる店だ。<br>またすぐに会うことになるだろうさ。,彼女のよろず屋は、<br>今後も幾度となくお世話になる店だ。<br>またすぐに会うことになるだろうさ。
5,カタリナ/卡塔莉娜,さぁ、ここからが旅の本番だ。<br>気を引き締めていくぞ！<br>グラン！,さぁ、ここからが旅の本番だ。<br>気を引き締めていくぞ！<br>グラン！
info,,,scene_tutorial06