id,name,text,trans
0,カタリナ/卡塔莉娜,――ふむ、一通りの武器が<br>手に入ったようだな。,――ふむ、一通りの武器が<br>手に入ったようだな。
1,シェロカルテ/榭洛科特,武器には、基本的なものとして<br>剣、短剣、槍、斧、杖、銃、格闘具など<br>色々な種類がありまして～,武器には、基本的なものとして<br>剣、短剣、槍、斧、杖、銃、格闘具など<br>色々な種類がありまして～
2,シェロカルテ/榭洛科特,他にも扱いが難しいものとして<br>弓、楽器、刀……といった武器も含め<br>全部で10種類ほどがありますよ～<br>,他にも扱いが難しいものとして<br>弓、楽器、刀……といった武器も含め<br>全部で10種類ほどがありますよ～<br>
3,シェロカルテ/榭洛科特,自分のジョブによって、<br>得意武器の種類が変わるから、<br>要注意です～,自分のジョブによって、<br>得意武器の種類が変わるから、<br>要注意です～
4,カタリナ/卡塔莉娜,やったぞ！<br>召喚石も手に入っているな！,やったぞ！<br>召喚石も手に入っているな！
5,カタリナ/卡塔莉娜,これはバトルで、<br>星晶獣を呼ぶために必要なものだ。<br>バトルの流れを大きく左右するぞ。,これはバトルで、<br>星晶獣を呼ぶために必要なものだ。<br>バトルの流れを大きく左右するぞ。
6,シェロカルテ/榭洛科特,武器も召喚石も、<br>装備しないと意味がないので、<br>これまた要注意です～,武器も召喚石も、<br>装備しないと意味がないので、<br>これまた要注意です～
7,シェロカルテ/榭洛科特,それじゃぁ、さっそく<br>ここで装備していっちゃいましょ～！,それじゃぁ、さっそく<br>ここで装備していっちゃいましょ～！
info,,,scene_tutorial05