id,name,detail
npc,尤艾尔,3040138000
special,红之舞・凛炎改,水属性伤害(特大)/敌方防御15%DOWN/mode条减少10%
skill-1,夜天光,我方全体二连击率30%UP/三连击率15%/负面效果成功率20%UP
skill-2,篝火狐鸣,<div class=prt-text-small>赋予敌方全体狐火效果/火属性攻击10%DOWN/对水属性防御25%DOWN<span class=text-blue>◆消耗10%奥义值</span></div>
skill-3,辟之舞・大华,对敌方单体造成4倍水属性伤害/赋予狐火效果
support-1,绯艳舞衣,我方全体对狐火状态的敌人追加水属性追击效果(10%)
skill-lb,LB技能,减轻狐火状态的敌人对我方全体造成的伤害
,,