id,name,detail
npc,蕾娜,3040021000
special,烂漫花园/苦痛花狱(终突),风属性伤害(特大)/<br>风属性伤害(特大)，赋予敌人魔生花效果
skill-1,寒风中的花簇,对敌方全体造成风属性伤害/中毒效果
skill-2,复生,回复我方全体HP/获得再生效果
skill-2+,复生,回复我方全体HP/获得再生效果
skill-2++,复生,回复我方全体HP/获得活性效果/净化我方全体1个削弱效果
skill-3,希望,净化我方全体1个削弱效果
skill-4,勿忘我,复活我方1名同伴
support-1,魔生花之楔,削弱效果抗性UP
support-2,寄生木,吸收中毒状态敌人的HP
skill-lb,LB技能,对削弱效果「技能封印」的抗性UP
,,