id,en,jp,trans
0-chapter_name,,人生で最高の日,人生中最美好的一天
0-synopsis,,「敵」による騒ぎの後始末に追われていたイルザは、任務の休憩中に偶然街で会った姬塔達を誘いパフェをご馳走する。鬼教官の印象から警戒気味だった姬塔達はイルザの穏やかな素顔を見て打ち解ける。どこからか聞こえてきた鐘の音に、復興の象徴とも言える結婚式が始まるのだと説明したイルザは、幸せそうに吐息をついて微笑むのだった。,忙于给“敌人”造成骚乱进行善后的伊鲁萨，在任务休息时间偶然在街上遇到了姬塔等人，于是邀请她们一起吃芭菲冰激凌。对伊鲁萨的印象还停留在鬼教官因而有些警戒的姬塔等人看到她温和的一面便放下了戒心。听到不知何处传来的钟声，伊鲁萨解释道这是象征复兴的婚礼要开始了，她有些幸福地叹了口气，脸上露出微笑。
1,,<span class='scene-font-spword'>『敵』</span><span class='scene-font-katari'>の拠点を撃破し、</span><br><span class='scene-font-katari'>侵略を水際で阻止する事に</span><br><span class='scene-font-katari'>成功した組織のメンバー達。</span>,<span class='scene-font-katari'>组织成员们成功地击破</span><span class='scene-font-spword'>“敌人”</span><span class='scene-font-katari'>的据点，在港边阻止了侵略。
2,,<span class='scene-font-katari'>騒ぎの爪痕が色濃く残る街も、</span><br><span class='scene-font-katari'>後始末に追われるイルザ達の活躍もあり</span><br><span class='scene-font-katari'>徐々に活気を取り戻しつつあった。</span>,<span class='scene-font-katari'>残留着相当多的骚乱造成的灾情的城市，因为有忙于善后的伊鲁萨等人的活跃，也逐渐开始恢复原有的活力。</span>
4,,こちらイルザ。,这里是伊鲁萨。
5,,……ああ、警備の交代時間か。,……啊，到警戒交班的时间了啊。
6,,了解。<br>では休憩に入らせてもらう。,了解了。那么我就开始休息了。
8,,<span class='scene-font-kokoro'>（どこかで一息入れるか……</span><br><span class='scene-font-kokoro'>確か、大通りで良さそうな店が</span><br><span class='scene-font-kokoro'>営業を再開していたな……）</span>,<span class='scene-font-kokoro'>（找个地方喘口气好了……我记得大街上有家不错的店恢复营业了……）</span>
9,,ん？<br>あれは……,嗯？那是……
10,,<span class='scene-font-katari'>街の見回りに出ていたイルザは</span><br><span class='scene-font-katari'>店で買い物をしている</span><br><span class='scene-font-katari'>姬塔達を見かける。</span>,<span class='scene-font-katari'>出来巡视街道的伊鲁萨看到了正在店里购物的姬塔等人。</span>
11,,<span class='scene-font-kokoro'>（あの騒ぎの時に</span><br><span class='scene-font-kokoro'>世話になった騎空団の者達だな）</span>,<span class='scene-font-kokoro'>（那是那场骚乱中承蒙关照的骑空团的人啊）</span>
12,,<span class='scene-font-kokoro'>（……少し声をかけてみるか）</span>,<span class='scene-font-kokoro'>（……去搭个话好了）</span>
18,,わぁ、面白い形の<br>お野菜ですね。,哇，这蔬菜形状好有趣。
19,,本当だな。<br>どんな味がするんだろうな？,真的耶。它会是什么样的味道呢？
21,,その野菜はこの島の特産物だ。<br>ほのかに甘く、ミルクで煮込むと<br>抜群の味を発揮する。,那个蔬菜是这个岛的特产。它含有淡淡的甜味，用牛奶中煮一下会发挥出非常好的味道。
22,,おおっ！<br>そうなのか。,哦哦！是这样啊。
23,,って……！,咦……！
28,,貴様ら、どうせクソのような教官の<br>ハンコをもらって得意になって<br>一人前ヅラで出てきたんだろう！,你们这群家伙，多半是从屎一样的教官那里得到了盖章就得意起来，摆出一副我很行的样子来这里的吧！
29,,道端で踏まれて潰れたクソ未満だ！<br>肥料にすらならん！<br>用途があるだけ魔晶カスの方がマシだ！,然而你们连路边被踩烂的屎都不如！连肥料都做不成！那些还有用途的魔晶碎片还更好一点！
30,,だから私が再教育してやる……！<br>クソ生意気にも経験「だけ」が足らんと<br>抜かしていた貴様らクソ共の望み通り！,所以我来重新教育你们……！就像狂妄自大地瞎扯说只差“经验”的你们这群蠢货所希望的那样！
36,,この前の<br>おっかない姉ちゃんじゃねーか！,这不是之前那个可怕的姐姐吗！
37,,やぁ、<br>出立に向けて買い出しか？,哟，你们是在为出发做准备买东西吗？
38,,は、はい……<br>そうです。,是、是的……确实如此。
39,,オイラ達になんか用か？,你找我们有事吗？
40,,先日の騒ぎで世話になったから、<br>何か礼でも出来たらと思ってな。,因为之前骚乱的时候受你们的关照，我想向你们道谢。
41,,お礼……ですか？,道谢……吗？
42,,君達、甘い物は好きか？,你们几个，喜欢甜食吗？
43,,ひとつ、目をつけていた店がある。<br>よければ何かご馳走させてくれ。,有一家店我很中意。如果方便的话让我请你们吃点东西吧。
43-sel1_txt,,<span class='scene-font-katari'>行きます！</span>,<span class='scene-font-katari'>我去！</span>
43-sel2_txt,,<span class='scene-font-katari'>ちょっと今忙しいです……</span>,<span class='scene-font-katari'>现在有点忙……</span>
44,,それはよかった。<br>休憩時間をひとりで過ごすのも<br>味気ないと思っていたのでな。,那太好了。休息时间一个人过我觉得很没意思。
45,,店はこっちだ。<br>ついて来てくれ。,店在这边。跟我来。
47,,イルザさんって、<br>ちょっと怖い方……ですよね……<br>大丈夫でしょうか？,伊鲁萨小姐，是有点可怕的人吧……没关系吗？
48,,まぁ、ルリアの気持ちもわかるけどよ<br>本当に礼がしたいだけみたいだぜ。,嘛，露莉亚的心情我也理解，不过看起来真的只是想道谢的样子。
49,,そうですね。<br>行ってみましょう、姬塔！,是呢。我们走吧，姬塔！
50,,ん、そうか。<br>買い出しの途中なのだったな。,嗯，是吗。说起来你们正在买东西啊。
51,,忙しい時に引き留めてしまって<br>すまなかった。<br>今の誘いは忘れてくれ。,很抱歉在你们忙的时候占用你们的时间。忘记我刚才的邀请吧。
52,,まぁ、ひとりの休憩はいつもの事さ。,算了，一个人休息也是常有的事。
54,,断っちまった手前あれだけど、<br>なんかあの背中、<br>寂しそうに見えるな……,刚拒绝就这么说有点不好，不过总觉得她的背影看上去有点寂寞……
55,,うう……そうですね。<br>本当にただ一緒に甘い物が<br>食べたかっただけなのかも……,唔……是啊。说不定她只是想跟我们一起吃甜食……
56,,なぁ姬塔、出立は明日だろ？<br>ちょっとくらい休憩していったって<br>いいんじゃねーか？,呐，姬塔，出发是明天吧？稍微休息一下不也挺好吗？
57,,そうですよ。<br>私、イルザさんを呼んできますね！,是啊。我去叫伊鲁萨小姐过来！
59,,<span class='scene-font-katari'>こうして姬塔達は</span><br><span class='scene-font-katari'>イルザと共にとある飲食店に</span><br><span class='scene-font-katari'>向かうのだった。</span>,<span class='scene-font-katari'>就这样，姬塔等人和伊鲁萨一起前往某家餐厅。</span>
65,,<span class='scene-font-katari'>店に入った姬塔達は</span><br><span class='scene-font-katari'>イルザに勧められるまま、</span><br><span class='scene-font-katari'>それぞれ好きなパフェを注文する。</span>,<span class='scene-font-katari'>进入店里的姬塔等人在伊鲁萨的建议下，各自点了自己喜欢的芭菲冰激凌。</span>
66,,…………,…………
67,,…………,…………
68,,どうした？<br>アイスが溶けてしまうぞ？,怎么了？冰激凌要化了哦。
69,,あ、いえいえ！<br>いただきます！,哦，没什么！我开动了！
70,,……もぐ。,……嚼。
71,,わぁ、とっても美味しいです～,哇，非常好吃〜
72,,ああ、任務でこの辺りを通った時から<br>来てみたいと思っていたが、<br>期待を裏切らない味だな。,是啊，任务中经过这一带的时候我就想来吃了，果然味道没有让人失望。
73,,特にクッキー入りアイスが最高だ。<br>少し甘ったるいくらいが<br>私にはちょうどいい。,特别是饼干冰激凌，最棒了。稍微有点甜但正符合我的口味。
74,,クッキー入りアイスか。<br>そいつは美味そーだな！,饼干冰淇淋吗。看起来很好吃啊！
75,,あ、でも私のパフェには<br>入ってないみたいです……,啊，但是我的芭菲冰激凌里面好像没有饼干……
76,,なら、私のを一口食べるか？,那么要尝一口我的吗？
77,,えっ、<br>いいんですか？,呃，可以吗？
78,,ああ。<br>姬塔達も食べるといい。,当然。姬塔你们也吃吧。
79,,<span class='scene-font-katari'>姬塔達は</span><br><span class='scene-font-katari'>イルザに差し出されたパフェから</span><br><span class='scene-font-katari'>一口ずつクッキー入りアイスをもらう。</span>,<span class='scene-font-katari'>姬塔等人在伊鲁萨递来的冰激凌上各舀了一口饼干冰淇淋。</span>
80,,<span class='scene-font-katari'>口に広がる濃厚な甘さに</span><br><span class='scene-font-katari'>姬塔達は自然と笑顔になり</span><br><span class='scene-font-katari'>互いに頷き合う。</span>,<span class='scene-font-katari'>浓厚的甜味在口中扩散开来，姬塔等人自然地露出笑脸互相点头。</span>
81,,イルザさん、<br>よかったらお礼に私達のも<br>一口食べてください！,伊鲁萨小姐，方便的话作为我们的谢礼请吃一口我们的吧！
82,,ふふふ。<br>ならば遠慮なく。,呵呵呵。那么我就不客气了。
83,,それにしても、驚いたぜ。<br>おっかない姉ちゃんって普段から<br>怖いわけじゃねーんだな。,话说回来，我很惊讶啊。可怕的姐姐也不是平常就那么吓人的啊。
84,,ああ、<br>未熟な部下はともかく<br>君達相手に怒る必要などないさ。,是啊，先不说我那些不成熟的部下，对你们我没必要发怒啊。
85,,私だって好きで怒るわけじゃない。,我也不是喜欢生气的。
86,,うふふ、安心しました。<br>イルザさんって実は<br>とっても穏やかな人なんですね。,呵呵，我放心了。伊鲁萨小姐其实是很温和的人啊。
87,,特別どうというわけではない。<br>普通だよ。,并没有什么特别的。很普通啊。
88,,ところで、君達はうちのゼタや<br>バザラガ達と知り合いだったようだが、<br>彼らとはどういった関係なのだ？,说起来，你们好像认识我们组织的泽塔和巴萨拉卡他们，你们跟他们是什么关系？
89,,報告書を通して君達の事は知っているが<br>彼らから直接聞く機会は<br>なかなかなくてな。,虽然通过报告书我知道了你们的事情，但一直没有机会直接从他们那里了解情况。
90,,なるほどなぁ。<br>上下関係とか<br>色々ありそうだもんな……,原来如此啊。毕竟你们那里有上下级关系之类各种各样的事啊……
91,,<span class='scene-font-katari'>姬塔達はゼタ達と過去に</span><br><span class='scene-font-katari'>星晶獣を相手に一緒に戦った事があり</span><br><span class='scene-font-katari'>暫く行動を共にしていたと説明する。</span>,<span class='scene-font-katari'>姬塔等人向她说明了以前曾经跟泽塔她们一起与星晶兽战斗，一起行动过一段时间。</span>
92,,<span class='scene-font-katari'>そして</span><span class='scene-font-spword'>星の島</span><span class='scene-font-katari'>を目指し、</span><br><span class='scene-font-katari'>空域を超えて旅をする中で</span><br><span class='scene-font-katari'>星晶獣と戦ってきた事も話す。</span>,<span class='scene-font-katari'>然后还告诉她自己正以星之岛为目标跨空域旅行，途中也有与星晶兽战斗。</span>
93,,なるほど……<br>どうりで強いと思ったら<br>そういう事情があったのだな。,原来如此……怪不得你们那么强，原来是有这些缘由啊。
96,,ゼタが君達を勧誘したがるのも頷ける。,泽塔她们想要邀请你们的想法我也能理解了。
97,,なぁ……まさかと思うけど、<br>おっかない姉ちゃんもオイラ達に組織に<br>入れって言うんじゃねーよな？,呐……我觉得应该是我多想了，可怕的姐姐你不会也说让我们加入组织吧？
98,,君達の活躍を見て<br>是非組織に引き入れたいという声も<br>上がっていたが……,看到你们的活跃是有想法想拉你们进组织，不过……
99,,なぁ……まさかと思うけど、<br>オイラ達をここに誘ったのって<br>組織への勧誘が目的じゃねーよな？,呐……我觉得应该是我多想了，邀请我们来这里你的目的不会是邀请我们进组织吧？
100,,心配しなくとも、旅の騎空団を<br>無理矢理引き入れるつもりはない。,不用担心，我并不打算强行拉正在旅行的骑空团进来。
101,,可能なら、何かと協力は<br>お願いしたいところだがな。,如果可能的话，我想请求合作。
102,,へへっ、困った時は力になるぜ。<br>な、姬塔？,嘿嘿，遇到麻烦的时候我们可以帮忙。对吧，姬塔？
103,,そうか。<br>頼もしい仲間を得たものだ。,是吗。我得到了可靠的伙伴啊。
104,,ところでビィ、君について<br>気になっている事がある。,说起来，碧，你的事有个地方很在意。
105,,先日の騒ぎで<br>奴らにさらわれていただろう。<br>何か心当たりはあるのか？,之前的骚乱里你不是被他们绑架了吗。为什么会这样你有什么想法吗？
106,,いやぁ、そいつはオイラが<br>聞きてーくらいだぜ。,没有，我也想问为什么啊。
107,,ふむ……我々も奴らについて<br>情報が欲しかったのだが、<br>心当たりがないのなら仕方がないか。,嗯……我们也想了解他们的情报，不过你没有想到什么的话就没办法了。
109,,あれ？<br>何の音でしょう？,咦？那是什么声音？
110,,<span class='scene-font-katari'>ルリアが辺りを見回すと</span><br><span class='scene-font-katari'>近くに座っていた街人達が</span><br><span class='scene-font-katari'>喜びを分かち合うように歓声を上げた。</span>,<span class='scene-font-katari'>露莉亚环顾四周，发现附近坐着的人们像互相分享喜悦一样欢呼了起来。</span>
111,,まぁ！<br>今日誰かが結婚式を挙げたのね。,哎呀！今天有人举办婚礼啊。
112,,鐘の音なんて久しぶりに聴いたわ。<br>いつぶりかしら？,好久没听到钟声了呢。隔了多久啊？
113,,馬車が来たら外に出ましょう。<br>確かこの店の前も通ったはずよ。,马车来了就出去吧。应该会经过这家店的。
114,,ええ、私達も花をまいて<br>ふたりの事をお祝いしなきゃ！,是啊，我们也撒花庆祝那两个人吧！
115,,<span class='scene-font-katari'>店内の街人達は祝いの知らせに</span><br><span class='scene-font-katari'>色めき立ち、様子を見ようと</span><br><span class='scene-font-katari'>店の外へ出ていく人までいた。</span>,<span class='scene-font-katari'>店里的人们因为庆祝的消息活跃起来，有些人甚至走出去看热闹了。</span>
116,,なんか騒ぎになってるけど、<br>街の有名人でも結婚するのか？,好像有点热闹啊，是城里有名的人结婚吗？
117,,その可能性は否定出来ないが、<br>恐らくは別の理由だ。,这种可能性无法否认，不过我觉得是另一个原因。
118,,別の理由、ですか？,另一个原因，吗？
119,,ああ。<br>何しろこの街はついこの間まで<br>酷い内乱状態にあったのだ。,是啊。毕竟这个城市在不久之前还处于严重内乱状态。
120,,結婚式を挙げられるという事は<br>それだけ復興が進んだという証。<br>喜びもひとしおだろう。,能够举办婚礼，也就是说城市已经复兴到这个程度了。应该格外高兴吧。
121,,なるほどなぁ。<br>そう考えたら納得だぜ。,原来如此。这样想就能理解了。
122,,そういえば以前、<br>この街には新郎新婦が馬車で街を回り<br>街を上げて祝う風習があると聞いた。,说起来，之前我听说过，这城市有新郎新娘坐马车巡街，整个城市一起祝贺的风俗习惯。
123,,折角だ。我々も一緒に<br>結婚をお祝いしようではないか。,机会难得。我们也一起祝贺他们结婚吧。
124,,うわぁ～、いいですね。<br>私、とっても楽しみになってきました！,哇~，好啊。我非常期待！
125,,……こんな日も悪くはない。,……这样的一天也不错。
126,,<span class='scene-font-katari'>イルザはパフェを口に運ぶと</span><br><span class='scene-font-katari'>穏やかに微笑むのだった。</span>,<span class='scene-font-katari'>伊鲁萨往嘴里送了一口芭菲冰激凌，温和地笑了起来。</span>
info,,1,scene_chr434_q1_s10
,,,