id,name,detail
npc,灰夫人,3040189000
special,甜蜜死亡华尔兹,暗属性伤害(特大)/我方全体强壮效果(剩余HP越多，攻击越大强化)
skill-1,夜之恩泽,我方全体吸收效果/死之祝福效果/奥义槽上升(20%)
skill-2,黄昏,敌全体防御下降(累积)/我方全体防御上升(累积/永续)
skill-3,尸者之手,给予暗属性角色单体其自身最大HP70%的屏障效果(上限4000)/暗属性追击效果   <br><span class=text-blue>◆追击持续到受伤害为止</span>
support-1,常夜之园,被赋予吸收效果的我方成员奥义伤害上升/奥义伤害上限上升
skill-lb,LB技能,
active,1,
,,