id,name,detail
npc,帕西瓦尔,3040050000
special,炎狼,火属性伤害(特大)
special+,炎狼,火属性伤害(特大)/下一次使用「撕裂者」时，技能发动2次
skill-1,撕裂者,对敌方单体造成3.5～4.5倍火属性伤害
skill-1+,撕裂者,对敌方单体造成4～5倍火属性伤害
skill-1++,撕裂者,对敌方单体造成4～5倍火属性伤害/将伤害转化为自身HP(上限800)
skill-2,炎帝,赋予敌方单体恐怖效果
skill-3,梦幻曲,自身剩余HP越多，攻击强化量越大
skill-3+,梦幻曲,自身剩余HP越多，攻击强化量越大/火属性攻击UP/火属性追击
support-1,王者风范,强化效果「火属性攻击UP」的效果UP
skill-lb,LB技能,普攻时有几率赋予敌人灼烧效果
intro,炎帝,静静地燃烧着的青年炎帝一直追求着隐藏在心中的理想。他的愿望是创造出正确的国家，没有斗争，帮助弱小。他走遍空之世界，追求着能够与他崇高的意志共鸣的伙伴。
,,