id,name,detail
npc,贝阿朵丽丝,3040070000
special,不死强袭,<span class=prt-text-small>暗属性伤害(特大)/自身免疫伤害(1回合)</span>
skill-1,艾伯拉斯克之剑,对敌方单体造成暗属性伤害/下一次攻击必定三连击
skill-2,统一化,敌方攻击DOWN/光属性攻击DOWN
skill-3,上升之星,自身HP越少，攻击强化量越大 <span class=text-blue>◆消耗自身HP最大值的40%</span>
support-1,艾伯拉斯克的契约者,自身HP越少，连击率UP/回避率UP
support-2,代尔塔时钟,三连击时，时钟前进1(最大3) <span class=text-blue>◆时针数值越大，奥义性能UP</span>
skill-lb,LB技能,有极低概率回避敌方所有攻击
intro,,
,,