id,name,detail
npc,蕾‧芬耶,3040113000
special,第七凋零,土属性伤害(特大)/自身防御UP
skill-1,安宁的光辉,我方全体获得再生效果/屏障效果/土属性攻击UP
skill-2,鼓舞之光,回复我方单体HP/特殊强化(连击率UP/攻防UP)
skill-3,闪光反射,对敌方全体造成土属性伤害/反射部分受到的伤害(2次)
support-1,王族的礼服裙,防御力低，但不容易成为攻击目标
support-2,竟然有筹码掉在这里……,战斗结束时有机会获得赌场筹码
skill-lb,LB技能,我方全体回复力UP
,,