id,name,detail
npc,美杜莎,3040151000
special,魔法转星甜美★美杜莎,土属性伤害（特大）/敌方魔眼石化效果
skill-1,闪亮眨眼,赋予敌方魔眼石化效果/对土属性防御25%DOWN <span class=text-blue>◆消耗20%奥义值</span>
skill-2,魔法美杜莎,对敌方单体造成4倍土属性伤害（中毒状态的敌人伤害上限10%UP）/中毒效果
skill-3,热情之眼,<div class=prt-text-small>我方全体获得反射盾（40%，2次）<span class=text-blue>◆敌方特殊攻击时我方全体奥义值50%UP/奥义性能UP</span></div>
support-1,甜美魅惑,对中毒状态的敌人奥义伤害40%UP，奥义上限10%UP
support-2,蛇眼姬,免疫石化
skill-lb,LB技能,对中毒状态的敌人暴击率UP
intro,,