id,name,detail
npc,涅莫涅,3040085000
special,盖亚之怒,土属性伤害（特大）/自身二连击率UP
skill-1,纯情少女,对敌方单体造成5倍土属性伤害/防御10%DOWN（积累）
skill-2,洛神花,回避率70%UP/回避时奥义值10%UP，敌对心DOWN（累积）
skill-3,轮到我了！,解放积蓄的力量，会心一击！
support-1,多谢款待！,防御超弱但是奥义值UP贼快！（防御20%DOWN/受伤时奥义值100%UP）
support-2,交给涅莫姐吧！,涅莫姐的力量随着敌人的攻击次数而积累哦！（虽然受伤了就会减少！）
skill-lb,LB技能,极小概率回避敌方所有攻击
,,