id,name,detail
npc,法露特,3040086000
special,天霸魔龙枪,暗属性伤害（特大）/下一次使用「黑龙双击波」，技能发动2次
skill-1,黑龙双击波,对敌方单体造成3.5~4.5倍暗属性伤害
skill-1+,黑龙双击波,对敌方单体造成4~5倍暗属性伤害
skill-2,战号,我方全体暗属性攻击20%UP/敌方攻击DOWN（10%，累积，最大30%）
skill-3,苍天魔龙导,暴击率UP（30%几率造成1.5倍伤害）/二连击率70%UP
support-1,吾之霸道磊落轶荡,每回合攻击3%UP（最大45%）
skill-lb,LB技能,普攻有几率攻击UP（累积）
intro,,统领魔龙的高贵战士，以压倒性的力量驰名全空。在钻研、锻炼、纷争中度过每日，她追求酣畅淋漓的战斗。