id,name,detail
npc,帕西瓦尔,3040090000
special,炎狼,火属性伤害(特大)/下一次使用「撕裂者」时，技能发动2次
skill-1,撕裂者,对敌方单体造成3.5~4.5倍火属性伤害
skill-1+,撕裂者,对敌方单体造成4~5倍火属性伤害
skill-2,灼热,必定二连击/20%火属性追击效果
skill-3,魅力,赋予敌人醉心效果/对火属性防御25%DOWN <span class=text-blue>◆消耗20%奥义值</span>
support-1,炎帝之刃,对风属性敌人造成1.2倍伤害
support-2,王者风范,「火属性攻击UP」的效果UP（30%）
skill-lb,LB技能,普攻有几率获得攻击UP效果
,,