id,name,detail
npc,欧罗巴,3040190000
special,金牛座光辉,水属性伤害(特大)/我方全体特殊强化(三连击率上升)
skill-1,魔力爆炸,随机目标敌方造成3次水属性伤害/我方全体HP回复/回复一个异常状态 <span class=text-blue>◆受到两次伤害解除</span></div>
skill-2,泰洛斯壁垒,我方全体攻击UP/受到的伤害转为火属性/火属性伤害减轻
skill-3,昴星团,对敌方造成7次水属性伤害/效果中必定三连击/水属性追击效果
support-1,圣泉的星华,三连击发动时「星华」等级上升1(最大5) <span class=text-blue>◆根据「星华」等级攻击上升/回复性能上升</span></div>
support-1,神虏的丽姬,我方全体的强化效果「水属性攻击UP」效果上升
skill-lb,LB技能,火属性伤害减轻
active,1,
,,