id,name,detail
npc,古蕾雅,3040130000
special,疯狂撕裂,火属性伤害(特大，4.5倍)/对象有龙之力状态时性能UP(伤害50%，上限20%)
skill-1,魔力龙焰,对敌人造成火属性伤害(4-5倍)/赋予龙之力
skill-2,爆裂破,<div class=prt-text-small>对敌人造成火属性伤害(4-5倍)/消除1个强化效果<br><span class=text-blue>◆对处于龙之力状态的敌人提升伤害上限</span></div>
skill-3,龙之心,效果持续中必然三连击/提升暴击几率(50%，1.2倍)　<span class=text-blue>◆消耗30％奥义槽</span>
support-1,炎术式,对有龙之力状态的敌人伤害UP(50%)/追击効果(20%)
support-2,音乐塔绽放之花,使用奥义时无视对方的防御力上升强化状态
,,