id,en,jp,trans
0-chapter_name,,無垢なる器,纯洁无垢的容器
0-synopsis,,魔物を倒した後、ヴァジラに促され急いで戻ったグランサイファーでは、甲板や艇の外装が何者かに傷つけられ大騒ぎになっていた。ガルジャナの鼻を頼りに犯人を追った姬塔達は、大きな魔物と戦おうと吠える三匹の子犬を発見する。ヴァジラの仲間だという子犬達を助ける為に、姬塔達はまず周囲の小型の魔物と戦う。,击败了魔物后，瓦姬拉急忙回到了格兰赛法上，甲板和船的外围像是被什么东西损伤了产生了不小的骚动。姬塔一行人依靠卡鲁加纳的嗅觉追踪犯人，发现了和大型魔物战斗的三只小狗。瓦姬拉为了帮助这三只身为他同伴的小狗，和姬塔一起和周围的小型魔物展开了战斗。
2,,<span class='scene-font-katari'>魔物を退けた後、ガルジャナが</span><br><span class='scene-font-katari'>何か言いたげにヴァジラの手に</span><br><span class='scene-font-katari'>鼻先を押し当てる。</span>,在解决了怪物后，卡鲁加纳像是要说什么一样吧鼻子凑近了瓦姬拉的手。
3,,…………,............
4,,……うん。<br>わかった。,......恩，我知道了
5,,姬塔！<br>すぐに艇に戻ろう！,姬塔！我们马上回到船上吧！
7,,<span class='scene-font-katari'>身を翻して駆けだすヴァジラと</span><br><span class='scene-font-katari'>ガルジャナを、姬塔も</span><br><span class='scene-font-katari'>急いで追いかけるのだった。</span>,瓦姬拉和卡鲁加纳转身向回跑，姬塔在后面跟上。
12,,あ！　姬塔！<br>どこ行ってたんだよ！,啊！姬塔！你跑哪里去了啊！
13,,<span class='scene-font-katari'>グランサイファーに戻った</span><br><span class='scene-font-katari'>姬塔を、慌てた様子の</span><br><span class='scene-font-katari'>ビィが出迎える。</span>,姬塔一回到格兰赛法，就看到了慌慌张张的碧。
14,,ごめんな、ビィ。<br>姬塔かりてた！,对不起啊碧，我把姬塔带走了！
15,,それはいいけど、<br>大変なんだ！,那也好吧但是，大事不妙了！
16,,やっぱり何かあったのか？,果然是发生了什么吗？
17,,見てくれよ、甲板。,看看啊，甲板这里。
18,,あちゃー,啊呀—
19,,<span class='scene-font-katari'>艇の甲板は、あちこちで</span><br><span class='scene-font-katari'>色々なモノが倒され、</span><br><span class='scene-font-katari'>酷く荒れた様子だった。</span>,船的甲板上各种各样的东西倒了一地，一副乱糟糟的景象。
20,,こりゃ片付けが大変そうだな。,这看着收拾起来要费很大的功夫啊。
21,,甲板だけじゃねぇんだ。<br>外装にも傷があって、<br>ラカムが大慌てだぜ。,不只是甲板，船的外表上也有伤痕，拉卡姆已经惊慌失措了。
22,,そっか……,这样啊......
23,,散歩に出る前は<br>こんなんなってなかった。,散步之前明明还没有变成这样的。
24,,そうなのか？　それじゃあ<br>ついさっきってことだな。,是这样吗？这样的话是刚才才变成这样的吗。
25,,んー……そうだな。<br>ガル、頼む。,恩—......似乎是这样的。卡鲁，拜托了。
26,,…………,............
27,,何かするのか？,要做什么吗？
28,,今なら、ガルが匂いを辿れる。,现在，卡鲁在收集气味。
29,,なるほど！<br>犯人捜しだな！,原来是这样！寻找犯人吗！
30,,おう！<br>こういう悪いことする奴はちゃんと<br>叱ってやらんといけないからな！,当然！做出这种坏事的家伙可要好好处置一下呢！
31,,ガル！<br>どうだー？,卡鲁！怎么样？
32,,<span class='scene-font-katari'>ヴァジラは、荒れた甲板を歩き回る</span><br><span class='scene-font-katari'>ガルジャナに駆け寄っていく。</span>,瓦姬拉突然向着在甲板上来回走动的卡鲁加纳那里跑去。
35,,ビィさーん！<br>あ、姬塔も<br>戻ってたんですね！,碧—啊，姬塔也回来了！
36,,<span class='scene-font-katari'>甲板に出て来たルリアが、</span><br><span class='scene-font-katari'>ヴァジラと入れ替わりに</span><br><span class='scene-font-katari'>走ってくる。</span>,跑来甲板的露莉娅与瓦姬拉擦肩而过。
37,,そんなに慌ててどうしたんだ？,发什么什么慌成这样？
38,,今、艇の中の様子を<br>見てきたんですが……,刚才，看到了船里面的样子......
39,,お台所も荒らされてたみたいです。<br>それで、食べ物も少しなくなってて……,厨房遭到了破坏，然后食物也消失了一部分......
40,,台所だけか？,只有厨房吗？
41,,はい。<br>他は大丈夫みたいでした。,是。其他地方好像没有什么问题。
42,,ん～ハラペコの泥棒の仕業か？,恩~这是一个肚子饿扁的小偷吗？
43,,でも、ラカムさんが甲板と外装の傷は<br>魔物がやったみたいだって<br>言ってましたよ？,但是，拉卡姆先生说甲板和外装的损伤都是魔物造成的啊？
44,,じゃあ犯人はハラペコの魔物か？,这样的话犯人是肚子饿扁的魔物吗？
45,,そうかもしれませんね。,或许是这样呢。
46,,おーい！<br>匂いを追いかけるぞー！,喂！要去追踪气味了哦！
47,,お、デカイヌがその犯人の匂いを<br>嗅ぎ分けたみたいだぞ。,哦，大狗狗好像嗅到了犯人的气味哦。
48,,オイラ達も行こうぜ！,咱们也一起跟上吧！
54,,…………,............
55,,どうだ？<br>ガル。,怎么样？卡鲁。
56,,…………,............
57,,うん、そうかぁ……,呃，这样啊......
58,,やっぱり、ヴァジラちゃんは<br>ガルちゃんの言いたいことが<br>わかるんですね～すごいです！,果然，瓦姬拉能明白卡鲁想说什么呢，真是厉害！
59,,ああ、でもそれより……,啊，但是在这之前......
60,,なあ、ヴァジラ！<br>何だか難しい顔してるけど、<br>匂いがわからなくなったのか？,呐，瓦姬拉！看你一脸困惑的表情，难道不明白是什么气味吗？
61,,まさか！<br>ガルの鼻はちょっとやそっとじゃ<br>獲物を見失ったりしない！,怎么会！卡尔的鼻子可不是会随随便便跟丢猎物的！
62,,でもなぁ……,但是啊......
63,,どうしたんですか？,怎么了？
64,,艇に傷をつけたのはやっぱり<br>魔物みたいだな。<br>でも、他にも匂いが混ざってる。,损伤骑空艇的果然是魔物啊，但是有些其他的气味混合在了里面。
65,,他の匂い？,其他气味？
66,,それが、どうやらわしの<br>仲間の匂いみたいなんだ。,这气味，似乎是我的同伴的气味。
67,,えっと、ヴァジラちゃんの<br>仲間って、ガルちゃんとは別のですか？,呃，瓦姬拉的伙伴，是卡鲁以外的其他人吗？
68,,そう。<br>魔物を追ってるみたいだけど……,没错。好像是在追逐魔物的样子......
69,,あいつら、まだ小さいんだ。<br>だから、急ぐぞ！,那些孩子们还很小，所以，快一点！
70,,…………,............
71,,<span class='scene-font-katari'>ガルジャナは、心得た、という様子で</span><br><span class='scene-font-katari'>足を速める。</span>,卡鲁加纳，像是明白了怎么做一样，加速的跑了起来。
76,,あ、待て。,啊，等等。
77,,…………,............
78,,<span class='scene-font-katari'>声を上げて立ち止まったヴァジラを</span><br><span class='scene-font-katari'>一行が振り返る。</span>,瓦姬拉大声说到，并向一行人回头看到。
79,,ガルが匂いを追っかけるのとは別に<br>わしが、島のみんなに頼んで<br>様子を探れば……,卡鲁就像这样追寻着气味，我来拜托岛上的大家来寻找的话......
81,,…………,............
82,,<span class='scene-font-katari'>ガルジャナは、ヴァジラを止めるように</span><br><span class='scene-font-katari'>袖を強く引っ張った。</span>,卡鲁加纳使劲拉住瓦姬拉的袖子，像是要阻止她一样。
83,,んー……ガルは心配性だなぁ。,嗯...... 卡鲁太爱担心了啊。
84,,…………,............
85,,わかった。<br>お前に任せるよ。,明白了。那就全部交给你了哦。
86,,…………,............
87,,どうしたんだ？<br>何かするつもりだったのか？,怎么了？你想要做些什么吗？
88,,島のみんなに頼むって<br>言ってましたよね？<br>お知り合いがいるんですか？,你说你要拜托岛上的大家吗？有什么熟人吗？
89,,そっか、ちゃんと説明してなかったな。<br>わしは<span class='scene-font-spword'>「カミ」</span>って呼んでる。,这样啊，我没有好好说明啊。那些是被我称为[神灵]的”。
90,,かみ……神様ですか？,kami......是神明大人吗？
91,,ん～厳密には違うんだけどな。,嗯，严格来说是不同的哦。
92,,自然の色々なものに宿ってる、<br>精霊っていうか……<br>意識みたいなやつ、かな。,是寄宿在自然界的各种各样的事物里面的，精灵呀，意识一样的东西，之类的。
93,,自然の色々な……ってなんだ？,自然界各种各样的事物......都是什么啊？
94,,なんでも。<br>この石とか、あの木とか。<br>そこの川の水にも、風にも。,什么都可以。像是这块石头呀，那棵树呀，这条河流流淌的水呀，就连风是。
95,,ぜーんぶにカミはいるんだよ。,全部都寄宿着神灵呢。
96,,ふわぁ……<br>なんだか素敵な話です～,哇，好像是一个很美好的故事〜
97,,お前はそいつらが言ってることが<br>わかるってのか？,你可以明白那些人说的话吗？
98,,うん、そうだよ。,恩，没错哦。
99,,すごいです！<br>どうやってるんですか？,好厉害啊！是怎样做到的呢？
100,,ん～言葉では<br>うまく説明できないなぁ……,嗯~不太好用语言说明啊......
101,,…………,............
102,,<span class='scene-font-katari'>その時、ガルジャナが</span><br><span class='scene-font-katari'>ぴくりと顔を上げ、</span><br><span class='scene-font-katari'>ヴァジラもそれに反応する。</span>,就在这时，卡鲁加纳一下子抬起了头，瓦姬拉对这个动作产生了反应。
103,,ん……近いな。,恩......就在附近了。
109,,<span class='scene-font-4'>────！</span>,─────！
110,,あいつかっ！？,是这家伙吗！ ？
111,,きゃんっ！,汪！
112,,きゃんきゃん！,汪汪！
113,,ううぅ～～～！,呜~~~！
114,,エク！　ドゥイ！　トリ！,艾克！ 朵依！托利！
115,,あの三匹の子犬ちゃん達が、<br>ヴァジラちゃんの仲間ですか！？,这三只小狗，是瓦姬拉的伙伴吗！ ？
116,,あいつら、あの奥の魔物と<br>戦おうとしてんのか！？,这些小家伙，在和那里的魔物战斗吗！ ？
117,,馬鹿っ！<br>危ないだろ！,笨蛋！很危险啊！
118,,くそっ！<br>周りにわらわらいる<br>小型の魔物が邪魔だ！,可恶！在周围转来转去的这些小型魔物太碍事了！
119,,まずはこいつらを<br>片付けるぞ！,先把这些家伙解决了吧！
info,,1,scene_chr433_q2_s10