id,name,text,trans
0-chapter_name,,第3話 敵か、味方か,是敌是友
0-synopsis,,襲撃をうける第零拠点に到着し、虫を駆除する一行。カシウスのサポートもあり虫を退けた一行は、カシウスに感謝を述べる。その後カシウスの怪我の治療のため、ベアトリクスと姬塔達はカシウスを連れて救護室へと向かう。そんなカシウスの後ろ姿を、ユーステスは訝しげに睨み続けているのだった。,众人到达了正在遭受袭击的第零据点。在卡西乌斯的帮助下一行人击退了机械虫群并向他表示感谢。之后为了治疗卡西乌斯，贝阿朵丽丝和姬塔带着他前往救护室。
1,,<span class='scene-font-katari'>第零拠点に到着後、</span><br><span class='scene-font-katari'>一行はすぐさま戦闘準備に入り、</span><br><span class='scene-font-katari'>虫の駆除を始める。</span>,<span class='scene-font-katari'>进入第零据点后，众人立刻和机械虫展开了战斗。</span>
2,,<span class='scene-font-katari'>戦闘を続ける中、</span><br><span class='scene-font-katari'>カシウスも率先して</span><br><span class='scene-font-katari'>一行と共に虫と戦っていた。</span>,<span class='scene-font-katari'>战斗中卡西乌斯也身先士卒地跟大家一起击退着虫群。</span>
3,カシウス,フッ！！,哼！
6,？？？,ギチッ……！,吡叽....！
8,ゼタ/泽塔,怪我してる割に<br>ずいぶんいい動きすんのね。,虽然受了伤身手还是不差嘛。
9,イルザ/伊尔莎,大した覚悟で戦っているが、<br>それ以上に……,相当的有觉悟啊，不如说在此之上....
13,？？？,キチキチキチキチ……！,吡叽吡叽吡叽吡叽....！
14,研究員,<span class='scene-font-4'>ひいぃぃぃぃ！！</span>,哇啊啊啊！！
19,,<span class='scene-font-katari'>逃げ遅れた研究員の前に、</span><br><span class='scene-font-katari'>カシウスは素早く移動し、</span><br><span class='scene-font-katari'>虫に攻撃を繰り出した。</span>,<span class='scene-font-katari'>卡西乌斯快速移动到没有来得及撤退的研究员前，击退了机械虫。
20,カシウス,早急に避難しろ。,快去避难。
21,研究員,は、はい……！！,是、是！
22,研究員,そ、その……<br>ありがとうございました！,那、那个...万分感谢！
23,バザラガ/巴萨拉卡,己の怪我も顧みずに<br>人助けとは変わり者もいたものだな。,是个不顾自己的安危去救人的怪家伙呢。
24,ゼタ/泽塔,どっかの誰かさんみたいね。,简直和谁一模一样呢。
25,バザラガ/巴萨拉卡,誰かとは誰だ。,你说谁呢。
26,ゼタ/泽塔,なんでもないでーす。<br>ほら、さっさと手動かして！,我没说什么啦！快点去战斗吧！
27,,<span class='scene-font-katari'>こうして一行は戦いの末、</span><br><span class='scene-font-katari'>虫を全て駆除することに成功した。</span>,<span class='scene-font-katari'>就这样一行人终于驱除了全部的机械虫。</span>
32,,<span class='scene-font-katari'>一息ついた後、</span><br><span class='scene-font-katari'>一行はカシウスの傍へと歩み寄り、</span><br><span class='scene-font-katari'>労いの言葉をかける。</span>,<span class='scene-font-katari'>稍作休息后，一行人走到了卡西乌斯身边道谢。</span>
33,イルザ/伊尔莎,また、助けられたな。<br>カシウス。,又被你救了呢，卡西乌斯。
34,カシウス,問題ない。<br>俺のためでもあった。,没事，这也是为了我。
35,ビィ/碧,ははっ、とかなんとかいって、<br>ちゃっかり色んなヤツら、<br>守ってたじゃねぇか。,哈哈，嘴上说着为了自己结果还是奋不顾身保护了很多人呢。
36,ベアトリクス/贝阿朵丽丝,もしかしてそれ、<br>照れ隠しかなんかか？,难道说是个傲娇吗？
37,カシウス,ふん、非合理極まりない。,哼，毫无合理可言。
38,ユーステス/尤斯缇斯,ああ、その通りだ。<br>貴様の行動は非合理極まりない。,没错，你的行动真的是毫无合理可言。
39,カシウス,なに？,什么？
40,ユーステス/尤斯缇斯,何故、態々加勢した？<br>貴様に利益はないんだろう。<br>何を企んでいる。,为什么突然帮助我们？明明和你没有什么关系吧，你究竟有什么企图？
41,ベアトリクス/贝阿朵丽丝,おい、ユーステス！<br>なにつっかかってんだお前？,喂，尤斯缇斯！你这家伙怎么说话的！
42,カシウス,別に構わん。<br>だが、そうだな……,没事，不过.....
43,カシウス,ただの親切シンだ。<br>素直に受け取っておけ。,只是献爱心而已，坦然接受吧。
44,ユーステス/尤斯缇斯,なに？,什么？
45,ルリア/露莉亚,あっ、その言葉！<br>ふふふ……,啊，是那句话！嗯哼哼....
46,ベアトリクス/贝阿朵丽丝,ははっ！<br>まさかお前にそれを<br>言い返されるとはな！,哈哈！没想到你会用那句话反驳他！
47,ゼタ/泽塔,なになに？<br>どういうこと？,什么什么？怎么回事啊？
48,ビィ/碧,実はよぅ──,其实啊———
49,,<span class='scene-font-katari'>一行はカシウスを助けた時にした</span><br><span class='scene-font-katari'>会話をゼタに説明した。</span>,<span class='scene-font-katari'>一行人向泽塔说明了救助卡西乌斯时的情况。
50,,<span class='scene-font-katari'>その間、ユーステスは</span><br><span class='scene-font-katari'>訝しげにカシウスを睨んでいた。</span>,<span class='scene-font-katari'>在那期间，尤斯缇斯一直用奇怪的眼光盯着卡西乌斯。
55,ユーステス/尤斯缇斯,…………,..............
57,イルザ/伊尔莎,疑う気持ちも分かる。<br>だが、こうして<br>我々が助けられたのは事実だ。,我明白你为什么要怀疑他，但他救了我们是事实。
58,イルザ/伊尔莎,私としては部下の命の恩人を<br>一刻も早く治療してやりたい。,对我而言一定要尽早治疗救了部下的恩人。
59,イルザ/伊尔莎,<span class='scene-font-2'>本当に記憶喪失ならば治療を</span><br><span class='scene-font-2'>試みるべきだ。</span><br><span class='scene-font-2'>ヤツの素性についても気になるからな。</span>,如果真的是失忆就要尝试一下治疗，我也很在意他的本性。
60,ユーステス/尤斯缇斯,<span class='scene-font-2'>……そうか。</span><br><span class='scene-font-2'>ではお前の判断に従おう。</span>,……好吧。就遵从你的判断。
65,ユーステス/尤斯缇斯,ベアトリクス。<br>姬塔。,贝阿朵丽丝，姬塔。
66,ベアトリクス/贝阿朵丽丝,ん？,嗯？
67,ユーステス/尤斯缇斯,第零拠点の治療室に<br>カシウスを案内しろ。<br>場所は今から伝える。,你们带卡西乌斯前往第零据点的治疗室，位置我现在告诉你们。
68,ルリア/露莉亚,そ、それじゃあ……！<br>カシウスさんのこと、<br>治療してもらえるんですね！？,那、那就是说……！可以治疗卡西乌斯了？
69,ベアトリクス/贝阿朵丽丝,あはは、よかったな！<br>カシウス！,啊哈哈，太好了呢卡西乌斯！
70,カシウス,ああ。,是啊。
71,ビィ/碧,やれやれ。<br>相変わらず素っ気ねぇな。<br>もっと喜んでもいいんだぜ？,哎呀哎呀，真的是冷漠的家伙呢。就不能再高兴点吗？
72,,<span class='scene-font-katari'>その後、一行はユーステスから</span><br><span class='scene-font-katari'>治療室の場所を聞き、そこへ</span><br><span class='scene-font-katari'>カシウスと共に向かった。</span>,<span class='scene-font-katari'>在尤斯缇斯传达了地址后，一行人和卡西乌斯前往治疗室。</span>
73,ユーステス/尤斯缇斯,…………,…………
74,,<span class='scene-font-katari'>その後ろ姿を、</span><br><span class='scene-font-katari'>ユーステスは訝しげに</span><br><span class='scene-font-katari'>睨み続けているのだった。</span>,<span class='scene-font-katari'>而尤斯缇斯依然半信半疑地凝视着他渐渐远去的背影。</span>
info,,,scene_evt181231_cp3_q2_s10
,,,