id,name,detail
npc,戴安莎,3040129000
special,沙滩偶像,奥义值UP(20%)/我方全体水属性角色特殊强化(攻击UP/二连击率UP)<span class=text-blue>◆可积累</span>
skill-1,夏日安可,我方全体二连击率UP(100%)
skill-2,登台演出,我方其他成员奥义伤害UP(9%，累积，最大3次)
skill-3,掌声不绝,我方全体获得高涨效果
support-1,海滩重演,高涨效果中有几率回避敌人所有的攻击
support-2,夏日歌舞巫女,伤害较低(-10%)，但不容易成为攻击目标
skill-lb,LB技能,我方全体受到的火属性伤害减少
,,