id,name,detail
npc,瓦姬拉,3040147000
special,金牙神然,水属性伤害(特大)/我方全体获得强化效果　★累积后效果UP
skill-1,大口真神,对敌方全体造成水属性伤害/削弱效果抗性DOWN(累積)
skill-2,犬牙相制,赋予敌方单体恐惧效果
skill-3,飞鹰走狗,<div class=prt-text-small>1回合发动2次攻击/与卡尔加纳一起战斗　<span class=text-blue>◆消耗30％奥义值</span></div>
support-1,犬神宮之主,奥义值的最大值增加
support-2,仁义八行,奥义连击时，根据连击数增加自身的奥义值
skill-lb,LB技能,卡尔加纳在场时，连击率UP
,,