id,name,text,trans
0-chapter_name,,第6話 大切な刻をとりもどすために,夺回重要之时
0-synopsis,,翌朝、アンは越界の門を封じるための魔法が完成したことを一同に説明する。しかし、その魔法には膨大な魔力が必要な上、詠唱中に集中せねばならない欠点があった。姬塔達はハンナ達と共に、封印の魔法の欠点を念頭においた作戦を考え始める。一行は作戦をまとめると、生徒達に作戦の内容を伝え、協力を仰ぐのだった。,清晨，安向众人说封印门的魔法已经完成。但是，要发动魔法不仅需要庞大的魔力支持，咏唱期间也不能分神。姬塔和汉娜两拨人以这两个要点为中心想了一个作战策略。向学生们传达计划、并寻求帮助。
1,,<span class='scene-font-katari'>翌朝アンは異界と繋がった越界の門を</span><br><span class='scene-font-katari'>封印するための魔法を習得したと</span><br><span class='scene-font-katari'>皆に説明する。</span>,清晨，安对大家说自己得到了封印门的魔法。
2,ビィ/碧,つまり、そいつを使えば<br>あの「門」を封印できるんだな！,也就是说、只要使用这个魔法，那个‘门’就会被封印是吧！
3,アン/安,うん。<br>ただこの魔法、急いで組んだから<br>結構デリケートな術式でね……,嗯。只是这个魔法、是匆忙之间组合起来的术式，挺复杂的.....
4,アン/安,だから……,所以......
5,ハンナ/汉娜,越界の門の封印以外に魔力は使えない。<br>そして詠唱中は誰にも邪魔されない<br>強い集中の場が必要。,施法对象只能是门一个，而且咏唱过程中不能受到干扰，需要高度集中。
6,ハンナ/汉娜,そういうことですわね？,没错吧？
7,アン/安,うん。<br>流石、ハンナちゃん！,嗯。真不愧是汉娜！
8,ミランダ/米兰达,そんな難しいことを一晩で<br>やっちゃうなんて……,这么复杂的东西竟然一晚上就弄出来了......
9,ミランダ/米兰达,やっぱりアンちゃんスゴ～イ☆,安果然很厉害啊☆
10,ジル/席尔,えぇ。才能もそうですが、<br>このマナリアを護りたいという<br>強い想い。それ故の賜物ですねぇ。,欸欸。也有才能的份，但是想要保护马纳利亚的强烈愿望，也是一大助力啊。
11,ハンナ/汉娜,……時計塔に張られた結界。<br>あれを破壊するには、グレアさんの<br>力が必要なんですわよね？,......张开在钟楼门口的结界。要破坏那个的话、 需要古蕾雅的力量吧？
12,グレア/古蕾雅,うん。,嗯。
13,ハンナ/汉娜,……そうなると作戦としては<br>ワタクシ達が<br>時計塔までみなさんを護衛……,...那么策略就是我们将你们护送到钟楼......
14,ハンナ/汉娜,その後、アンさん達と、<br>姬塔さん達が<br>時計塔の中へと突入し、門を封印……,之后、你们突破进入钟楼、将门封印......
15,ハンナ/汉娜,という作戦が一番良いでしょうか？,这是最好的了吧？
16,アン/安,うん。<br>私もそう思う。,嗯。我也这么想。
17,アン/安,でも……,但是......
18,,<span class='scene-font-katari'>そう言うとアンは、</span><br><span class='scene-font-katari'>姬塔達を</span><br><span class='scene-font-katari'>じっと見つめてくる。</span>,这么说着、安凝视着姬塔他们。
19,アン/安,あの、姬塔さん！<br>ルリアちゃん！　ビィくん！<br>イオちゃん！,唔...姬塔！露莉亚！碧！伊欧！
20,アン/安,お願いばかりして<br>本当にごめんなさい！,总是麻烦你们。很抱歉！
21,アン/安,でも、お願いします。<br>マナリアを護るために、<br>力を貸してください！,但是、拜托了。为了守护马纳利亚、请将力量借给我们！
22,ジル/席尔,見学にいらしていただいたのに<br>とんでもないことに巻き込んでしまい<br>大変申し訳ありません。,你们只是来参观的，却被卷入这样的麻烦，真是非常抱歉。
23,ジル/席尔,しかし、今この時マナリアに<br>いらしたのが貴方達で<br>本当に良かったと思っています。,但是、在这个时机，你们在马纳利亚真是帮大忙了。
24,ジル/席尔,恥を承知でお願い申し上げます。<br>どうかこの地を、マナリアを救うために<br>お力を貸していただきたい。,我这把老骨头也要拜托你们。请无论如何、借给我们拯救马纳利亚的力量吧。
25,ハンナ/汉娜,姬塔さん、<br>お願いいたしますわ。,姬塔、拜托了。
26,オーウェン/欧文,このオーウェンからも<br>お願いいたします。,我也要拜托你。
27,,<span class='scene-font-katari'>姬塔達に対し、</span><br><span class='scene-font-katari'>アン達は深く頭を下げる。</span>,面对着姬塔一行人、安他们深深地鞠了一躬。
27-sel1_txt,,<span class='scene-font-katari'>必ず門を封印しよう</span>,我们来把门封印上
27-sel2_txt,,<span class='scene-font-katari'>水臭い</span>,真见外
29,ビィ/碧,ああ！　<br>姬塔もオイラも<br>見捨てるなんてことはしねーぜ！,啊啊！姬塔和我都不会对你们见死不救的！
30,イオ/伊欧,ええ、そうよ！<br>ここまで来たら、<br>とことん付き合うわ！,欸欸、就是！既来之则安之，我们会陪你们到最后的！
31,アン/安,ありがとうございます！<br>姬塔さん！,多谢了！姬塔！
32,ハンナ/汉娜,ありがとうございます。<br>このご恩、絶対に忘れませんわ。,非常感谢。这个恩情、没齿难忘。
33,ハンナ/汉娜,それでは、生徒の皆さんにも<br>作戦を伝えましょう。<br>出来る限り協力を仰ぎませんと……,那么、向其他学生们也传达一下作战计划。哪怕只是微小的力量也很有帮助......
34,アン/安,みんなには私から言うよ。<br>ううん、私に言わせて。,我去说吧。不、请让我去说。。
35,ハンナ/汉娜,アンさん……<br>わかりましたわ。,安......我知道了。
40,,<span class='scene-font-katari'>アンは沢山の生徒達の前で</span><br><span class='scene-font-katari'>作戦内容を話し、協力を仰ぎながらも</span><br><span class='scene-font-katari'>疲弊した皆を鼓舞する。</span>,安站在众多的学生面前说着作战计划、一边请求帮助一边鼓舞着疲倦的众人。
41,,<span class='scene-font-katari'>アンの力強い言葉に励まされ</span><br><span class='scene-font-katari'>傷ついた生徒であっても不思議と</span><br><span class='scene-font-katari'>士気があがっていくのだった。</span>,受到安鼓舞的负伤的众人，不可思议地燃起了斗志。
42,グレア/古蕾雅,やっぱり……アンはすごいな。,安果然......很厉害。
43,ハンナ/汉娜,学院のカリスマ、ですもの。<br>ちょっと口惜しいですケド。,毕竟是这所学院的领袖。虽然有些不甘心。
44,オーウェン/欧文,姫様は将来多くの人々の上に<br>立たれるお方ですからな……<br>このオーウェン、感無量です。,因为公主是将来要立于众人之上的人......我感慨万分。
45,アン/安,みんなで力を合わせて<br>マナリアを取り返そう！,大家合力将马纳利亚夺回来！
46,男子生徒１,そうだ！<br>俺達でマナリアを取り返すんだ！,说的没错！我们把马纳利亚夺回来！
47,男子生徒２,そうだぜ！<br>マナリアの意地、見せてやろうぜ！,就是！让他们见识一下马纳利亚的意志！
48,女子生徒/女学生,アン先輩が頑張ってくれたんだもの。<br>私達ももっと頑張りましょう！,安前辈们已经努力了。我们也要更加努力才行！
49,ビィ/碧,昨日までの暗い雰囲気が<br>ウソみてぇだな！,昨日那阴沉的气氛就像是假的一样！
50,イオ/伊欧,そうね！,是啊！
51,イオ/伊欧,いよいよ反撃開始よ！,终于要开始反击了！
52,ルリア/露莉亚,グレアさん。<br>その力、みんなを護るために<br>もう一度使ってくれますか……？,古蕾雅。为了保护大家、能再一次使用那股力量吗......？
53,グレア/古蕾雅,うん……,嗯......
54,グレア/古蕾雅,<span class='scene-font-kokoro'>（この力は……</span><br><span class='scene-font-kokoro'>みんなを護るために使う）</span>,（这股力量是为了保护别人而使用）
55,グレア/古蕾雅,<span class='scene-font-kokoro'>（例え、この身が</span><br><span class='scene-font-kokoro'>どうなろうとも……）</span>,（就算拼上性命......）
56,ルリア/露莉亚,…………,......
58,,<span class='scene-font-katari'>士気高揚に沸く生徒達。</span>,士气高涨的学生们。
59,,<span class='scene-font-katari'>それを見て静かに決意を固めるグレア。</span>,看着他们暗暗定下决心的古蕾雅。
60,,<span class='scene-font-katari'>その姿を、ルリアは人知れず</span><br><span class='scene-font-katari'>曇った表情で見つめていた。</span>,没人看到露莉亚用阴郁的表情看着古蕾雅。
info,麻友桑的话筒,,scene_evt170831_cp6_q2_s10