id,en,jp,trans
0-chapter_name,,第6話 きずな繋いで！光を信じて！,第6話 连接羁绊！相信光明！
0-synopsis,,ポルン奪還の為、決戦の地へ向かう姬塔一行。帝国の研究施設を目指し、島の捜索をする一行だが、不自然なほどの静けさが漂う周囲に不気味さを覚える。ふと足を止めた姬塔は、周囲に帝国兵が潜んでいることを察知すると、気配の元へ蹴りを入れる。奇襲が見破られたポンメルンは、機械兵と共に姬塔達へ襲い掛かってくるのだった。,为了夺回保伦、向着决战之地前进的姬塔一行人。以帝国的研究设施为目标、一行人搜寻者岛屿、察觉到了不自然的安静飘扬在四周。突然停下脚步的姬塔、察觉到四周潜伏着帝国兵、踢向了气息的来源之处。奇袭被看穿的伯梅伦、与机械兵一起袭向了姬塔等人。
11,,…………,…………
12,,…………,…………
13,,<span class='scene-font-katari'>ポルン奪還のため、</span><br><span class='scene-font-katari'>決戦の地へと向かう</span><br><span class='scene-font-katari'>姬塔たち。</span>,<span class='scene-font-katari'>为了夺回保伦、</span><br><span class='scene-font-katari'>向着决战之地前进的</span><br><span class='scene-font-katari'>姬塔一行人。</span>
14,,あの白塗り野郎、<br>好き勝手やりやがって……<br>ただじゃおかねえからな……,那个一身白的混蛋、<br>就这么随意地向我们下手……<br>可不能轻饶了他……
15,,ポルンちゃん、<br>無事でいてください……,保伦酱、<br>一定要平安无事啊……
16,,姬塔も、<br>ルリアもビィも……<br>ポルンのためにありがとうミポ。,姬塔、<br>露莉亚还有阿碧……<br>谢谢你们这么关心保伦～米波。
17,,礼を言うのは、みんなでチビスケを<br>取り戻してからだぜ。,要谢的话、等大家把小鬼头<br>救回来之后再说吧。
18,,はい。できるだけ早く、<br>怖い思いも辛い思いも<br>すぐに忘れられるように……,是的。尽可能快地、<br>为了能马上忘记那些<br>可怕的痛苦的事情……
19,,みんな、すまないメポ。,大家、真是对不住～梅波。
20,,私、ポルンちゃんのことが<br>好きなんです。,我、喜欢<br>保伦酱。
21,,だって、あんなに素直で純真で……<br>とっても素敵じゃないですか。,因为、那样地率直纯真……<br>不是非常地美好吗。
22,,ああ。ガキンチョの癖に<br>ワガママも言わねえようなのって<br>たまにいるからな……,啊啊。明明是个小鬼头<br>却不会自我中心<br>是难得的好孩子哪……
23,,ポルンちゃんに苦しい思い出が残ったら<br>元気をなくしてしまうんじゃないかって<br>思うと、悲しくて……,保伦酱如果就此留下了痛苦的回忆<br>因此丢失了元气满满的样子<br>这样一想、就会非常悲伤……
24,,だからオイラたちも、<br>アイツを助けてやりてえんだ。,因此俺们、<br>也非常想救出那家伙啊。
25,,ありがとう、みんな……,谢谢、大家……
26,,<span class='scene-font-katari'>やがて、グランサイファーの進路上に</span><br><span class='scene-font-katari'>ひとつの島が現れる。</span>,<span class='scene-font-katari'>不久、格兰赛法前进的路上</span><br><span class='scene-font-katari'>出现了一座岛。</span>
27,,きっと、あの島に帝国の<br>実験施設があるはず……,那个岛上、一定有の<br>帝国的研究设施……
28,,あのあと、ヒゲが送り付けてきた<br>手紙にはそう書いてあったな。,那之后、胡子送来的<br>信上是这么写的呐。
29,,きっとあそこにポルンが……<br>いこう、ホワイト、姬塔さん！,保伦一定在那……<br>走吧、雪天使、姬塔！
30,,<span class='scene-font-katari'>グランサイファーは高度を下げ、</span><br><span class='scene-font-katari'>島に接岸する。</span>,<span class='scene-font-katari'>格兰赛法降下高度、</span><br><span class='scene-font-katari'>在岛上降落了。</span>
31,,<span class='scene-font-katari'>そして姬塔たちは</span><br><span class='scene-font-katari'>ポルン奪還のため</span><br><span class='scene-font-katari'>島の捜索をはじめるのだった。</span>,<span class='scene-font-katari'>于是姬塔等人</span><br><span class='scene-font-katari'>为了夺回保伦</span><br><span class='scene-font-katari'>开始了岛的搜索。</span>
36,,ここにチビスケが<br>捕まってるってんだな……,那个小鬼头<br>就被关在这附近……
37,,不自然なくらい静かメポ。,安静地不自然啊～梅波。
38,,ブラック、ホワイト、<br>気をつけてミポ。,黑天使、雪天使、<br>当心点～米波。
39,,帝国軍って、本当に<br>とんでもないことする連中ね。,帝国军、真是<br>干大坏事的家伙呢。
40,,ここでもどんなことをしてくるか……<br>皆さん、気をつけてくださいね。,到底会怎么攻过来……<br>大家、请多加小心。
41,,大丈夫よ、ルリアさん。<br>こんなやり方をするような人たちに……,别担心、露莉亚。<br>对于会做这种事情的家伙……
42,,……私たちは、ぜったい負けないから！,……我们、绝对不会输！
43,,<span class='scene-font-katari'>森の中を進む姬塔たち。</span><br><span class='scene-font-katari'>その静けさは、</span><br><span class='scene-font-katari'>かえって不気味に思える。</span>,<span class='scene-font-katari'>走进森林中的姬塔等人。</span><br><span class='scene-font-katari'>这份寂静、</span><br><span class='scene-font-katari'>更加怪异起来。</span>
47,,<span class='scene-font-katari'>やがて、</span><br><span class='scene-font-katari'>ふと姬塔は足を止めた。</span>,<span class='scene-font-katari'>随后、</span><br><span class='scene-font-katari'>突然间姬塔停下了脚步。</span>
48,,姬塔、どうしたミポ？,姬塔、怎么了～米波？
49,,先を急ぐメポ！,快注意前面～梅波！
50,,<span class='scene-font-katari'>鎧のベルトを調整するフリをしながら</span><br><span class='scene-font-katari'>周囲の茂みに目を凝らす姬塔。</span>,<span class='scene-font-katari'>一边装作调整盔甲的带子</span><br><span class='scene-font-katari'>姬塔将注意力集中到周围的草丛当中。</span>
51,,<span class='scene-font-katari'>草の臭いがする。踏まれたばかりの草が</span><br><span class='scene-font-katari'>たてる臭いだ。周囲に帝国兵が</span><br><span class='scene-font-katari'>潜んでいるのだろう。</span>,<span class='scene-font-katari'>草散发着腥臭。这是刚被踩踏过的草</span><br><span class='scene-font-katari'>才有的气味。想必四周潜伏了</span><br><span class='scene-font-katari'>帝国兵吧。</span>
52,,<span class='scene-font-katari'>ザケンナーの気配を感じ取れる</span><br><span class='scene-font-katari'>メップルたちの力に頼りすぎたらしい。</span><br><span class='scene-font-katari'>このままでは奇襲を受ける──</span>,<span class='scene-font-katari'>看来是太过于依靠能够感知</span><br><span class='scene-font-katari'>萨凯那气息的梅普鲁他们的力量了。</span><br><span class='scene-font-katari'>这样下去会遭到奇袭的──</span>
59,,<span class='scene-font-4'>ぐあっ！？</span>,<span class='scene-font-4'>咕啊！？</span>
61,,<span class='scene-font-katari'>先手必勝とばかりに</span><br><span class='scene-font-katari'>姬塔は駆け出し、</span><br><span class='scene-font-katari'>気配のした場所へと蹴りを見舞う。</span>,<span class='scene-font-katari'>想着先手致胜</span><br><span class='scene-font-katari'>姬塔飞奔而出、</span><br><span class='scene-font-katari'>冲着在意的地方飞踢出去。</span>
62,,姬塔さん！？,姬塔！？
63,,…………！<br>ブラック、あそこに！,…………！<br>黑天使、在那！
66,,……吾輩たちの奇襲を見抜くとは<br>相変わらず獣じみた嗅覚ですネェ……,……能看破我们的奇袭<br>还是老样子有野兽一般的嗅觉呢……
67,,この先へは行かせませんヨォ！<br>機械兵、奴らを倒しなさいネェ！,不会再让你们前进了！<br>机械兵、打倒这些家伙！
69,,────,────
70,,な、なにアレ！？,啥、那是啥玩意儿！？
71,,機械の兵隊……？,机械的兵队……？
72,,一難去ってまた一難だメポ！,一波未平一波又起～梅波！
73,,いくよホワイト！,上了雪天使！
74,,うん、ブラック！,嗯、黑天使！
info,,1,scene_evt181014_cp6_q1_s20
,,,