id,en,jp,trans
0-chapter_name,,第3話 みんなの船はみんなの仲間？,第3話 大家的船是大家的伙伴？
0-synopsis,,,为了对天空的世界兴趣满满的穗乃香、姬塔们决定带领她们参观船的动力室。在那里、从露莉亚和碧那里听到了关于和格兰赛法的邂逅、穗乃香说「仿佛船也有自己的心一样」。感受到姬塔们和格兰赛法强大的羁绊、穗乃香的心变得温暖了起来。
1,,ミップル?,米普鲁?
2,,メップル?,梅普鲁?
3,,……何やってんだアレ？,……在干什么啊他们？
4,,<span class='scene-font-katari'>並んで甲板をスキップして回る</span><br><span class='scene-font-katari'>メップルたちを見て</span><br><span class='scene-font-katari'>首を傾げるビィ。</span>,<span class='scene-font-katari'>看着并排在甲板上肌肤相亲的</span><br><span class='scene-font-katari'>梅普鲁们</span><br><span class='scene-font-katari'>碧歪了歪脑袋。</span>
5,,ふふふ……<br>今日もミップルとメップルは<br>ラブラブね……,呵呵呵……<br>今天的米普鲁和梅普鲁<br>也是相亲相爱呢……
6,,ふふ。ふたりで手をつないで、<br>とっても楽しそうです。,嘿嘿。两个人手牵着手、<br>非常开心的样子。
7,,まったく、<br>ちょっと危険が去ったと思えば<br>すーぐイチャイチャして。,真是的、<br>危险才刚刚过去<br>马上又黏黏糊糊的了。
8,,ほっといてほしいメポ！<br>メップルたちは雲海の上のデートを<br>楽しんでるんだメポ！,别管我梅普！<br>梅普鲁我们正在享受着<br>云海上的约会梅普！
9,,一面真っ白で<br>とてもきれいミポ～,一眼看去全是白色<br>非常漂亮米普～
10,,でも、雲の向こうの地面が<br>全然見えないわね！？,但是、云对面的地面<br>完全看不见呢！？
11,,その下は空の底だから<br>降りられるような場所はないぜ？,那下面是天空的尽头<br>没有可以下去的地方哦？
12,,空に底があるの？,天空有尽头的吗？
13,,オイラたちはそう呼んでるけど、<br>実際この下がどうなってんのかは<br>誰にもわかんねえんだ。,虽然我们是这么称呼的、<br>实际上这下面到底有什么东西<br>谁都不知道。
14,,不思議な世界ね。<br>私たちのいたところとは大違い！,真是不可思议的世界。<br>和我们所在的世界完全不一样！
15,,この船も大きな気嚢があるけど、<br>飛行船とは色々と違うみたいだし、<br>まさに別世界って感じね！,这艘船也是、虽然有大大的气囊<br>但是和飞空船有各种各样的地方不一样、<br>这就是正所谓的别的世界的感觉！
16,,うふふっ、<br>ホノカさん、興味津々ですね！,啊哈哈、<br>穗乃香兴趣十足的样子呢！
17,,そんなに気になるなら、<br>艇の中を見て回るか？<br>いいだろ、姬塔？,那么在意的话、<br>要在船里面到处转转看吗？<br>可以吧、姬塔？
17-sel1_txt,,<span class='scene-font-katari'>いいよ！</span>,<span class='scene-font-katari'>可以啊！</span>
17-sel2_txt,,<span class='scene-font-katari'>どうしようかな？</span>,<span class='scene-font-katari'>要怎么办呢？</span>
18,,わぁ～！<br>ありがとうございます、<br>姬塔さん！,哇～！<br>谢谢你、<br>姬塔！
19,,私も行っていい？,我也跟过去可以吗？
20,,おうよ！<br>みんなまとめて案内するぜ！,哦！<br>我来给大家一起带路！
21,,あ……そうですよね……<br>飛んでる真っ最中だし、<br>急に言われても迷惑かも……,啊……也是呢……<br>在飞的途中、<br>突然这样说会造成困扰的吧……
22,,もう、姬塔！<br>どうしてそういうイジワル<br>言うんですか？,真是的、姬塔！<br>为什么要说这种<br>坏心眼的话啊？
23,,うーん、姬塔、<br>たまにこういうとこあるんだよな……,呼、姬塔、<br>偶尔也会有这样的一面的……
24,,姬塔さんって<br>真面目そうに見えて<br>案外お茶目なんだね。,姬塔<br>虽然看上去很认真<br>但是意外的淘气呢。
25,,新しい団員が来た時も<br>いつも案内して回ってんだ。<br>だから嬢ちゃんたちも見て問題ないぜ！,新的团员来的时候<br>一直都带领着到处看的。<br>所以你们到处看看也没关系的！
26,,わぁ～、ありがとう！,哇～、谢谢！
27,,探検ポポ！　探検ポポ～！,探险波波！　探险波波～！
28,,団員の人たちの邪魔にならないように、<br>大人しくしてるんだよ。,别给团员们添麻烦、<br>老实点哦。
29,,ひと通り案内するつもりだけどよ、<br>気になってる場所はあるか？,虽然是准备大体上全部带路参观一遍、<br>有什么特别在意的地方吗？
30,,そうね……<br>やっぱり気になるのは<br>あそこかしら？,这个嘛……<br>说到在意的地方<br>果然还是那里吧？
36,,<span class='scene-font-katari'>ほのかが行きたいと言った場所は</span><br><span class='scene-font-katari'>艇の動力室だった。</span>,<span class='scene-font-katari'>穗乃香所说的想去的地方是</span><br><span class='scene-font-katari'>船的动力室。</span>
37,,あんまり奥に行くと危ねえけど、<br>ちょっと入って見る分にはいいぜ。,虽然太过深入会有危险、<br>不过稍微进去点看看的话没关系哦。
38,,すご～い！<br>ここで船を動かしているのね！,好厉～害！<br>是这里让船动起来的吧！
39,,これがエンジン？<br>どんな構造をしてるのかしら？,这个是引擎？<br>是什么样的构造呢？
40,,ポポ～、ポポ～！,波波～、波波～！
41,,ポルン！<br>危ないから<br>あんまり近付いちゃダメだよ～！,保伦！<br>很危险的<br>别太靠近哟～！
42,,しかし、技師とかじゃねえのに、<br>操舵室じゃなくて動力室が見たいって<br>ちょっと珍しいな。,可是、又不是技师什么的、<br>想看的不是操纵室而是动力室还真是少见啊。
43,,ほのかはね、<br>ちょっとでも疑問を持ったら──,穗乃香她啊、<br>只要是稍微有点疑问──
44,,どんなに難しいことでも<br>ちゃんと調べて知ろうとするんだ。<br>偉いなって思う。,不管多么困难的事情<br>都会好好调查想要知道原理。<br>我觉得很了不起。
45,,調理場が見たいって言った<br>食いしん坊のなぎさとは大違いメポ！,和说想看厨房的<br>贪吃鬼渚完全不一样梅普！
46,,失礼ね！<br>私はただ、どんな料理があるのか<br>気になっただけですぅ～！,真是没礼貌！<br>我只是在意有什么样的<br>料理而已～！
47,,初めて来た場所の料理って<br>気になりますもんね！,第一次到的地方的料理<br>当然会在意嘛！
48,,そうそう！<br>おいしいものは<br>たっくさん食べたいもん！,对对！<br>想要吃好多<br>好吃的东西！
49,,ねえ、このエンジンは<br>何を燃料にして動いているの？,呐、这个引擎是<br>把什么作为燃料动起来的呢？
50,,えっと……<br>魔力は少し<br>使ってるみたいですけど……,那个……<br>魔力的话<br>稍微用了一点的样子……
51,,騎空艇は<span class='scene-font-spword'>星の民</span>の技術で動いてるから、<br>オイラたちにもどうやって飛んでんのか<br>よくわかんねえんだ。,骑空艇是靠着<span class='scene-font-spword'>星之民</span>的技术动起来的、<br>到底是怎么飞起来的<br>我们也不是很明白。
52,,<span class='scene-font-katari'>姬塔はこの世界には</span><br><span class='scene-font-spword'>星の民</span><span class='scene-font-katari'>という高度な技術を持った</span><br><span class='scene-font-katari'>人たちがいるのだと説明する。</span>,<span class='scene-font-katari'>姬塔向两人说明了在这个世界有着叫</span><br><span class='scene-font-spword'>星之民</span><span class='scene-font-katari'>的持有着高度发达的技术的人</span><br><span class='scene-font-katari'>的事情。</span>
53,,よくわからないのに<br>使いこなせてるって<br>ある意味すごいよね。,明明不是很明白<br>却能使用到这个地步<br>某种意义上来说真厉害啊。
54,,不思議なことが多いんです。<br>今は普通に飛べてますけど……,不可思议的事情很多。<br>虽然现在很普通的在飞着……
55,,私たちが出会う前は<br>ずっと飛べなかったみたいなんです。<br>故障とか異常はなかったのに。,在我们邂逅之前<br>好像一直飞不起来的样子。<br>明明没有什么故障和异常的。
56,,まるでずっと整備してきた<br>ラカムの心を<br>感じ取ったみたいだったよな。,仿佛感受到了<br>一直整备着骑空艇的<br>拉卡姆的心一样。
57,,一度は飛ぶことをあきらめたラカムが<br>飛べるって信じて舵を握った途端、<br>飛べるようになったんだ。,曾经放弃了飞翔的拉卡姆<br>再一次相信着能够飞起来并紧握着船舵的时候、<br>突然变得更够飞了。
58,,まるで、グランサイファーが<br>信じてもらえたことを<br>喜んでるみたいでした！,仿佛、格兰赛法她<br>对于被信任这件事<br>感到开心一样！
59,,へぇ～<br>なんか、まるでグランサイファーにも<br>心があるみたいだね。,诶～<br>总觉得、仿佛格兰赛法<br>也有心一样呢。
60,,昔から、よく物を大切にすると<br>魂が宿るって言うじゃない。この船にも<br>魂のような物があるんじゃないかしら？,从以前开始、不是就有对物品认真对待的话<br>就会有灵魂凭依的说法吗。这艘船<br>是不是也有向灵魂一样的东西呢？
61,,私もそうなんじゃないかって思います！<br>耳を澄ませても、<br>声は聞こえないけど……,我也在想是不是这样！<br>虽然就算认真听、<br>也听不到声音……
62,,グランサイファーは<br>私たちの大切な仲間です！<br>だから、大好きなんです！,格兰赛法她<br>是我们重要的伙伴！<br>所以、最喜欢她了！
63,,きっとグランサイファーも<br>私たちが大好きなんじゃないかって……<br>えへへ、そう思います！,格兰赛法她也一定<br>最喜欢我们了……<br>诶嘿嘿、我是这么想的！
64,,ね、姬塔？,对吧、姬塔？
65,,<span class='scene-font-katari'>姬塔は強くうなずき、</span><br><span class='scene-font-katari'>「グランサイファーのいない旅は嫌！」</span><br><span class='scene-font-katari'>とキッパリと言う。</span>,<span class='scene-font-katari'>姬塔用力的点了点头、</span><br><span class='scene-font-katari'>「没有格兰赛法的旅行才不要！」</span><br><span class='scene-font-katari'>的明确的说出了这样的话。</span>
66,,みんなに愛されて、幸せな船だね。,真是被大家所爱的、幸福的船呢。
67,,ええ、ホントね。,嗯、真的呢。
68,,<span class='scene-font-katari'>姬塔たちとグランサイファーの</span><br><span class='scene-font-katari'>深い絆に触れ、なぎさとほのかの</span><br><span class='scene-font-katari'>心はほっこり温まっていく。</span>,<span class='scene-font-katari'>感受到姬塔们和格兰赛法的</span><br><span class='scene-font-katari'>深深的羁绊、渚和穗乃香的</span><br><span class='scene-font-katari'>心变得温暖了起来。</span>
info,,1,scene_evt181014_cp3_q2_s10
,,,