id,name,detail
npc,木之本樱,3040136000
special,『风』,赋予敌方单体戒律之锁效果/二连击率100%DOWN/除自身外的我方成员奥义值10%UP
skill-1,『跳』,回避敌方所有攻击
skill-2,『水』,对敌方全体造成3.5~4倍水属性伤害/攻防DOWN(累积)
skill-2+,『水』,对敌方全体造成3.5~4倍水属性伤害/攻防10%DOWN(累积，最大30%)
skill-3,『雷』,对敌方全体造成3~3.5倍光属性伤害/我方全体光属性攻击20%UP
skill-4,『花』,我方全体获得随机强化效果
support-1,魔卡少女,使用技能时奥义值30%UP
support-2,绝对会没事的,不进行普攻，但自身HP越多，我方全体攻击越高
skill-lb,LB技能,对负面效果「技能封印」抗性UP
,,
,,