id,name,detail
npc,泽塔,3040112000
special,日珥之枪,暗属性伤害(特大)/提高自身暗属性攻击力UP
skill-1,闪耀之星,对敌方单体造成暗属性伤害/我方全体受到的光属性伤害降低
skill-2,无尽奇观,对敌方全体造成灼热效果/暗属性防御DOWN
skill-3,漆黑印记,<div class=prt-text-small>效果中必定三连击<br><span class=text-blue>◆消耗30％奥义值</span></div>
support-1,阿贝斯之枪,敌人处于灼烧状态时，普攻与奥义追加伤害
skill-lb,LB技能,灼烧状态的敌人对我方全体的伤害降低
,,