id,name,detail
npc,刻耳柏洛斯,3040016000
special,三重天罚,暗属性伤害(特大)/自身TA率UP
skill-1,吸收,对敌方单体造成3次暗属性伤害/恢复自身HP
skill-2,幻灭,对敌方单体造成3次暗属性伤害/削弱效果抗性DOWN
skill-3,三重陷阱,赋予敌方单体魅惑/盲暗/灼烧效果
support-1,阴间天堂,三连击率UP/三连击时，使敌人对削弱效果的抗性DOWN(累积)
skill-lb,LB技能,未发动连击时，对敌人造成额外暗属性伤害(2次)
,,