id,name,detail
npc,巴萨拉卡,3040146000
special,狂怒,土属性伤害(特大)/下一次发动技能「恐怖之军」时，性能UP
skill-1,煅魂,自身性能大幅UP　<span class=text-blue>◆消耗100%奥义值</span>
skill-2,恐怖之军,自身HP越少，对敌人造成越高的伤害/自身奥义值UP
skill-3,死之迎接,我方全体奥义值UP
support-1,无痛觉肉体,技能「煅魂」效果中攻击性能UP/减轻伤害/普攻攻击所有敌人/免疫削弱效果/敌对心UP
skill-lb,LB技能,受伤时有极小概率反击
,,