id,name,detail
npc,莉夏,3040101000
special,暮光之剑,风属性伤害(特大)/消去敌方全体1个强化效果
skill-1,音速爆破,对敌方单体造成3~16倍风属性伤害/自身HP越少，攻击越高 <span class=text-blue>◆自身HP越少，伤害越高</span>
skill-2,紧急治疗,回复我方单体HP/净化1个负面效果/若该成员处于濒死状态，赋予屏障效果(1000)
skill-3,勇者指令,发出号令/再使用时解除/根据解除的号令发动相应效果
support-1,秩序骑空团代理团长,每回合开始时，有几率净化自身1个负面效果
skill-lb,LB技能,发出号令后，回合结束时号令Lv有极小概率上升
intro,,
,,