id,name,detail
npc,卡里奥斯特罗,3040062000
special,大炼金术,暗属性伤害(特大)/自身技能使用间隔缩短1回合
skill-1,瓦解,对敌方全体造成暗属性伤害/防御DOWN(累积，10%，最大30%)
skill-1+,瓦解,对敌方全体造成2~3倍暗属性伤害/防御DOWN(累积，10%，最大30%)
skill-2,幻灯,净化自身1个负面效果/特殊强化(攻防UP/连击率UP)
skill-2+,幻灯,净化我方全体1个负面效果/特殊强化(攻防20%UP/二连击率10%UP/三连击率5%UP)
skill-3,强化,回复我方全体HP
support-1,要捣蛋咯☆,暴击率10%UP，暴击伤害30%UP
skill-lb,LB技能,普攻时，自身技能使用间隔有极小概率缩短1回合
,,