id,name,detail
npc,Joker,3040173000
special,総攻撃,暗属性伤害（特大）/附加随机效果 <span class=text-blue>◆敌方HP越少，奥义伤害越高</span>
skill-1,エイハ,对敌方单体造成4倍暗属性伤害
skill-2,スクン,敌方单体负面效果抗性DOWN（20%）/所有攻击行动几率miss（50%~60%）
skill-3,トカチェフ,5次攻击，目标随机（消耗1子弹）/奥义值30%UP <span class=text-blue>◆战斗开始时，子弹数为3，不可回复</span>
skill-4,夢見針,对敌方单体造成2倍暗属性伤害/昏睡效果
support-1,逆境の覚悟,对OD状态的敌人暴击率UP
support-2,1MORE,对光属性敌人使用技能1时，可即时使用第二次
skill-lb,LB技能,对昏睡状态的敌人必定暴击
intro,,