id,name,detail
npc,娜尔梅亚,3040089000
special,无为自然,水属性伤害（特大）/自身幻影效果（2次）
skill-1,蝴蝶刃,追加敌方弱点属性伤害/自身防御20%DOWN <span class=text-blue>◆每次使用时性能UP</span>
skill-2,卧薪尝胆,消去敌方单体1个强化效果/连击率UP <span class=text-blue>◆每次使用时性能UP</span>
skill-3,精神一到何事不成,自身攻击大幅UP（仅限敌方Break状态/1次）/暴击率UP<span class=text-blue>◆每次使用时性能UP</span>
support-1,源氏舞·泡沫谣,奥义发动是攻击UP（累积，最大5次）
support-2,神乐舞·梦幻谣,使用技能时回避率UP（累积，最大10次）
skill-lb,LB技能,使用技能后有极小概率能够即时再次使用技能
,,