id,name,detail
npc,聂查瓦尔比利,3040003000
special,碎日之击,风属性伤害（特大）/奥义值20%UP
special+,碎日之击,风属性伤害（特大）/奥义值20%UP/20%风属性追伤
skill-1,霸装式,自身攻击30%UP/防御20%DOWN
skill-1+,霸装式,自身攻击35%UP/防御20%DOWN
skill-1++,霸装式,自身攻击45%UP/免疫负面效果
skill-2,一伐式,自身攻击大幅UP（仅对Break状态的敌人）
skill-3,烈飞式,自身连击率UP（二连击率60%/三连击率20%UP）
skill-3+,烈飞式,自身连击率UP（必定二连击/三连击率20%UP）
support-1,双翼的王者,攻击5%UP
support-2,伟大之翼,我方全体三连击率3%UP
skill-lb,LB技能,对负面效果「盲暗」抗性UP
,,