id,name,detail
npc,佩特拉,3040047000
special,四大元素,风属性伤害(特大)/风属性角色暴击率UP
skill-1,幻影,我方单体获得幻影效果(2次)
skill-2,天象,对敌方全体造成火·水·土·风属性伤害/风属性防御DOWN
skill-3,元素之息,我方全体火·水·土·风属性攻击UP
support-1,风止,获得幻影效果的同伴风属性攻击力UP/我方全体获得再生效果
skill-lb,LB技能,火·水·土属性攻击UP效果可视为风属性攻击UP效果
active,1,
,,