id,name,detail
npc,翼,3040180000
special,烈弩绯威斗・红罗狩,火属性伤害(特大)/我方全体火属性攻击25%UP
skill-1,"对决的""瞬间""",对敌方单体造成4倍火属性伤害/恐怖效果
skill-2,"""干架""时间",<div class=prt-text-small>敌方单体最大计数点增加1/成功后奥义值30%UP/奥义伤害30%UP(1次)/奥义上限10%UP</div>
skill-3,特攻,我方全体必定二连击/三连击率20%UP<span class=text-blue>◆消耗20%奥义值</span>
support-1,"""烈弩宇威愚""的疾风",使用强化技能时加速(最大5速)<span class=text-blue>◆档数越高回避率越高/奥义值上升量UP(最大60%)</span>
support-2,"咱们是""伙伴""",对恐怖状态的敌人，我方全体追加火属性追击效果(10%)
skill-lb,LB技能,