id,en,jp,trans
0-chapter_name,,第4話 ふたりの過去,第4话 两人的过去
0-synopsis,,散歩の最中、アーサーとモルドレッドはヴェインと話す中で、孤児院にいた頃の思い出を語る。感極まったヴェインは思わず、最初に出会った飲食店でふたりが食い逃げをしようとしていたことに気づいていたことを話してしまう。アーサーとモルドレッドは、「もう二度と悪事を働かない」という誓いの指切りをヴェインと交わすのだった。,散步中，亚瑟和莫德雷德向维恩说起在孤儿院时的回忆。感动中的维恩不小心说出发现他们在饭店打算逃单的事，亚瑟和莫德雷德发誓「不再做坏事」。
1,,<span class='scene-font-katari'>山道を散歩しているヴェインと</span><br><span class='scene-font-katari'>アーサーとモルドレッド。</span>,<span class='scene-font-katari'>在山道上散步的</span><br><span class='scene-font-katari'>维恩、亚瑟、莫德雷德。</span>
2,,なんで急に散歩なんですか？,为什么突然要散步啊？
3,,昔、嫌なことがあった時とかさ、<br>よくランちゃんと一緒に<br>こうやって散歩したんだ。,我从以前开始，<br>一旦有什么烦心事就会<br>和兰酱一起散步。
4,,あ！　ランちゃんてのは<br>ランスロット団長のことな！,啊，兰酱就是说<br>兰斯洛特团长。
5,,ぷっ……<br>今更ランスロット団長って……,哈……你现在才叫<br>兰斯洛特团长啊……
6,,ランスロット団長呼び、<br>はじめて聞きました！,还是第一次听您叫<br>兰斯洛特团长呢！
7,,あっれ、そうだったか？　<br>呼び慣れ過ぎてて、つい、な。,啊嘞，是这样吗？<br>平时叫惯了都没注意到呢……
8,,ヴェイン班長と<br>ランスロット団長って<br>ホント仲いいですよねー？,维恩班长和<br>兰斯洛特团长<br>的关系很好啊？
9,,なにせ俺とランちゃんは<br>幼馴染だからなぁ！<br>一緒に居た時間も長いんだ。,毕竟我和兰酱是发小嘛，<br>住在一起的时间也很长。
10,,へぇ～！<br>じゃあさ……,诶~！<br>那不就……
11,,うん！<br>俺達と一緒なんですね！,嗯！<br>和我们一样！
12,,ああ、だからお前らを見てると<br>なーんか懐かしくなってな……,啊啊，所以我看到你们<br>就感觉很怀念……
13,,実はさ……あの時の面接の後、<br>俺がランちゃんにお前達の<br>班長をやりたいっていったんだ。,其实啊……<br>那次面试结束后，<br>我和兰酱说想做你们的班长。
14,,ええっ！<br>そうだったんですね！,诶诶！<br>这样吗！
15,,あの……班長がオレらを<br>気にかけてくれるのは<br>嬉しいんですけど……,那个，班长你关心<br>我们倒是很让人开心……
16,,ヘンリーに何か言われたのか？,你们被亨利说了些<br>不好的话吗？
17,,んーー……,嗯ーー……
18,,まぁ……そうです。<br>しょうもないことですけど。,是啊……<br>不过都是些无聊的话。
19,,……むぅ。<br>気にするなって言われても、<br>そればっかりは仕方ないな。,唔……<br>虽然我很在意，<br>但这种事也没办法。
20,,え？,诶？
21,,だって俺はお前らの班長だから、<br>気に掛けるのは仕方ないだろ？<br>それにヘンリーにも班長がついてる。,因为我是你们的班长嘛，<br>关照你们是应该的啊？<br>而且亨利自己也有班长。
22,,そのかわり、ランちゃんは<br>どこの班にも所属してないから、<br>全員を平等に見てるはずだぞ。,不过兰酱没有负责任何班级，<br>对你们可都是一视同仁的哦。
23,,だから、お前らが<br>余計な心配すんな。,所以，<br>你们不用多想。
24,,まぁそうだな、アレだ。<br>ヘンリーが俺のファンで<br>嫉妬してるとか？,哦，是不是这么回事啊，<br>比如亨利是我的粉丝，<br>所以嫉妒你们什么的。
25,,あははっ！<br>案外そうだったりするのかも！,啊哈哈！<br>可能真的是呢！
26,,ありがとうございます……,谢谢……
27,,わはははっ！<br>礼なんかいいから<br>のびのび頑張ってくれ！,哇哈哈哈！<br>不用谢我，<br>你们还是好好努力吧！
28,,<span class='scene-font-katari'>豪快に笑うヴェインは、</span><br><span class='scene-font-katari'>二人の背を優しく叩く。</span>,<span class='scene-font-katari'>维恩爽快地笑着，</span><br><span class='scene-font-katari'>温柔地拍着两人的背。</span>
29,,ふたりは……孤児院で育ったんだよな。<br>幼馴染ってことは、一緒に苦労も<br>わかちあってきたんじゃないか？,你们两个是在孤儿院一起<br>长大的发小来着？发小啊，<br>也就是一起吃过很多苦吧？
30,,苦労ですか……<br>まぁ、そうですね。,吃苦……<br>是吧。
31,,そうだなぁ。<br>色々あったよなぁ。,是啊，<br>发生过很多事。
37,,おらよっ！,看招！
38,,ぐあっ！,啊！
40,,ぎゃははは！　クソ餓鬼が！<br>孤児の分際で俺にたてつくから<br>こうなるんだよ！,哈哈哈哈！臭小子，<br>区区一个孤儿还敢反抗老子！
41,,オレ達の金を……返せ……<br>それは今日の晩飯代だ……,把钱……还给我们！<br>那是我们今天的晚饭钱……
42,,うるせえボケが！<br>テメェらが飢え死にしようが知るかよ！,闭嘴！<br>谁管你们死活！
43,,やめろ！<br>モルドレッドを離せ！,快住手！<br>放开莫德雷德！
44,,邪魔だクソ餓鬼……<br>汚ねぇ手で俺に触るなっ！,真烦啊臭小子……<br>别拿你的脏手碰老子！
45,,ぐっ……,呃……
46,,アーサー！<br>オマエは下がってろって<br>言っただろ！,亚瑟！<br>不是让你躲在一边吗！
47,,嫌だ……！<br>俺はどかない！,不行……！<br>我不能就这么看着！
48,,チッ……<br>なんだこのクソ餓鬼は、<br>あーあ、白けたから帰るわ。,切……怎么回事啊这个臭小子，<br>啊啊，真扫兴，走了。
49,,次もまた金持って来いよ？<br>逃げたらぶっ殺すからな？,下次也要带钱过来哦，<br>要是敢躲开我一定宰了你们！
51,,モルドレッド！<br>大丈夫か！,莫德雷德！<br>你没事吧！
52,,……ちくしょう。<br>あんなカス野郎ごときに<br>情けない……,可恶……<br>竟然被那种垃圾……<br>我不甘心……
53,,シスターに相談しよう！,我们去和修女说吧！
54,,ダメだ……<br>院のみんなに迷惑は<br>かけられない……,不行……<br>不能给院里添麻烦……
55,,でも……,但是……
56,,大丈夫だ……<br>オレがなんとかする。,没事……<br>我会想办法的。
57,,……わかった。<br>俺も協力する。,知道了……<br>那我也一起。
58,,ダメだ……,不行……
59,,なんでだよ！,为什么啊！
60,,……オレがもっと強くなって<br>あんな奴ぶっ飛ばしてやるから。,我想变强……<br>然后去教训那些家伙！
61,,だったら俺も一緒に強くなる！,那我也要和你一起变强！
62,,オマエは泣き虫だからダメだ。,你这爱哭鬼不行。
63,,もう泣かないもん！,那我不哭了！
64,,あーもうわかったわかった……<br>わかったから好きにしろ……,真是的……<br>知道了知道了，<br>随便你吧！
65,,へへっ！　約束だよ！<br>一緒に強くなるんだよ！,嘿嘿！约定好了哦！<br>我们一起变强！
66,,はぁ……オマエって<br>ホント変なとこ頑固だよな。,哈……你还真是在奇怪<br>的地方固执的不行。
67,,<span class='scene-font-katari'>傷つき薄汚れた顔のアーサーと</span><br><span class='scene-font-katari'>モルドレッドは、ふたりして</span><br><span class='scene-font-katari'>地面に寝転んだ。</span>,<span class='scene-font-katari'>带着伤满脸脏污的亚瑟</span><br><span class='scene-font-katari'>和莫德雷德躺在地上。</span>
68,,なぁアーサー……,我说，亚瑟……
69,,……え？,诶……？
70,,オレ達が孤児なのは、<br>オレ達のせいなのか？,我们两个成为孤儿，<br>是我们自己的错吗？
71,,それは……,那个……
72,,オレはこんなところを<br>抜け出して王都に行く……,我想离开这里，<br>去王都……
73,,王都かぁ……,王都啊……
74,,アーサー、オマエも一緒に来るか？,亚瑟，你要不要一起？
75,,ああ、俺も一緒に行く！,啊啊！我也一起去！
80,,<span class='scene-font-katari'>二人の話を聞いた</span><br><span class='scene-font-katari'>ヴェインは、大きな肩を</span><br><span class='scene-font-katari'>震わせながら二人を抱きしめる。</span>,<span class='scene-font-katari'>听完两人的话后，</span><br><span class='scene-font-katari'>维恩张开双臂把两人抱住。</span>
81,,うぅ……,呜呜……
82,,<span class='scene-font-4'>うぉーっ！</span><br>色々と大変だったなぁ！,<span class='scene-font-4'>呜哦！</span><br>你们真是太惨了！
83,,く……苦しいです……,呃……好难受！
84,,も……もう大丈夫ですって！<br>だから泣かないでください！,现……现在已经没事了，<br>所以别哭啦。
85,,うぅ……そうか……<br>急に抱き着いて悪かったな！,呜呜……是吗……<br>突然抱住你们真是抱歉啊！
87,,でも……<br>いくらひもじいからって<br>食い逃げはしちゃダメだぞ！,但是……<br>不管怎样吃饭不给钱<br>可是不行的哦！
88,,あっ！<br>えっ？<br>えっ？,啊！<br>诶？<br>诶？
89,,ど、どういうことですか？,什，什么意思？
90,,あの……ヴェイン班長？,那个……维恩班长？
91,,えっと……<br>今のはだな……,那个啊……<br>刚刚那个啊……
92,,<span class='scene-font-katari'>ヴェインはランスロットとの話の</span><br><span class='scene-font-katari'>一部始終を打ち明けるのだった。</span>,<span class='scene-font-katari'>维恩把兰斯洛特</span><br><span class='scene-font-katari'>的话说给了两人听。</span>
97,,ランスロット団長に<br>バレてたのかよ……,竟然被兰斯洛特团长<br>看穿了啊……
98,,ランスロット団長ってすげー！,兰斯洛特团长好厉害啊！
99,,バカッ、そういうことじゃねーだろ。<br>これでもうオレ達が合格する見込みは<br>無くなったんだよ……,笨蛋，重点不是这个吧！<br>这样一来我们岂不是<br>不能通过试验了吗……
100,,えっ……そうなの？,诶……是这样吗？
101,,犯罪を犯すような輩を<br>騎士団に入れるわけねーだろが？,犯过罪的人怎么可能<br>进骑士团啊？
102,,おいおい、ちょっと待て！<br>勝手に話を進めるな！,喂喂，等一下！<br>别妄自那么理解啊！
103,,……確かにお前達がやったことは<br>どんな理由があれ絶対に<br>許されないことだ。,无论因为什么原因，<br>你们做的事确实不能原谅……
104,,だが、この件に関しては、お前達が<br>今後二度と悪事を働かないと誓うなら<br>考えてもいいと俺は思っている。,但是我觉得，<br>你们发誓以后再也不做这种<br>事还是可以挽回的。
105,,どうだ……？<br>お前達は、もう悪いことはしないな？,怎么样……？<br>你们两个不会再做<br>坏事了吧？
106,,はい……,是……
107,,よし……じゃあ<br>俺と指切りだ。,好，那就和我勾手指吧！
108,,<span class='scene-font-katari'>アーサーとモルドレッド、</span><br><span class='scene-font-katari'>そしてヴェインの三人は</span><br><span class='scene-font-katari'>固く指切りを交わす。</span>,<span class='scene-font-katari'>亚瑟、莫德雷德、维恩</span><br><span class='scene-font-katari'>三人互相勾了手指。</span>
109,,よし、んじゃこの試験が終わったら<br>お前らが迷惑かけた人のところに<br>俺が一緒に謝りに行ってやる！,好啦，等这次试验结束了，<br>我们一起去向曾被你们<br>困扰过的大人道歉！
110,,えーっ！　いいの！<br>えーっ！　やだよ！,诶诶，可以吗？<br>诶诶，不要啊！
111,,はい決まりな！<br>お前ら全部思い出しとけよ！,就这么说定啦！<br>你们好好想想都有谁！
112,,おいおいウソだろ……,喂喂真的假的……
113,,モルドレッド！<br>頑張って思い出そう？,莫德雷德！<br>我们一起加油回忆吧！
114,,<span class='scene-font-katari'>こうして、</span><br><span class='scene-font-katari'>モルドレッドとアーサーは</span><br><span class='scene-font-katari'>二度と悪事を働かないと誓う。</span>,<span class='scene-font-katari'>就这样，</span><br><span class='scene-font-katari'>莫德雷德和亚瑟发誓</span><br><span class='scene-font-katari'>再也不会做坏事。</span>
115,,<span class='scene-font-katari'>夜道を歩く三人は、</span><br><span class='scene-font-katari'>少しずつお互いの事を</span><br><span class='scene-font-katari'>分かりあっていくのだった。</span>,<span class='scene-font-katari'>在夜道中行走着的三人，</span><br><span class='scene-font-katari'>一点点地相互了解。</span>
info,,1,scene_evt171130_cp4_q2_s10