id,name,detail
npc,卡里奥斯特罗,3040120000
special,炼金大成,暗属性伤害(特大)/自身技能使用间隔缩短1回合
skill-1,奥秘演化,暗属性角色暴击率UP(50%几率造成1.4倍伤害)/我方全体攻防20%UP  <span class=text-blue>◆消耗10%奥义值</span>
skill-2,铜蛇,我方全体获得再生效果/暗属性攻击UP(20%)
skill-2+,铜蛇,我方全体获得再生效果/暗属性攻击UP(25%)
skill-3,核合成,对敌方单体造成3.5倍暗属性伤害/我方全体回复上限UP(1000)
support-1,自愈,受伤时有极小概率回复全部HP
skill-lb,LB技能,使用奥义使回复我方全体HP
active,1,
,,