id,name,detail
npc,克里斯提娜,3040018000
special,女皇的惩戒,风属性伤害(特大)
skill-1,第二张牌,对敌方单体造成2次1.2倍风属性伤害/负面效果抗性DOWN(10%)
skill-1+,第二张牌,对敌方单体造成2次1.8倍风属性伤害/负面效果抗性DOWN(10%)
skill-2,头奖预兆,对敌方单体造成风属性伤害/掉落率UP(2层)
skill-3,天堂阶梯,回复我方全体HP(1500)/净化1个负面效果/奥义值UP(10%)
support-1,赌场女王,我方全体攻击UP(5%)
skill-lb,LB技能,普攻有极小概率赋予敌人掉落UP效果
active,1,
,,