id,en,jp,trans
0-chapter_name,,第112章　父の足跡,第112章父亲的足迹
0-synopsis,,福音の民を退け、改めて境界の民に姬塔の父親が境界を抜け出した方法を聞く姬塔達。シトリによれば、「神火」と呼ばれる火山の噴火を利用し、その爆風で空の世界まで戻るという危険な手段をとったのだという。一行も同じく「神火」を利用して空の世界に戻ろうと決意し、境界の民も、姬塔の父親への恩返しにと協力を約束してくれるのだった。,击退福音之民后，姬塔她们再次向境界之民询问姬塔的父亲是如何离开境界的。根据志鸟所说，他利用被称为“神火”的火山喷发，借着爆风回到了空之世界。众人也决定同样利用“神火”回到空之世界，境界之民因受恩于姬塔的父亲，约定协助众人。
4,,はぁ……はぁ……,哈啊......哈啊......
5,,どうする、まだ続けるか？,怎么样，还要继续打吗？
6,,くそ……<br>さすがは<span class='scene-font-spword'>“特異点”</span>の一味<br>といったところか……,可恶......不愧是“特异点”一伙......
7,,覚えておけ……<br>貴様らの旅は必ず世界の破滅を招く。,给我记住......你们的旅行必然会导致世界的破灭。
8,,その時になって、<br>せいぜい後悔しないことだな。,到那时候可别后悔。
9,,<span class='scene-font-katari'>そう捨て台詞を残すと、</span><br><span class='scene-font-katari'>福音の民達は、</span><br><span class='scene-font-katari'>一同の前から去っていくのだった。</span>,留下这些话，福音之民们从众人面前离去。
10,,ふぃ～……<br>なんだったんだよ、あれ。<br>何がどうなってんだ？,哈......那到底是什么意思？
11,,ありがとう。<br>君達には助けられた。,谢谢。还好有你们帮忙。
12,,すっごい強いんだね！<br>やっぱり、<br>おじさんの子供なんだぁ……！,你们很厉害呢！果然是大叔的孩子呢......！
13,,襲撃の直後ですまないが……<br>いま、私達には<br>貴殿らに聞きたいことが山ほどある。,很抱歉，虽然刚经历过袭击......但现在我们有太多事想问你们。
14,,話を聞かせて頂戴。<br>この島のこと、あの人のこと、<br>ビィ君とルリアちゃんのことも。,能说给我们听听吗，这个岛的事，那个人的事，还有阿碧和露莉亚的事。
15,,<span class='scene-font-katari'>真剣な様子の姬塔達に対し、</span><br><span class='scene-font-katari'>境界の民達もまた、</span><br><span class='scene-font-katari'>真剣な様子で頷きを返す。</span>,看着严肃的姬塔她们，境界之民们同样严肃地点头以示。
21,,──さて、<br>どこまで話したんだったかな。,那么，刚才说到哪里来着？
22,,結局、親父さんはどこに居るんだよ？<br>ここにはもう居ねぇ、<br>って言ってたけどよぅ……,说到底，老爹现在在哪里？虽然刚才说不在这里......
23,,それは、結論から言えば、<br>私達にもわからない。,从结论上讲，我们也不知道。
24,,私達は、あの人を送り出した。<br>送り出してしまったんだ……,我们送他出去了。已经送出去了......
24-sel1_txt,,<span class='scene-font-katari'>どういうこと？</span>,怎么回事？
25,,<span class='scene-font-katari'>姬塔の言葉に、</span><br><span class='scene-font-katari'>シトリは意を決した様子で話し始める。</span>,对于姬塔的话，志鸟下定了决心开始讲述。
26,,ここに流れ着いた以上、<br>元の世界に戻るのは無理だ、<br>って、話したよね。,我们说过吧，一旦漂流至此，回到原来的世界是不可能的。
27,,でも、実はひとつだけ、<br>元の世界に戻る方法があるんだ。<br>……絶望的なのは変わらないけど。,但实际有一个方法可以回到原来的世界。 ......虽然那个方法仍然让人绝望。
28,,その絶望に挑んだのが、<br>君のお父さんだったんだ。,而挑战那个绝望的，正是你的父亲。
29,,<span class='scene-font-katari'>シトリはおもむろに、</span><br><span class='scene-font-katari'>窓の外を指差す。</span>,志鸟缓缓地指着窗外。
30,,あの火山。見える？,那座火山。看得到吗？
36,,<span class='scene-font-katari'>シトリの指差す先には、</span><br><span class='scene-font-katari'>煮え滾る溶岩を湛えた</span><br><span class='scene-font-katari'>巨大な火山があった。</span>,志鸟手指的方向，有一座翻滚着岩浆的火山。
42,,あの火山……活火山よね？<br><span class='scene-font-place'>バルツ</span>の火山よりは小さいけど、<br>いまにも噴火しそう……,那座火山......是活火山吗？虽然比瓦尔茨的火山小，但现在也像随时要喷发一样......
43,,あの火山の噴火を、<br>私達は「神火」って呼んでる。,我们把那座火山的喷发称为“神火”。
44,,それで、元の世界に戻るためには、<br>あの火山の噴火……<br>「神火」を使うんだ。,然后，要回到原来的世界，要利用那座火山的喷发......利用“神火”。
45,,火山の噴火を……使う？<br>いったいどういうことなんだ？,利用......火山喷发？到底怎么回事？
46,,<span class='scene-font-katari'>困惑するカタリナに対し、</span><br><span class='scene-font-katari'>ラカムはさっと顔を青褪めさせる。</span>,相对一脸困惑的卡塔利娜，拉卡姆脸色发青。
47,,おいおいおいおい……<br>待てまてまて……,喂喂喂喂......等下等下等下......
48,,嘘だろ？,开玩笑的吧？
49,,え、え？　なになに？<br>なんでそんなおっかない顔してるのよ。,额，在说什么？为什么一脸可怕的表情？
50,,当たり前だ。<br>操舵士として、<br>これが笑ってられるか、ってんだ……,当然啊。作为一名驾驶员，这还怎么笑得出来......
51,,あんた達の言う、<br>元の世界に戻る方法ってのは、<br>噴火の爆風を使うことなんだろ？,你们说的回到原来世界的方法，是利用火山喷发的爆风吧？
52,,そりゃ確かに<br>空に戻れるだけの<br>威力はあるだろうけどよ……,虽然那确实有足以让我们回到天空的威力、......
53,,戻れるにしてもちと強引すぎねぇか？<br>本当の話なんだろうな？,但也太勉强了吧？这是真的吗？
54,,それだけじゃない。<br>「神火」には<br>星晶獣ヱビスの力が宿っていてね。,不仅仅如此。“神火”中包含有星晶兽惠比寿的力量。
55,,ヱビスが司るものは福音。<br>幸運の訪れ……<br>それは運命の流れとも言い換えられる。,惠比寿掌管福音。幸运的到来......也能被解释成命运的流动。
56,,その福音の力は<br>あらゆる境界を越えて作用する。,那股福音之力有穿越一切境界的力量。
57,,だから、<br>星晶獣ヱビスが起こす「神火」には、<br>境界を越える力があるんだ。,因此，星晶兽惠比寿引发的“神火”有穿越境界的力量。
58,,説明されたところで、<br>噴火の力を使うなんざ、<br>とんでもねぇ方法だぞ……,按照你们的说明的话，要利用火山喷发的力量，可是不得了的方法啊....
59,,でもそれなら……<br>あの人は、その「神火」に乗って、<br>ここを脱出したっていうのかしら？,但是那样的话......那个人就是乘着“神火”从这里脱离的吗？
60,,…………,............
61,,<span class='scene-font-katari'>ロゼッタの問いに、</span><br><span class='scene-font-katari'>シトリはおずおずと頷きを返す。</span>,对于萝塞塔的疑问，志鸟点了点头。
62,,すごかったよ！<br>どかーん、って！,很厉害呢！哗地一下！
63,,マジかよ……<br>親父さん、<br>とんでもねぇことするな。,真的假的啊......老爹真是干了不得了的事。
64,,ふふ……そうね。<br>相変わらずだわ、あの人は。,呵呵......就是呢。那个人还是老样子。
65,,申し訳ない……<br>本当に、彼の子供である君には、<br>なんて謝ったらいいか……,对不起......我真不知道该向身为他孩子的你，怎么道歉才好......？
65-sel1_txt,,<span class='scene-font-katari'>どうして謝るの？</span>,为什么要道歉？
66,,<span class='scene-font-katari'>姬塔の問いに対し、</span><br><span class='scene-font-katari'>境界の民は、気まずそうに訳を話す。</span>,对于姬塔的疑问，境界之民尴尬地说道。
67,,確かに「神火」には、<br>この境界を脱出する力がある。,虽然“神火”确实有脱离境界的力量。
68,,しかし、それだけだ。<br>それ以上は、何も保証しない。,但是仅此而已。除此之外，我们无法做任何保证。
69,,想像して。<br>この境界は空の世界よりも<br>かなり下なんだ。,想象一下。这个境界远低于空之世界。
70,,そこから、突き上げる力に乗って、<br>空の世界へ行けばどうなるか。,从这里乘着上升之力前往空之世界会怎么样。
71,,どうなるって……<br>普通に空の上に出て終わりじゃないの？,会怎么样......不就是到达天空中吗？
72,,いや、そうか……<br>イオの言う通りでもあるが、<br>それは運が良かった場合に限るな。,不，也对......虽然伊欧说的也对，但那仅仅是运气好的情况。
73,,最悪の場合、<br>島の底や他の騎空艇に<br>下から激突することになる……,最糟糕的情况下，撞到浮岛或者其他骑空艇的底部.......
74,,それだけじゃあねぇ。<br>瘴流域に放り投げられちまうってのも、<br>考えられるなぁ、おい……,不仅如此。要是被喷到瘴流域，光是想想就......
75,,じゃ、じゃあ……<br>空の世界に戻れたとしても、<br>運が悪ければ……,那，那么......就算能回到空之世界，如果运气不好......
76,,<span class='scene-font-katari'>シトリはやるせない様子で目を伏せる。</span>,志鸟无法释怀地闭上眼。
77,,私達には<br>あの人の無謀を止められなかった……,我们没有阻止那个人的鲁莽......
78,,それどころか、心のどこかで、<br>あの人を応援してた。,相反，甚至在心中为他加油。
79,,この人ならきっと、どんな無茶でも<br>やり遂げてくれるんじゃないか、<br>って……,那个人的话，不管是怎样的困境都能克服......
80,,<span class='scene-font-katari'>最悪の悲劇を想定し、</span><br><span class='scene-font-katari'>誰もが口を噤んでしまうが……</span>,但是想到最坏的悲剧，谁都无法说出话......
80-sel1_txt,,<span class='scene-font-katari'>大丈夫</span>,没关系。
81,,えっ……？,呃...？
82,,で、でも、ここを脱出した後、<br>あの人がどうなったかなんて、誰も……,但、但是，离开这里之后，谁都不知道那个人怎样了......
82-sel1_txt,,<span class='scene-font-katari'>手紙をもらった</span>,我收到了一封信
83,,手紙……？,一封信......？
84,,そっか！　そうだぜ！<br>あの手紙のことだよな！,哦对！就是那样！是那封信吧！
85,,ひとつ確認させて頂戴。<br>あの人は、姬塔さんのことを<br>なんて言っていたかしら？,首先让我确认一下。他是怎么说姬塔的事的？
86,,置いてきちゃった、って言ってた。<br>すごく悲しそうだった……<br>でも、行かなきゃいけなかった、って。,说是把她丢下了。看起来很伤心......但是，不得不去，他是这么说的。
87,,そう。<br>まだ幼い我が子を、<br>故郷に残してきた、って……,是啊。把自己年幼的孩子留在故乡......
88,,<span class='scene-font-katari'>姬塔は</span><br><span class='scene-font-katari'>自身の旅立ちの切っ掛けになった、</span><br><span class='scene-font-katari'>父からの手紙について話す。</span>,姬塔说明了成为自己踏上旅行契机的信的事。
89,,<span class='scene-font-spword'>星の島イスタルシア</span>からの……手紙。,来自星之岛伊斯塔尔西亚的......一封信。
90,,すごい……！<br>おじさん、本当にたどり着いたんだ！,好厉害...！大叔真的到达了啊！
91,,あの人は、<br>無事に空に戻れたんですね……<br>それどころか、星の世界にまで……,他平安回到天空了啊......不止这样，甚至到了星之世界......
92,,しかし、聞けば聞くほど、<br>姬塔の親父さんは<br>凄まじい奴だな……,不过真是越听越觉得姬塔的老爹是个可怕的家伙....
93,,この分だと、<br>まだまだ私達の知らない<br>逸話が出てきそうだが……,按照这个节奏的话，似乎还会有不少我们不知道的轶事啊......
93-sel1_txt,,<span class='scene-font-katari'>負けてられない</span>,可不能输
93-sel2_txt,,<span class='scene-font-katari'>すぐに追いつく</span>,马上就追上你
94,,ですね！<br>それに姬塔なら、<br>きっと大丈夫です！,就是呢！而且是姬塔的话，肯定没问题的！
95,,となりゃあ、<br>足踏みしてるわけにゃいかねぇな。,那么可不能原地踏步了呢。
96,,<span class='scene-font-katari'>姬塔は、</span><br><span class='scene-font-katari'>シトリを含む境界の民達を</span><br><span class='scene-font-katari'>真っ直ぐに見据え、告げる。</span>,姬塔看向包括志鸟在内所有境界之民，向他们说。
96-sel1_txt,,<span class='scene-font-katari'>協力してほしい</span>,希望能协助我们
97,,「神火」を使う気なんだね。,是打算利用“神火”吧。
98,,あの人は無事だったみたいだけど、<br>それでも、<br>危険な賭けであることは変わらない。,虽然他似乎没事，但这仍然是一个危险的赌注。
99,,それに、あの人が無事だったからって、<br>君達も無事に戻れる保証は無い。,而且，他的平安并不代表你们也能平安返回。
100,,それでも……君達は行くの？,就算这样......你们还是要去吗？
101,,<span class='scene-font-katari'>シトリの問いに対し、</span><br><span class='scene-font-katari'>姬塔は意思を確認するように、</span><br><span class='scene-font-katari'>騎空団の面々を見やる。</span>,对于志鸟的提问，姬塔仿佛为了确认骑空团众人的意志一般，扫过众人的脸。
102,,アタシは……そうね。,我的话......是呢。
103,,姬塔さんなら、<br>もっとドキドキさせてくれるって<br>信じてるわ。,姬塔的话，相信能让我更加兴奋。
104,,正直、いままでだって何度も、<br>危ない目には遭ってきたし……,说起来，一直以来也遭遇过很多次危险的情况了......
105,,方法があるなら、<br>やってみない理由なんて<br>ないんじゃない？,既然有方法，没有理由不去尝试吧？
106,,まぁ、騎空士なんてのは、<br>常に危険と隣り合わせだ。,没办法，骑空士总是常伴危险的。
107,,だったら面白れぇほうに<br>舵を切るしかねぇよなぁ、おい！,既然这样，只能带着乐趣去操舵吧！
108,,俺は操舵士だぞ。<br>こんなもん、聞くまでもねぇだろ。,我可是驾驶员。这种事，不用问也知道了吧。
109,,ここじゃ騎空艇は飛ばせねぇ。<br>んなもん俺にとっちゃ、<br>死んじまってるのと同じだ。,这里骑空艇飞不起来，对我来说和死了没区别。
110,,だったら、命を懸けてでも、<br>グランサイファーが飛べる空に<br>戻るしかねぇだろ。,既然这样，拼上性命也要回到让格兰赛法能够飞行的天空。
111,,……まぁ、<br>艇に無理させない方法で戻れりゃ、<br>言うことねぇんだけどな。,......虽然这么说，如果是个不用让飞艇遭受风险的方法就更好了。
112,,私は……<br>ルリアと君と、共に行くと決めている。<br>その決意はもう、揺らぐことは無い。,我...决定了要和你还有露莉亚一起旅行了。这个决心不会动摇。
113,,だから後は、<br>君達の判断に任せよう。,所以剩下的就交给你们来决定。
114,,<span class='scene-font-katari'>カタリナの言葉に応じるように、</span><br><span class='scene-font-katari'>ルリアはゆっくりと</span><br><span class='scene-font-katari'>姬塔に告げる。</span>,仿佛为了回应卡塔利娜的话语，露莉亚缓缓跟姬塔说。
115,,姬塔は、<br>最初から言ってましたよね。<br><span class='scene-font-spword'>星の島イスタルシア</span>に行く、って。,姬塔一开始就说了吧，要去星之岛伊斯塔尔西亚。
116,,それってきっと憧れだけじゃなくて、<br>お父さんが待っていてくれるから、<br>なんですよね……？,那肯定不仅仅是憧憬，父亲也在那里等着是吧......？
117,,私はお父さんも<br>お母さんもわからないけど……,我虽然不清楚父亲和母亲......
118,,でも、どこに居るのかわかったら、<br>きっと会いに行くと思うんです。,但要是知道他们在哪里的话，肯定会想去见他们的。
119,,いままで色んな旅をしてきて、<br>色んな島や空に行って……,至今为止到各个岛屿、天空进行了这么多旅行......
120,,それでいま、ようやく、少し、<br>姬塔のお父さんに近づけて……,才有如今，稍微接近姬塔的父亲一点......
121,,<span class='scene-font-katari'>強い意志を伝えるように、</span><br><span class='scene-font-katari'>ルリアは真っ直ぐに</span><br><span class='scene-font-katari'>姬塔を見つめる。</span>,就像为了传达自己强烈的决意一般，露莉亚笔直地盯着姬塔。
122,,だから私……<br>姬塔には、<br>絶対に諦めてほしくないです。,所以我......希望姬塔绝对不要放弃。
122-sel1_txt,,<span class='scene-font-katari'>一緒に行こう</span>,一起去吧
123,,はいっ！,好的！
124,,へへっ……<br>親父さんが<span class='scene-font-spword'>星の島</span>で待ってんだ。<br>こんなところじゃ止まれねーよな！,嘿嘿......老爹在星之岛等着呢，怎么能在这种地方停下！
125,,<span class='scene-font-katari'>姬塔は、</span><br><span class='scene-font-katari'>自分達騎空団の決断を</span><br><span class='scene-font-katari'>シトリ達に告げる。</span>,姬塔将她们骑空团的决定告诉志鸟。
126,,そう……<br>じゃあ、もう止める理由は無いね。,是嘛......那么就没有阻止你们的理由了。
127,,えぇ～……<br>せっかく来てくれたのに……,诶......好不容易来了......
128,,だめだよ、ミカ。<br>ワガママ言っちゃ。,不行哦，米卡。不能任性。
129,,君達の覚悟がそこまでのものなら、<br>私達も力を貸そう。,既然你们的有如此这般的觉悟，那么我们也会鼎力相助。
130,,何より、<br>君達には恩返しをさせてほしい。,最重要的是，希望能够报答你们。
131,,えっ、わ、私達は別に何も……,呃，我们，并没有做什么......
132,,ああ、いや、違うんだ……<br>正しくは、君のお父さんに受けた恩を<br>返させてほしい。,哦，不，并不是......正确的说应该是，把从你父亲那里收到的恩情，报答给你。
133,,いまは<span class='scene-font-spword'>星の島</span>に居るのなら、<br>直接、恩を返すのは、<br>難しそうだからね。,他现在在星之岛的话，要直接报恩很难呢。
133-sel1_txt,,<span class='scene-font-katari'>ありがとう</span>,谢谢
133-sel2_txt,,<span class='scene-font-katari'>助かります</span>,帮大忙了
134,,当然のことだ。<br>何しろ私達は、君のお父さんから、<br>かけがえのないものをもらった。,这是理所当然的。毕竟，我们从你父亲那里获得了无法替代的东西。
135,,かけがえのないもの？,无法替代的东西？
136,,希望だ、生きるためのね。,活下去的希望。
137,,君達もそうだと思うが、<br>私達は皆、死を覚悟した末に、<br>偶然ここに流れ着いたんだ。,我想你们也是这样的，我们所有人都是抱着死的觉悟，偶然漂流至此。
138,,死んだ、と思ったが生きていた。<br>しかし、元の世界に戻れないのだから、<br>生きているとも言い難い。,以为自己死了却还活着。但是因为回不到原本的世界，很难说还活着。
139,,そんな半端な状況ゆえに、<br>私達はいまの自分達に<br>理由と意味を与えた。,在这种不明不白的情况下，我们给了现在的自己理由和意义。
140,,<span class='scene-font-katari'>自嘲するように、</span><br><span class='scene-font-katari'>境界の民は苦々しげに語る。</span>,境界之民自嘲一般痛苦地说道。
141,,ここを襲った連中が居ただろう。<br>私達も昔は彼らと一緒だった。,刚才袭击这里的家伙，我们以前也和他们一样。
142,,進めないのではなく、進まないのだと、<br>変わることを諦め、<br>いまを肯定することに執着した。,并非无法前进，而是不去前进，放弃了改变，执着于肯定现在。
143,,そんな日々を壊してくれたのが、<br>君のお父さんなんだ。,而打破那些日子的就是你的父亲。
144,,<span class='scene-font-katari'>輝かしい思い出を語るように、</span><br><span class='scene-font-katari'>境界の民は続ける。</span>,就像讲述美好的回忆般，境界之民继续说着。
145,,あの人に頼まれて、<br>「神火」の研究を始めてね。,在他的请求下，我们开始研究“神火”。
146,,無為に過ごしていた日々が、<br>忙しい毎日に変わった。<br>あとはあっという間さ。,碌碌无为的每一天，变成了充实贩卖的日子，之后的时间就在转眼间度过。
147,,何か急ぐ理由があったようでね。<br>お礼を言う暇も無かった。,他好像有什么紧急的理由，我们都没时间道谢。
148,,まぁ……<br>礼を言われるようなことだとは、<br>彼は思ってなかったかもしれないが。,嗯......可能对他来说，自己没有做过什么需要被人道谢的事。
149,,<span class='scene-font-katari'>境界の民はそう締めくくり、</span><br><span class='scene-font-katari'>改めて姬塔へと向き直る。</span>,境界之民这样总结道，再次面向姬塔。
150,,すまない。<br>長くなってしまったね……,抱歉。说的有些长了......
150-sel1_txt,,<span class='scene-font-katari'>話が聞けて良かった</span>,很高兴能听到这件事
151,,だな。オイラ達、<br>親父さんが旅で何してたかなんて、<br>あんまり知らねーもんな。,就是啊，老爹进行了怎样的旅行，我们都不太清楚。
152,,<span class='scene-font-spword'>星の島</span><span class='scene-font-katari'>への決意を新たにし、</span><br><span class='scene-font-katari'>少しだけ父親の背に近づく、</span><br><span class='scene-font-katari'>姬塔。</span>,再次坚定了前往星之岛的决意，姬塔感到距离父亲的背影稍微近一点了。
153,,<span class='scene-font-katari'>こうして一行は、</span><br><span class='scene-font-katari'>境界から空の世界へと戻るため、</span><br><span class='scene-font-katari'>行動を開始するのだった。</span>,就这样为了从境界返回空之世界，一行人展开了行动。
159,,<span class='scene-font-katari'>姬塔達が決意を新たにする中、</span><br><span class='scene-font-katari'>そんな一行を</span><br><span class='scene-font-katari'>窓の外から見つめる姿があった。</span>,就在姬塔重新坚定决意时，窗外有个任意在窥视屋内。
160,,ふふふ……<br>見ないと思ったら、<br>君達はこっちに来ていたんだね。,呋呋呋 ......还在想怎么看见呢，你们来这里了啊。
161,,おい……その窓から覗くのやめろ。<br>変な奴っぽいし、<br>中に居る奴らに見つかるぞ。,喂......别从窗户偷窥了。看起来就像个变态，会被屋里的人发现的。
162,,それはマズイなぁ。<br>向こうに変に気を遣わせたくないし。,那可就糟糕了，我可不想他们对我有所警惕。
163,,でもほら、こうでもしないと、<br>中の様子がわからないんだ。,但是你看，不偷窥的话怎么知道里面什么样子。
164,,<span class='scene-font-katari'>特に警戒する様子もなく、</span><br><span class='scene-font-katari'>ロキは家の中を観察する。</span>,并未加以警惕，洛基观察屋内的情况。
165,,おっ……いたいた。,啊......有了有了。
166,,見つけたのか？<br>探してた、大罪人とかってのを。,找到了吗？你在找的那个大罪人。
167,,うん……<br>でも、まだ手出ししないでおこう。<br>どうせ逃げ場も無いんだし。,嗯......但是我们还是先别动手了。反正也没有能逃跑的地方。
168,,はぁ？<br>目的のモンが見つかったなら、<br>とっとと奪っちまえばいいだろ。,哈啊？既然找到了目标，赶紧抢过来不就好了。
169,,そうしてもいいんだけどね……<br>少し……,虽然这样也可以......有点......
170,,……そうだな、<br>状態が悪いみたいなんだ。,......是啊，状态似乎不太好。
171,,状態が悪い……？<br>どういうことだ？,状态不好......？怎么回事？
172,,味付け、調理が必要ということさ。<br>僕はフェンリルみたいに、<br>お肉を生のまま食べたりしないからね。,需要进行调味和料理。我可不像芬里尔那样，直接生吃肉。
173,,ちょうど使えるものもあるし、<br>少し手を加えてから、<br>収穫するとしようじゃないか。,正好有些能利用的东西，我们稍微动些手脚再收获就好了。
174,,<span class='scene-font-katari'>ロキは満足そうな笑みを浮かべ、</span><br><span class='scene-font-katari'>のんびりと、</span><br><span class='scene-font-katari'>散歩でもするように歩き始める。</span>,洛基露出满意的笑容，散步那般悠闲地开始走动。
175,,ったく……<br>わかんねー奴……,真是的......搞不懂那家伙......
176,,<span class='scene-font-katari'>そしてフェンリルもまたロキを追い、</span><br><span class='scene-font-katari'>その場から姿を消すのだった。</span>,芬里尔也为了追洛基，从那里离开。
info,,1,scene_cp112_q3_s10
,,,