path,trans,duration,note
voice/3030182000_mypage1,就算是我也想要保护你，呜——\n不可以吗？果然会碍手碍脚的吗？呜呜————,14,露莉亚
voice/3030182000_mypage2,嗯，总觉得很不可思议呢。拿到白色羽毛的时候，有种非常温暖的感觉。然后大脑变得一片空白…咦？ 那个人，是谁来着？,19,
voice/3030182000_mypage3,你觉得我的应援怎么样？饱含着我为大家加油的心意哦！大家一定能打起精神来的！哎嘿嘿…,12,
voice/3040090000_mypage1,美丽的白沙地，夏日灼热的阳光，冰凉的热带饮料流入干渴的喉中……一切都很完美。……除了他们几个……。喂，你们影响到我了，给我去别的地方吵。,26,泳装炎帝
voice/3040090000_mypage2,喂，你们听见了吗？……呃！？……你们……。竟敢用球砸我，急着送死么。兰斯洛特，蠢狗，给我站在那儿别动，我马上把你们烧成灰。,21,
voice/3040090000_mypage3,……什么？沙滩排球大赛？你们的沙滩排球差劲得要命吧。……切。你们暴露丑态的话，也有损我骑士的名号。喂，把球给我。好了，别废话，快把球给我。,24,
voice/3040115000_mypage1,我不擅长应付小孩子。露丽亚也好，欧尔姬丝也好，你也好，在我眼里都是小孩……我、我可没说讨厌啊。,12,火牛
voice/3040115000_mypage2,德朗克？也不知道他去哪儿了……喂 ，别以为来找我就能知道他的一切，烦死了。,11,
voice/3040115000_mypage3,我和德朗克，和雇主，都只是合同上的关系。对佣兵这个工作来说，报酬与合同就是一切。,11,
voice/3040050000_mypage1,喂，团长。赶紧出发去找下一个家臣。,3,炎帝
voice/3040050000_mypage2,菲德拉赫…么。没想到能再次听说这个名字。看来是时候给过去的留恋做个了断了。,11,
voice/3040050000_mypage3,我的两位兄长也各自在邻国修行。我很久没见到他们了。,7,
voice/3040050000_mypage4,你说你要帮助遇见的每一个人吧…。真是个令人无语的家伙。,10,
voice/3040050000_mypage5,你我孰强孰弱？……哼。不如现在就比试一下？,7,
voice/3040050000_03_v_304,哼，你也成长了许多啊。,3,
voice/3040050000_03_v_305,为完成我的理想，助我一臂之力。,3,
voice/3040050000_03_ability_us3,我希望能和你一起实现理想。,3,
voice/3040179000_mypage1,这件泳衣，是和安一起选的，那个...如何，合适吗？,9,泳装古雷雅
voice/3040179000_mypage2,哈...安身材这么好，穿什么都很合适，稍微有点羡慕呢,10,
voice/3040179000_mypage3,和大家一起来海边，很开心，能留下美好的回忆就好了,6,
voice/3040080000_mypage1b,嗯？怎么了，团长？很在意我的衣服么？ 呵呵呵，不要客气……。来吧……想看就看，想碰就碰……随你喜欢……,17,暗贞
voice/3040080000_mypage2,呜……啊、啊……！好烫……好痛苦……！！那团火还在我体内燃烧……将那座村庄、将人们……燃尽的业火……！！,15,
voice/3040080000_mypage3,啊……团长好温暖……这就是生者的体温呢。这样依靠着你，我就能感到冰冷的心得到了些许慰藉……拜托了……暂时让我靠一会儿吧。,19,
voice/3040150000_mypage1,用枪进行远距离火力压制……进行无从抵抗的压倒性攻击……团长，只要你原意，我会随时为你蹂躏世界的敌人，蹂躏你的敌人。,17,铳佐
voice/3040150000_mypage2,小龙的数量变多了？嗯，其实，如果我的魔力变强，龙的数量就会自然增加呢。呵呵，要给它们取什么名字呢，一起来想吧。,16,
voice/3040150000_mypage3,能化为人形，真的太好了。感谢你告诉我人类的喜悦。今后也一起前进吧。,15,
voice/3040106000_mypage1,如果你想知道的话，我就告诉你这个世界的真相吧。,4,路西欧
voice/3040106000_mypage2,我的主人说过，我必须去成为为这个世界带来安宁和繁荣的光明……所以，就算是为了我，也请各位不要再争吵了！,15,
voice/3040106000_mypage3,我……做错了吗……,3,
voice/3040106000_mypage4,主人为何要将我创造得如此美丽呢……？,5,
voice/3040155000_mypage4,已确认团长以及格兰塞法其他成员的安全。由我来保护大家。,8,萝伯美
voice/3040155000_mypage2,这是士郎尚不成熟但付出了心血的技术结晶。这台机体是我的宝物。,8,
voice/3040155000_mypage3,如果，还能和贤治说话……,5,
voice/3040153000_mypage1,我和你们只是因为利害一致而暂时共同行动罢了。就让我们在必要时刻并肩作战吧。,9,圣德芬
voice/3040153000_mypage2,特异点……我们曾经还是敌人……呵，所谓命运，真是不可思议。,10,
voice/3040153000_mypage3,为什么我喜欢咖啡？……毕竟我第一次喝咖啡已经是两千年以前了。……那种久远的事情，我早就忘了。,15,
voice/3040092000_mypage1,团长，今晚有空吗？一起去看星星吧，肯定会很有趣的。,9,泳佐
voice/3040092000_mypage2,我想称霸海边所有的小吃摊位呢，你能陪我一起吗？,6,
voice/3040092000_mypage3,我喜欢被你抚摸下巴的感觉。不过不要太突然哦？否则我会吓到的。,9,
voice/3040102000_mypage1,为什么不把头发盘起来？……我会盘的。只是如果盘得太紧，不好好梳的话就解不开了。魔法也不是万能的呢。,16,玉米
voice/3040102000_mypage2,为什么不吃玉米就无法发挥出力量？因为……玉米很美味？,10,
voice/3040102000_mypage3,肚子饿了……,2,
voice/3040137000_mypage1,让人类堕落，夺回失去的尊严。这就是我的目标。,5,阿萨谢尔
voice/3040137000_mypage2,怎么每个人都一脸傻样！切……所以你们这些人类啊！,8,
voice/3040137000_mypage3,如果你一个人做不到，就让我来控制你。在我怀中变为龙吧！,8,
voice/3040084000_mypage1,天空么。让我想起离开故乡随便搭上一条船就走的时候啊。啊，当然是偷渡了。,9,艾尔
voice/3040084000_mypage2,我听说了。你经历过很多战场吧。哼……真不错，让我沸腾起来了。,10,
voice/3040084000_mypage3,喂，你快管管碧和露莉亚！让他们别来烦我了！……你笑什么啊！,8,
voice/3040159000_mypage1,席尔瓦姐她超不喜欢麻烦别人的~不过前几天她终于肯叫我帮忙了，我好高兴来着。但是呢，我还要成为更加可靠的人，继续努力才行！,12,库库鲁
voice/3040159000_mypage2,团长真的很可靠啊~。我经常忘记你年纪比我还小呢。不过，你完全可以依靠库库鲁姐姐呀？来吧！对我尽情撒娇也可以哦？,15,
voice/3040159000_mypage3,果然很小……很小啊！！不不不，库库鲁姐姐也还在长身体嘛。今后也会变得像席尔瓦姐还有库姆优那样大……呜哇！？团、团长你在啊！？,12,
voice/3040149000_mypage1,我是不是、不适合穿这么漂亮的裙子呢……好害羞……啊，不过……比起兔女郎总要……,14,画伯
voice/3040149000_mypage2,沸腾的观众，盛大的舞台……啊，太令人激动了！……不过，穿着这身衣服，总有些不安呢……你说很适合我？我倒不会不高兴，可是行动不便啊……算了，让对方一手吧！,29,
voice/3040149000_mypage3,团长和芬耶都在看的舞台……令人跃跃欲试！虽然有些紧张，但是期待更胜一筹！,11,
voice/3040027000_mypage1,呵呵呵，骑空艇上的旅行真是非常愉快啊！,4,羊
voice/3040027000_mypage2,嗯？我的角很少见？呵呵呵，这是我特有的角。它象征了我的使命。,11,
voice/3040027000_mypage3,各种各样的点心里，我还是最喜欢那种叫做羊羹的甜点啊。,5,
voice/3030110000_20180131_navi67,被炉暖暖的，真是个好东西呀。,5,
voice/scene_ult_chr106_ep1_q2_s20_25,呵呵呵呵呵，你这个小东西~,3,
voice/scene_ult_chr106_ep1_q2_s20_61,铛铛铛~铛铛铛~铛,3,
voice/3040130000_mypage1,一个人弹奏时，两个人弹奏时，有人在聆听时，钢琴声都会发生变化。……呵呵，下次也让团长听听吧。,19,龙姬
voice/3040130000_mypage2,我和安约好了要四手联弹。……团长，要是有机会的话……来听我们演奏吧……,9,
voice/3040130000_mypage3,以前，我很害怕别人的目光，根本不会去户外玩耍……多亏了大家……我真的，非常感激。,13,
voice/3040181000_mypage1_mix,该隐和雷欧娜不知过得如何呢？\n那两人的话，应该无需担心吧。\n离开妾身这么久，也差不多感到寂寞了吧？要不要去看看他们呢？\n万万不可。绝不能入侵伊提巴。\n呵呵呵，别紧张，妾身只是开个玩笑。,21,芙利亚
voice/3040181000_mypage2_mix,这么一看，纳尔格兰德也有些稀奇的岛屿呢。\n听他们说，法塔格兰德的岛屿似乎更加特色鲜明。\n真想去团长他们的故乡看看。\n是啊，总有机会的。,19,
voice/3040181000_mypage3_mix,唔……哈……\n看着书睡着了么。如果我也来您身边躺下，您应该就不会着凉了吧。\n唔~……抓到你了！！\n唔……！原来您醒着么！,22,
voice/3040110000_cutin2,哼哼，怎么样，我穿着泳衣的样子!,3,泳贝
voice/3040110000_mypage2,如何，这件泳衣合身吧！任务余暇到处找，好不容易才发现的！,7,
voice/3040110000_mypage3,下次就穿这件泳衣和大家去海边吧……\n不，但是那时候还有新的泳衣……,6,
voice/3040177000_mypage1,一直很忙碌，来这样的度假胜地还真是很稀奇呢，要去的地方很多，能麻烦你带个路吗？,8,泳装教官
voice/3040177000_mypage2,集中精神，你们这些蛆虫！不管什么情况都要保持冷静！\n喂，那里的，看那个泳装的女人入迷了？\n哼，再加五十回腹肌练习！,12,
voice/3040177000_mypage3,哈啊……看着书不小心睡着了。\n嗯？贝阿和泽塔邀请我一起打沙滩排球？\n好吧！刚睡醒的我可不会输，有觉悟了吗！,19,
voice/3040129000_mypage1,这衣服怎么样，团长，欸，很合适？\n唔呼呼，真开心，能被团长这样说，我会加油的！,14,泳装五花
voice/3040129000_mypage2,团长，状态如何？虽然会有很多困难，但是团长的话一定可以渡过难关的，所以，加油！,8,
voice/3040129000_mypage3,呐呐团长桑，就让你在这海边见识一下我最可爱的一面吧！,8,
voice/3040151000_mypage1,那个……记得姿势是这样……手是放在这里的吧，\n还有……sugar time love…你在看什么呢！,13,情人节小美
voice/3040151000_mypage2,喂你等等，你喜欢什么样的巧克力？\n巧克力种类很多我有点搞不清，\n我，我才不是想送你巧克力呢！别误会了！,15,
voice/3040151000_mypage3,虽然是因为情人节才穿的这衣服，人间的文化还是挺出人意料的呢，\n嘛，正因为是我穿的这衣服才显得这么合适呢！,11,
voice/3040154000_mypage1,原来如此。泳装这东西，也是考虑了很多才做出来的呢。\n确实，要是弄湿了多余的布料，衣服很重会很碍事。\n这样薄的穿着，在水边确实有用。但和盔甲相比，还是有点不放心……,19,泳贞
voice/3040154000_mypage2,入乡随俗，吗，话虽如此，虽然周围人都穿着泳装，\n我还没完全习惯，还觉得有点害羞……\n啊，不，要是能堂堂正正地就好了……,15,
voice/3040154000_mypage3,海边也好河川也好，水边是很容易发生事故的地方，游玩的时候一定要十分小心，团长。,7,
voice/3990743000_mypage1,露莉亚，这座城市有什么样的美食，一起去看看吧,5,姬塔
voice/3990743000_mypage2,拉卡姆，有什么我可以帮忙的吗？没问题的！我可是干劲满满的！,6,
voice/3990743000_mypage3,卡塔莉娜，要一起去万事屋接新任务吗？,4,
voice/3990743000_mypage4,想让欧根教我各种各样的事情呢。,3,
voice/3990743000_mypage5,伊欧，陪我练习魔法嘛！,3,
voice/3990743000_mypage6,呵呵，萝赛塔和尤克特拉希尔关系真好啊。,4,
voice/3990743000_mypage7,说起来，碧到底是什么呢……？……是龙？,4,
voice/3990743000_mypage8,父亲，会在哪里呢……？,2,
voice/3990741000_mypage1,露莉亚，一起去看看这片天空的尽头究竟有什么吧！,5,古兰
voice/3990741000_mypage2,拉卡姆，能教教我怎么保养枪支吗？,3,
voice/3990741000_mypage3,卡塔莉娜约我去试吃她做的料理……没问题吧……？,3,
voice/3990741000_mypage4,不知道欧根在像我这么大的时候经历过怎样的旅行呢……？,4,
voice/3990741000_mypage5,伊欧，可以教我魔法吗？……能让人露出笑容的魔法。,5,
voice/3990741000_mypage6,萝赛塔好像知道一些有关露莉亚的秘密……,3,
voice/3990741000_mypage7,我买了苹果回来，碧。不过和赞克汀泽的品种不太一样呢……,5,
voice/3990741000_mypage8,天空的尽头……约定之地……我绝对会追上你的，父亲。,6,
