id,en,jp,trans
0-chapter_name,,第1話 白竜騎士団入団試験、開始,第1话 白龙骑士团入团测验，开始
0-synopsis,,次に受験生達が集められた会場では、知力を測る筆記試験が行われる。受験生達は今までの努力の成果を発揮すべく、思い思いに試験に取り組むのだった。,考生在下一个考场集合，即将进行测试知识水平的笔试。为发挥至今努力的成果，考生们各自投入到测试之中。
1,,<span class='scene-font-katari'>次に受験生達が集められた会場には、</span><br><span class='scene-font-katari'>たくさんの机が並んでいた。</span>,<span class='scene-font-katari'>考生们在下一个考场集合，这里摆着许多桌椅。</span>
2,,騎士に武力が求められるのは当然だ。<br>だが何かを護るには、時として<br>武以外の様々な力も必要となる。,骑士自然应该精进武力。<br>然而，当我们充当守护者时，也需要武力之外的其他力量。
3,,その一つが知力。<br>ここでは、知の力について<br>試験で見極めたいと思う。,知识便是其中之一。<br>在此，各位将进行知识水平的测试。
4,,げぇっ、マジかよ。,呃，真的假的。
5,,うひぃ～～……,唔~~……
6,,<span class='scene-font-katari'>受験生の間からは、</span><br><span class='scene-font-katari'>不満の声が漏れ聞こえる。</span>,<span class='scene-font-katari'>考生中响起一片不满之声。</span>
7,,ヴェイン、<br>皆にこの用紙を配ってくれ。,维恩，给大家发放试卷吧。
8,,おっけー！　先頭の人は用紙を<br>受け取ったら、裏返しのまま<br>後ろに回してね！,好嘞！ 前面的人拿到试卷后保持卷面朝下递给后面的人哦！
9,,<span class='scene-font-katari'>ヴェインと他の試験官の手から</span><br><span class='scene-font-katari'>用紙が配られていく。</span>,<span class='scene-font-katari'>维恩和其他考官一起发放了试卷。</span>
10,,……後ろまで行き渡ったか？<br>それでは用紙をめくってくれ。,……传到最后了吗？<br>那么大家把考卷翻过来吧。
11,,よーい、はじめっ！,好，开始！
12,,<span class='scene-font-katari'>ランスロットの掛け声とともに</span><br><span class='scene-font-katari'>試験会場の空気が一変する。</span>,<span class='scene-font-katari'>随着兰斯洛特一声令下，试场的气氛瞬间转变。</span>
13,,<span class='scene-font-2'>うわぁ～！</span><br><span class='scene-font-2'>いきなり筆記試験かよ～！</span>,<span class='scene-font-2'>呜哇～！一上来就笔试啊~！</span>
14,,<span class='scene-font-2'>落ち着け。</span><br><span class='scene-font-2'>詰まった解答は飛ばして、</span><br><span class='scene-font-2'>分かるところから解いていけ。</span>,<span class='scene-font-2'>冷静点。先把不会的跳过，先做会的。</span>
15,,もちろん試験中の私語は厳禁とする。<br>不正行為を行ったものは<br>即退場とするので覚悟するように。,当然，考试中严禁交谈。<br>一旦发现有不正当行为，立即强制退出考试，请各位做好心理准备。
16,,<span class='scene-font-katari'>試験会場の中央から受験生を見渡す</span><br><span class='scene-font-katari'>ランスロット。ヴェインと</span><br><span class='scene-font-katari'>他の試験官は会場の見回りを行う。</span>,<span class='scene-font-katari'>兰斯洛特站在考场中央环视全场。而维恩和其他考官在考场内巡回。</span>
22,,<span class='scene-font-kokoro'>（魚鱗、鶴翼、蜂矢、偃月、</span><br><span class='scene-font-kokoro'>方円、長蛇、衡軛、雁行……）</span>,<span class='scene-font-kokoro'>（鱼鳞、鹤翼、蜂矢、偃月、方圆、长蛇、衡轭、雁行……）</span>
23,,<span class='scene-font-kokoro'>（八陣についての利点と欠点を述べよ。</span><br><span class='scene-font-kokoro'>これは、前に戦術書で読んだな……）</span>,<span class='scene-font-kokoro'>（请简述八大阵型的优点和缺点。这个好像在战术书上读到过……）</span>
24,,<span class='scene-font-kokoro'>（自軍より多い敵軍の敷いた</span><br><span class='scene-font-kokoro'>横陣を相手にする時の、</span><br><span class='scene-font-kokoro'>有効な策を述べよ……か）</span>,<span class='scene-font-kokoro'>（请简述面对多数敌军的横阵时应采取何种对策……么）</span>
25,,<span class='scene-font-kokoro'>（へへっ、これぐらい楽勝だな。</span><br><span class='scene-font-kokoro'>敵軍の右翼に、自軍の精鋭を</span><br><span class='scene-font-kokoro'>集めた斜線陣をぶつける……と）</span>,<span class='scene-font-kokoro'>（嘿嘿，这个简单。以斜线阵型的我方精锐冲击敌军的右翼。）</span>
26,,<span class='scene-font-kokoro'>（一般的な弓の有効射程と</span><br><span class='scene-font-kokoro'>最大射程について……）</span>,<span class='scene-font-kokoro'>（普通弓箭的有效射程和最大射程……）</span>
27,,<span class='scene-font-kokoro'>（うぉー！　この子達すらすら</span><br><span class='scene-font-kokoro'>解けるなんてすげーな！）</span>,<span class='scene-font-kokoro'>（哦！　他们答得很好啊，真厉害！）</span>
28,,<span class='scene-font-kokoro'>（ええっと……どうしよう、</span><br><span class='scene-font-kokoro'>難しいなぁ……）</span>,<span class='scene-font-kokoro'>（唔……怎么办……好难啊……）</span>
29,,<span class='scene-font-kokoro'>（うんうんそうだよな……</span><br><span class='scene-font-kokoro'>難しいよな……）</span>,<span class='scene-font-kokoro'>（嗯嗯，是啊……很难吧……）</span>
30,,<span class='scene-font-kokoro'>（ん……</span><br><span class='scene-font-kokoro'>この応急手当の問題なら</span><br><span class='scene-font-kokoro'>分かるぞ……！）</span>,<span class='scene-font-kokoro'>（嗯……这个伤口应急处理的问题我应该能回答……！）</span>
31,,<span class='scene-font-kokoro'>（おっ！　</span><br><span class='scene-font-kokoro'>解けそうな問題が見つかって</span><br><span class='scene-font-kokoro'>良かったなぁ～！）</span>,<span class='scene-font-kokoro'>（哦！　看来你发现了会做的题啊，太好了~！）</span>
32,,<span class='scene-font-kokoro'>（うえぇ……</span><br><span class='scene-font-kokoro'>どれもこれも難しいなぁ。</span><br><span class='scene-font-kokoro'>文字もなんか難しいし……）</span>,<span class='scene-font-kokoro'>（呃……每个问题都好难啊。总觉得连题目都很难理解……）</span>
33,,<span class='scene-font-kokoro'>（ん……！</span><br><span class='scene-font-kokoro'>訓練と規律の大切さを説いたことわざ。</span><br><span class='scene-font-kokoro'>これなら解けるかも！）</span>,<span class='scene-font-kokoro'>（嗯……！请写出有关训练与纪律重要性的名人名言。这个我好像知道！）</span>
34,,<span class='scene-font-kokoro'>（生まれつきの勇者などいない</span><br><span class='scene-font-kokoro'>多くは訓練と軍紀による……）</span>,<span class='scene-font-kokoro'>（没有生来的勇者。只有训练和军纪才能……）</span>
35,,<span class='scene-font-kokoro'>（頑張れアーサー！</span><br><span class='scene-font-kokoro'>俺にも分からない</span><br><span class='scene-font-kokoro'>問題があるから大丈夫だ！）</span>,<span class='scene-font-kokoro'>（加油啊亚瑟！有的题目我也不懂，所以你肯定没问题的！）</span>
36,,<span class='scene-font-katari'>受験者たちは皆、今までの努力を</span><br><span class='scene-font-katari'>吐き出すように思い思いの</span><br><span class='scene-font-katari'>時間を過ごすのだった。</span>,<span class='scene-font-katari'>考生们为发挥出至今所有努力的成果投入到考试中，而时间一分一秒地过去。</span>
info,,1,scene_evt171130_cp1_q2_s10