id,name,text,trans
0-synopsis,,父親の残した手紙に導かれ、空の果てへと旅立とうとする少年。しかし、時を同じくして村には戦艦が現れ、謎の少女が助けを求めてくる。,少年在父亲留言的指引下，决定踏上前往天际的旅途。但与此同时，村里出现了一艘战舰，一位神秘少女向他寻求帮助。
0,,<span class='scene-font-katari'>――神に見捨てられたその世界には、</span><br><span class='scene-font-katari'>一つの竜の姿があった。</span>,<span class='scene-font-katari'>——在被神遗弃的世界里，</span><br><span class='scene-font-katari'>有一条龙的身影。</span>
1,,<span class='scene-font-katari'>破壊による創造を司る竜、バハムートは</span><br><span class='scene-font-katari'>己が使命に従い、残された世界を</span><br><span class='scene-font-katari'>より芳醇なものへと進化させた。</span>,<span class='scene-font-katari'>其名巴哈姆特，司掌由破灭带来的创造。它贯彻自己的使命，使被抛弃的世界变得更为芳醇。</span>
3,,<span class='scene-font-katari'>しかしそこへ、侵略者が現れる。</span><br><span class='scene-font-katari'>空の果て、彼方の世界より現れた彼らは、</span><br><span class='scene-font-spword'>星の民</span><span class='scene-font-katari'>と呼ばれた。</span>,<span class='scene-font-katari'>然而，侵略者出现了。从远在天边的他界而来，他们被称为星之民。</span>
4,,<span class='scene-font-spword'>星の民</span><span class='scene-font-katari'>は星の獣、星晶獣を使い、</span><br><span class='scene-font-katari'>瞬く間に世界を手中に収め、</span><br><span class='scene-font-katari'>空は長らく星のものとなった。</span>,<span class='scene-font-spword'>星之民</span><span class='scene-font-katari'>使用星晶兽，眨眼间征服了世界，长久以来将天空占为己有。</span>
5,,<span class='scene-font-katari'>しかし、空の民は学び、</span><br><span class='scene-font-katari'>やがて驕る星より世界を取り戻す。</span><br><span class='scene-font-katari'>後にその争いは覇空戦争と呼ばれた――</span>,<span class='scene-font-katari'>然而，空之民亦在成长，终于从傲慢的星之民手中夺回了世界。日后，人们称之为霸空战争。</span>
12,,<span class='scene-font-katari'>ここは、未完の大地が雲海を漂う</span><br><span class='scene-font-katari'>神に見捨てられし「空の世界」。</span>,<span class='scene-font-katari'>此处，未完成的大地浮荡于云海。遭神遗弃的“天空世界”。</span>
16,,<span class='scene-font-katari'>いま始まる</span><br><span class='scene-font-katari'>空と星を巡る新たな物語。</span><br><span class='scene-font-katari'>遥かなる旅路、その門出に祝福を――</span>,<span class='scene-font-katari'>现在，空与星的故事开启新的篇章。前路漫漫，当为其启程献上祝福——</span>
22,ビィ/碧,――なぁなぁ。<br>オマエ、本当に<br>村を出るつもりなのかぁ？,——我说我说。你真的打算离开村子？
23,,<span class='scene-font-katari'>トカゲのような姿を持つビィは、</span><br><span class='scene-font-katari'>首を傾げながら尋ねる。</span>,<span class='scene-font-katari'>看起来像只蜥蜴的阿碧，此刻歪着头问道。</span>
24,ビィ/碧,いくら親父さんの手紙にあったからって<br>空の果てなんて、<br>そんな場所、辿りつけるわけ……,就算是你父亲留下的信提到了天空的彼方，可那种地方怎么到得了……
24-sel1_txt,,<span class='scene-font-katari'>きっと辿りつける</span>,<span class='scene-font-katari'>肯定能抵达</span>
24-sel2_txt,,<span class='scene-font-katari'>ちゃんと計画がある</span>,<span class='scene-font-katari'>我有计划</span>
25,ビィ/碧,ああ……<span class='scene-font-spword'>完全なる空図</span>か？<br>あの何百年も前に、<br><span class='scene-font-spword'>星の民</span>が記したっていう……,啊……你说<span class='scene-font-spword'>完整的空图</span>？据说是几百年前<br><span class='scene-font-spword'>星之民</span>绘制的那个……
26,ビィ/碧,そりゃあ、それがあれば、どこだって<br>行けるかもしれねーけどよぉ。<br>あんなもの、おとぎ話だぜ？,要是真有那东西，肯定哪儿都能去啦。可那不只是个传说吗？
27,ビィ/碧,ま、言い出したら聞かないしなぁ。<br>こんな村でひっそり暮らしてるよりかは<br>全然面白そうだけどさ！　へへ。,不过，你既然都提出来了，肯定不听劝了。比起生活在这小村子里，肯定是那样有趣呀！嘿嘿。
29,ビィ/碧,ん……？<br>ま、待てまてまて！<br>なんだよ、ありゃあ！？,嗯……？喂、等一下，等一下！那，那是什么！？
31,ビィ/碧,ありゃあ……どっかの国の戦艦か！？<br>なんだってこんなド田舎に！,那东西……是别国的战舰吗！？怎么在咱这个荒僻的小村子里！
36,ビィ/碧,んなっ！？　な、なんだぁ！？<br>いまなんか爆発したぞ！,什！？怎么了！？它刚刚爆炸了！
40,,<span class='scene-font-katari'>瞬間的に輝いたそれは、</span><br><span class='scene-font-katari'>確かなイメージとなって</span><br><span class='scene-font-katari'>脳裏に焼き付く。</span>,<span class='scene-font-katari'>瞬间的闪光，深深烙于脑海。</span>
40-sel1_txt,,<span class='scene-font-katari'>いま、何か光った……</span>,<span class='scene-font-katari'>刚才，有什么发光了……</span>
41,ビィ/碧,なんだって？<br>火ぃついた軍艦の部品かなんかか？,什么？难道是军舰掉下的碎片着火了之类的？
42,ビィ/碧,それ……<br>もし燃えたまんま<br>森に落ちたんだとしたら……,要是那东西……还在燃烧就掉进森林的话……
42-sel1_txt,,<span class='scene-font-katari'>確かめよう！</span>,<span class='scene-font-katari'>我们去看看！</span>
49,,<span class='scene-font-katari'>その森は、</span><br><span class='scene-font-katari'>厳かな静けさに満ちていた。</span>,<span class='scene-font-katari'>森林中充满了庄严的静谧。</span>
50,ビィ/碧,軍艦から何か落ちたんなら、<br>たぶん、この辺に……,如果军舰掉了什么东西下来，那大概，在这附近……
53,？？？,<span class='scene-font-4'>きゃあ！</span>,<span class='scene-font-4'>呀啊！</span>
55,,<span class='scene-font-katari'>振り向きざまに肩をぶつけたのは</span><br><span class='scene-font-katari'>髪の長い少女だった。</span>,<span class='scene-font-katari'>与后退的人影撞了个满怀，原来是一位长发的少女。</span>
56,,<span class='scene-font-katari'>少女は華奢な身体をしており、</span><br><span class='scene-font-katari'>青く美しい印象的な髪を持っていた。</span>,<span class='scene-font-katari'>少女身姿纤弱，长发是美丽的碧蓝色。</span>
57,？？？,いたた……,好痛……
58,謎の少女/神秘少女,…………！,…………！
59,ビィ/碧,な、なんだこの嬢ちゃん。<br>見た事ない顔だな……,这个女孩是怎么了？没见过她呢……
59-sel1_txt,,<span class='scene-font-katari'>大丈夫？　怪我はない？</span>,<span class='scene-font-katari'>你没事吧？有没有受伤？</span>
60,謎の少女/神秘少女,……あ、あの！<br>た、助けてください！,<span class='scene-font-4'>……那、那个！请、请救救我！</span>
61,ビィ/碧,お、おいおい……<br>一体全体どうしたってんだ？,喂、喂喂……究竟发生了什么？
62,男の声/男人的声音,そこの者、止まれ！<br>剣を足元に置いて両手をあげろ！,那边的，给我站住！把剑放在脚边，举起双手！
63,謎の少女/神秘少女,っ！！,啊！！
66,,<span class='scene-font-katari'>声の主の鎧には見覚えがあった。</span><br><span class='scene-font-katari'>武力で他の国々を支配しようとする</span><br><span class='scene-font-katari'>悪名高き「エルステ帝国」の鎧。</span>,<span class='scene-font-katari'>少年看向声音的主人，认出他们身上的铠甲。那是凭武力支配其他国家，臭名昭著的“埃尔斯特帝国”的铠甲。</span>
67,,<span class='scene-font-katari'>帝国の兵士達は、</span><br><span class='scene-font-katari'>少女の後方に現れたことを考えると</span><br><span class='scene-font-katari'>少女を追ってきたようだった。</span>,<span class='scene-font-katari'>帝国的士兵们出现在少女身后，看来他们是在追捕少女。</span>
68,ビィ/碧,な、なんだてめぇら！<br>やるってぇのか！？,你们是谁啊！还想动手吗！？
69,帝国兵/帝国士兵,命が惜しいなら、大人しく、<br>その少女をこちらに引き渡すことだ。,如果还想活命，就老老实实把那少女交出来。
70,,<span class='scene-font-katari'>「命が惜しいなら」――</span><br><span class='scene-font-katari'>帝国の兵士は、平和に生きていれば</span><br><span class='scene-font-katari'>まず聞くことのない言葉を口にする。</span>,<span class='scene-font-katari'>“如果还想活命”——帝国士兵道出了和平度日的人绝不曾听过的话。</span>
71,,<span class='scene-font-katari'>明らかな敵意と――</span><br><span class='scene-font-katari'>殺意を向けられていることを</span><br><span class='scene-font-katari'>本能的に認識し、自然に足が震える。</span>,<span class='scene-font-katari'>露骨的敌意与杀意袭来，少年的双腿本能地战栗。</span>
72,謎の少女/神秘少女,い……いや……！,不……不要……！
73,帝国兵/帝国士兵,さぁ、その少女を解放するんだ。<br>手荒な真似はしたくない。,现在就放开那个女孩。我们也不想动粗。
73-sel1_txt,,<span class='scene-font-katari'>助けを求められて放っておけない！</span>,<span class='scene-font-katari'>她向我求救了，我不能不管！</span>
73-sel2_txt,,<span class='scene-font-katari'>信用できない！</span>,<span class='scene-font-katari'>我不相信你们！</span>
75,ビィ/碧,そうだそうだ！<br>勝手なことばっか言いやがって！<br>この娘、すげー怯えてるぞ！,就是就是！你们别自说自话了！她明明非常害怕！
77,帝国兵/帝国士兵,チッ……面倒だ、力づくでいくぞ。<br>ガキが後で後悔するなよ！,切……真麻烦，那我们只能来硬的了。臭小鬼可别后悔！
79,,――――！,————！
info,,,scene_tutorial00
,,,