id,name,text,trans
0,サンダルフォン/圣德芬,今日はハロウィンか。<br>どうりで外が騒がしいわけだ。,今天是万圣节啊。<br>怪不得外面这么吵闹。
1,サンダルフォン/圣德芬,姬塔達を邪魔する気は<br>ないから勝手に楽しんでくれ。,我没有坏团长你们兴致的意思，<br>你们高兴就好。
2,サンダルフォン/圣德芬,うん……？<br>お菓子を渡さないと<br>悪戯をするだと？,嗯……？<br>你说不给糖果就捣蛋？<br>
3,サンダルフォン/圣德芬,……ナンセンスだ。<br>急に言われてお菓子など<br>用意できるわけがないだろう。,……Nonsense。<br>就算你突然说要糖果<br>我也不可能马上给你准备好吧。
4,サンダルフォン/圣德芬,人間達の行動は理解しかねるが、<br>まぁいい……<br>郷に入っては郷に従おう。,虽然难以理解人类们的行动，<br>算了……<br>我就入乡随俗吧。
5,サンダルフォン/圣德芬,さぁ、罰を受ければいいのだろう？<br>悪戯でもなんでも好きにしろ。,来吧，只要接受惩罚就可以了吧？<br>要恶作剧还是别的什么都随你吧。
info,,,scene_s1_halloween_3096_v1_0_2004_1_3040153000