id,name,detail
npc,萨拉萨,3040032000
special,宇宙分断/(终突)宇宙毁灭,<div class=prt-text-small>土属性伤害(特大)/切换形态/【终突后附加】自身土属性攻击上升</div> / 流星撞击/(终突)湮灭新星
skill-1,致命狂怒,敌方土属性伤害</br><span class=text-blue>斧:自身HP回复/愤怒效果</br>剑:愤怒效果中附加激昂效果</span>
skill-1+,致命狂怒,敌方土属性伤害</br><span class=text-blue>斧:自身HP回复/愤怒效果</br>剑:愤怒效果中附加激昂效果</span>
skill-2,狂暴熔炉,斧:反击效果(回避·3次)</br>剑:自身HP越少攻击力越大上升
skill-2+,狂暴熔炉,斧:反击效果(回避·3次)</br>剑:自身HP越少攻击力越大上升
skill-2++,狂暴熔炉,斧:反击效果(回避·3次)/自身攻击力上升</br>剑:自身HP越少攻击力越大上升/敌对心降低
skill-3,原爆点,牺牲自身HP对敌全体造成无属性伤害/自身屏障效果
skill-3+,原爆点,牺牲自身HP对敌全体造成无属性伤害/自身屏障效果/敌土属性防御下降
skill-4,三寅之祝福,自身可立即发动奥义/效果时间中每回合结束奥义值变为100%/攻击大幅度上升(当回合)<span class=text-blue>◆无法再次使用</span>
support-1,怪力乱神,愤怒状态时连击率上升(90级追加暴击率上升)</br>激昂状态时奥义伤害上升/chain burst伤害上升(90级追加土属性追击效果)
support-2,暴虎,对水属性敌人造成1.2倍伤害
skill-lb,LB技能,普通攻击时几率自身攻击上升
special-backup,,<div class=prt-text-small>土属性伤害(特大)/追加999999点无属性伤害/切换形态/【终突后附加】追加伤害发动两次</div>
,,