id,name,detail
npc,阿萨谢尔,3040137000
special,替罪羊,暗属性伤害(特大)/获得幻影效果(1回)
skill-1,残酷厄运,赋予全体敌人盲暗效果/暗属性防御DOWN　<span class=text-blue>◆消耗20%奥义值</span>
skill-2,死之灾祸,对敌方单体造成3.5～4倍暗属性伤害/中毒效果<br><span class=text-blue>◆对中毒状态的敌人伤害上限UP</span>
skill-2+,死之灾祸,对敌方单体造成4～5倍暗属性伤害/中毒效果<span class=text-blue>◆对中毒的敌人伤害上限UP</span>
skill-3,恶意之翼,提高自身暗属性攻击力/光属性防御DOWN
support-1,不逊之翼,对盲暗状态的敌人攻击回避率UP/对中毒状态的敌人暴击率UP
support-2,叛逆的业火,对同时处于盲暗与中毒状态的敌人奥义伤害与奥义伤害上限UP
skill-lb,LB技能,暗属性伤害提升状态中，连击率UP
,,