id,name,detail
npc,伊鲁萨,3040177000
special,爆裂抹杀,火属性伤害(特大)/敌方mode条减少
skill-1,噬影者,对敌方全体造成火属性伤害/命中率DOWN
skill-2,未来新星,<div class=prt-text-small>对敌方全体造成5倍火属性伤害/防御DOWN(累积)<span class=text-blue><br>◆3回合内回合结束时对敌扫射对星炸裂穿甲弹</span></div>
skill-3,业火打击,<div class=prt-text-small>使用三式空中鱼雷轰炸单体敌人　<span class=text-blue>◆敌人使用特殊技能时起爆，对敌方全体造成无属性伤害/麻痹效果</span></div>
support-1,再起,根据敌人所处的状态获得强化效果(通常状态，削弱效果成功率UP/OD状态，攻击UP/Break状态，连击率UP)
support-2,仲夏的魔鬼教官,我方成员使用攻击类技能时，我方全体火属性攻击力UP(累积/最大10次)
,,