id,name,detail
npc,兰斯洛特,3040023000
special,纯白之翼,水属性伤害(特大)/(终突后)下一次使用「剑雨」时，技能发动2次
skill-1,剑雨,对敌方单体造成3.5～4.5倍水属性伤害
skill-1+,剑雨,对敌方单体造成4～5倍水属性伤害
skill-2,巨浪,对敌方全体造成水属性伤害/攻击DOWN/防御DOWN
skill-3,南十字星,效果中必定二连击
skill-3+,南十字星,效果中必定二连击/三连击率UP/水属性追击效果
support-1,一骑当千,二连击率UP
support-2,双剑乱舞,我方全体二连击率UP
skill-lb,LB技能,极小概率发动反击(回避/1次)
,,