id,en,jp,trans
0-chapter_name,,その威を示し、王たれと,王者，示其威也。
0-synopsis,,戦いを終えたソーンは、エッセルには目もくれずに次の獲物のもとへと歩いていく。その背中を見送った後、エッセルはスラムで見てきた子供達のことを思い起こす。中には今のソーンに似た子供達がおり、みんな自棄になって自ら大切な物を壊してしまったという。エッセルは、ソーンの行く末を想って悲しむのだった。,战斗结束之后的索恩，连艾洁儿看都没看一眼就继续去寻找下一个猎物。在看着索恩离开的背影后，艾洁儿想起了原来贫民街见到过的孩子的事情。其中有很多和现在索恩相似的孩子，他们都自暴自弃亲手破坏了自己重要的东西。想到这些的艾洁儿对索恩的将来感到了悲哀。
0,,<span class='scene-font-katari'>戦いの後、言葉も交わさず、</span><br><span class='scene-font-katari'>ソーンは次の獲物のもとへと</span><br><span class='scene-font-katari'>歩いていく。</span>,<span class='scene-font-katari'>战斗结束后，两个人沉默无语。</span><br><span class='scene-font-katari'>索恩向着下一个猎物迈出了步伐。</span>
1,,<span class='scene-font-katari'>エッセルはその背中を</span><br><span class='scene-font-katari'>ただ見送る事しかできなかった。</span>,<span class='scene-font-katari'>什么都做不到的艾洁儿只能看着</span><br><span class='scene-font-katari'>索恩渐渐离开的背影。</span>
2,,十天衆になる前……<br>キミみたいな目をした子を、<br>私はスラムでたくさん見てきたよ。,在成为十天众之前……<br>有着眼神像你一样的孩子，<br>我在贫民街里见过很多。
3,,みんな、自棄になって……<br>大切な物を壊してしまった。<br>自分の手で……,大家，变得自暴自弃……<br>用自己的手，将自己重要的东西破坏殆尽……
4,,……私は、悲しいよ……,……看到这样的你。<br>我，真的很伤心啊……
info,,1,scene_ult_chr129_q4_8_s20