id,en,jp,trans
0-chapter_name,,その威を示し、王たれと,王者，示其威也。
0-synopsis,,戦いを終えて、シスに背を向け去っていくソーン。シスはその背中に向けて、「身を焼くような闇の中にあるのは孤独と、虚無……お前は、その闇に落ちるな……」と警告するのだった。,战斗结束后，希斯看着扬长而去的索恩的背影，警告道「通过亲自打倒伙伴来前进的道路，必将充满黑暗和苦痛……你千万不要堕落到这黑暗之中啊……」。
2,,<span class='scene-font-katari'>戦いを終え、</span><br><span class='scene-font-katari'>いつものように背を向けるソーン。</span><br><span class='scene-font-katari'>その足取りに迷いはない。</span>,<span class='scene-font-katari'>结束战斗后的索恩吗，</span><br><span class='scene-font-katari'>像平时一样扬长而去。</span><br><span class='scene-font-katari'>她的步伐没有一丝迷茫。</span>
3,,……同朋を手にかけ進む道は<br>闇と苦痛に満ちている……,……通过亲自打倒伙伴来前进的道路<br>必将充满黑暗和苦痛……
4,,俺は見た……<br>身を焼くような闇の中にあるのは<br>孤独と、虚無……,我能看见……<br>在这苦痛的黑暗中只有<br>孤独和虚无……
5,,お前は、その闇に落ちるな……,你千万不要堕落到这黑暗之中啊……
info,,1,scene_ult_chr129_q4_5_s20