id,name,text,trans
0-chapter_name,,第2話 未知との邂逅,与未知的邂逅
0-synopsis,,虫を倒し、青年を保護する姬塔一行。青年を手当てする一行に、青年は「何故見ず知らずの者に治癒を施すのか」と疑問を投げかけ、ベアトリクスが「ただの親切心ってやつだよ」と答える。その後一行はカシウスと名乗る青年に事情を聞くが、どうにも要領を得ない。ひとまず一行はカシウスを連れて月の剥片を離れるのだった。,打到虫，保护青年的姬塔一行人在为青年治疗的时候，青年问他们为何要治疗素味平生的人。贝阿朵丽丝说这只是善心罢了。之后一行人向名为卡西乌斯的青年问了一些问题，但回答都令人费解。总之一行人带着卡西乌斯暂且离开了月之碎片。
1,,<span class='scene-font-katari'>青年の周りに居た</span><br><span class='scene-font-katari'>虫を全て倒した姬塔達。</span>,青年旁边的，是将虫全部击倒的姬塔一行人。
2,,<span class='scene-font-katari'>姬塔達は、</span><br><span class='scene-font-katari'>ぼうっと火を未だに眺めている</span><br><span class='scene-font-katari'>青年に声をかける。</span>," 姬塔他们向呆呆地望着燃烧的火焰的青年搭话。"
3,ベアトリクス/贝阿朵丽丝,おい！　大丈夫か！？<br>なにしてるんだお前！,喂！　你没事吧！？你在干什么啊！
4,？？？,…………？,…………？
5,？？？,火を熾している。,在生火。
6,ビィ/碧,み、見りゃわかるよ……<br>そうじゃねぇよっ！,唔、一看就知道……不是问这个！
7,？？？,分かることをわざわざ尋ねたのか？<br>一体何のために。,寻求已经明了之事？到底是为什么。
8,ルリア/露莉亚,そ、それよりも！<br>はやく治療しましょう！<br>ひどい怪我ですよ、お兄さん！,比、比起这个！快点治疗一下吧！很严重的伤啊、お兄さん！
9,？？？,……？,……？
10,,<span class='scene-font-katari'>一行は持ち合わせていた道具で</span><br><span class='scene-font-katari'>青年に応急手当てを施す。</span>,一行人用手头的道具给青年做了应急处置。
11,,<span class='scene-font-katari'>その間、男は心底、</span><br><span class='scene-font-katari'>不思議そうに首を傾げていた。</span>,这期间，男人从心底里感到不可思议地歪着头
16,ベアトリクス/贝阿朵丽丝,止血もしたし、消毒も終わり。<br>とりあえずこれで大丈夫だ。,止住血了，消毒也完成了。暂时没事了。
17,ベアトリクス/贝阿朵丽丝,けど、本当に酷い怪我だったな。<br>特に頭……血だらけじゃないか。,但是、这伤势也太重了。特别是头……都是血啊。
18,ビィ/碧,骨がどこも折れてないのが、<br>不幸中の幸い、ってやつだな……,没有骨折、真是不幸中的万幸……
19,ルリア/露莉亚,本当によかったです……,真是太好了……
20,？？？,非合理極まりない。,这一点都不理性。
21,ルリア/露莉亚,え？,欸？
22,？？？,何故、<br>見ず知らずの者に治療を施し、<br>無事を喜ぶ？,为何、给素味平生的我治疗、还能平常地喜悦？
23,ルリア/露莉亚,な、なぜって……<br>大怪我してる人、<br>放っておけないですし……,为、为什么……受重伤的人、总不能放着不管……
24,？？？,何故だ。<br>俺はお前達に利益をもたらす<br>存在ではないかもしれないのに。,为何。我明明不是能给你们带来利益的人。
25,ルリア/露莉亚,り、りえき……？<br>えーっと……,利、利益……？欸……
26,ベアトリクス/贝阿朵丽丝,本当にヘンテコなヤツだな。<br>深い意味なんてないって。,真是个古怪的家伙啊。明明没有什么深意的。
27,ベアトリクス/贝阿朵丽丝,言葉にするとこう、<br>押しつけがましいけどさ。<br>ただの親切心ってやつだよ。,转成语言就是。虽然有些强硬，但只是善心罢了。
28,？？？,親切……シン？　ふむ。,善……信？　唔。
29,ベアトリクス/贝阿朵丽丝,なぁ、どうして<br>こんなとこに居たんだ？<br>しかも、一人でさ。,呐，为什么会在这种地方呢？而且、还是一个人。
30,？？？,予定していた行動を取れずにいた。,无法完成预定好的任务。
31,？？？,手持無沙汰故、火を熾し、<br>観察を続けていた。,手忙脚乱的、于是升起火、开始观察。
32,？？？,さらに重力について、<br>思考を巡らせていた所、<br>お前達に出会って、今に至る。,我正思考重力是什么的时候，你们来了，变成现在这样。
33,ビィ/碧,うーん。<br>お前、何言ってんのか<br>ちょっとわかりづれぇなぁ。,唔--。有点不明白你到底在说什么。
34,,<span class='scene-font-katari'>その後も、一行は</span><br><span class='scene-font-katari'>青年に何度か質問をしたが、</span><br><span class='scene-font-katari'>要領の得ない答えばかり返ってきた。</span>,之后一行人又问了青年许多问题，但只是得到一些不得要领的回答。
39,,<span class='scene-font-katari'>青年が怪我をした理由すらわからず、</span><br><span class='scene-font-katari'>困惑してしまう一行だが、彼の周囲に</span><br><span class='scene-font-katari'>破損した機械を発見する。</span>,因青年受伤理由而困惑的一行人，发现了青年身旁破碎的机械。
40,ビィ/碧,これなんの部品だ？<br>虫の残骸じゃねぇよな。,这是什么的碎片啊？看起来不是虫的残骸。
41,ベアトリクス/贝阿朵丽丝,木材じゃないみたいだけど、<br>なんとなく、騎空艇の材料に<br>似てるような……,也不像是木材，总觉得，像是骑空艇的材料……
42,ビィ/碧,もしかしてだけどよぉ。<br>騎空艇を虫に襲われて<br>墜落しちまったんじゃねぇか？,难道说。骑空艇被虫袭击然后坠落了吗
43,ルリア/露莉亚,なるほど。<br>それであんな大怪我を……,原来如此。所以才会受这么重的伤……
44,？？？,…………,…………
45,ベアトリクス/贝阿朵丽丝,それで墜落の時に、<br>頭を酷く打ったのか？,然后在坠落的时候，狠狠地撞到头了吗？
46,ベアトリクス/贝阿朵丽丝,それなら要領を得ないのも、<br>ヘンテコなのも<br>それなりに納得がいくけど……,那样的话，你的胡话就能解释了......
47,ビィ/碧,頭を打ったショックで<br>記憶が変になったってことか。,头受到冲击记忆变得奇怪了的意思吗。
48,？？？,…………,…………
49,？？？,判断材料が少ない中、<br>憶測を立てるのは合理的ではないが……,判断材料不足的情况下，进行臆测是不合理的......
50,？？？,しかし、確度として適当なのであれば<br>そう思って貰って結構だ。,但是，如果判断准确的话你这么想也没关系。
51,ビィ/碧,いや、結構って……<br>お前のことだろうが。<br>こりゃ相当混乱してるみてぇだな。,不、没关系...这是你的事情吧。看来这是相当的混乱了。
52,ベアトリクス/贝阿朵丽丝,なぁ、名前は言えるか？,呐，你叫什么？
53,カシウス,カシウスだ。,卡西乌斯。
54,ルリア/露莉亚,よかった。<br>お名前はわかるんですね。,太好了。你还记得名字。
55,ベアトリクス/贝阿朵丽丝,なぁ、姬塔。<br>コイツ、保護するべきかな。,呐、姬塔。这家伙，应不应该保护呢？
56,ベアトリクス/贝阿朵丽丝,移動手段もないみたいだし、<br>この場に残しておくのも<br>なんだか寝覚めが悪いしな。,看起来他也没有移动手段，把他留在这里晚上也睡不安稳。
57,ベアトリクス/贝阿朵丽丝,それにもし、虫のせいで<br>こんな目にあったんだとしたら、<br>組織が保護すべきだと思うし……,而且如果、是因为虫才变成这样，组织就有义务保护他……
58,ビィ/碧,そうだな。<br>オイラ達は構わないぜ。,说的也是。我们怎样都好哦。
59,ベアトリクス/贝阿朵丽丝,よし！　決まりだな！,好！　那就这么决定了！
60,ベアトリクス/贝阿朵丽丝,歩けるか？　カシウス。,能走吗？　卡西乌斯。
61,カシウス,可能だ。<br>だが……これも理解不能だな。,可以。但是……这我也不能理解。
62,カシウス,治療だけではなく、<br>安全な場所まで無償で提供する<br>理由がわからない。,不仅是治疗、还无偿提供给我安全的地方，我不能理解。
63,カシウス,見返りを求めるつもりなら、<br>はっきりとここで口にしろ。<br>内容によっては検討も必要だろう。,如果是寻求回报的话、就在这里明说吧。根据内容也有必要进行讨论。
64,ベアトリクス/贝阿朵丽丝,疑い深い奴だなぁ。<br>そんなつもりは毛頭ないって。,真是疑心重的家伙啊。我们没有那个意思
65,カシウス,何故だ？<br>これも親切シンとやらか？,为何？这也是所谓的善信吗？
66,ベアトリクス/贝阿朵丽丝,もう！　そうだよ！　そう！<br>だから素直に受け取っとけって！<br>ほら、行くぞ！！,真是！对啊！　就是这样！所以老老实实地接受！好了、走吧！！
67,カシウス,そうか。とりあえず無償奉仕の<br>提供について言質はとったからな。<br>同行しよう。,嗯。总之你们的无偿行为已经取得我的信任。我就和你们一起走吧。
68,,<span class='scene-font-katari'>こうして、一行は</span><br><span class='scene-font-katari'>不思議な男、カシウスと共に</span><br><span class='scene-font-katari'>月の剥片を一旦離れることにした。</span>,就这样，一行人和奇怪的男子--卡西乌斯一同离开了月之碎片。
info,麻友桑的话筒,,scene_evt181231_cp2_q4_s10
,,,