id,name,detail
npc,凯瑟琳,3040074000
special,死亡之吻,土属性伤害(特大)/下一回合必定三连击
skill-1,夜行者,<div class=prt-text-small>赋予敌方单体诱惑效果/标记为夜烟的目标　<span class=text-blue>◆诱惑效果未命中时，赋予敌人魅惑效果</span></div>
skill-2,奢华红唇,盗走敌方单体的蓄力计数点，转化为自身奥义/奥义伤害UP(1回)
skill-3,紫色杀意,自身攻击大幅UP(仅针对附有夜烟的目标的敌人/1回)
support-1,数不清的假名,极小概率免疫削弱效果/回避率UP
skill-lb,LB技能,对诱惑状态和魅惑状态的敌人造成额外土属性伤害
,,