id,name,detail
npc,萝赛塔,3040026000
special,泥泞玫瑰,暗属性伤害(特大)/我方全体获得护盾效果(70%概率减免30%伤害)
skill-1,报应,对敌方单体造成暗属性伤害/中毒效果 <span class=text-blue>◆对中毒效果中的敌人追加伤害</span>
skill-2,主宰,消去敌方1个强化效果
skill-3,光流,回复我方全体HP(上限1500)/净化1个负面效果
support-1,玫瑰宫殿,我方全体防御UP(约5%)
skill-lb,LB技能,有极小概率回避敌方所有攻击
,,
,,