id,name,text,trans
0-chapter_name,,第5話 更なる新メニュー誕生,第5話 更进一步的新菜单诞生
0-synopsis,,もう１品デザートを追加しようとする姬塔達は、ソルベと対になる濃厚なデザートとしてプリンを作ることにする。ジークフリートの提案でバジリスクの卵をプリンに使うことになり、姬塔達はバジリスクが生息する洞窟を目指す。バジリスクの巣から卵を取ろうとしたところを不意にバジリスクに襲われ、一行は慌てて立ち向かうのだった。,姬塔等人想要再追加一个甜点，决定制作布丁作为跟雪葩对应的浓厚的甜点。在齐格飞的提议下众人决定用巴吉里斯克的蛋来做布丁，便出发前往巴吉里斯克栖息的洞窟。正准备从巴吉里斯克的巢中取走蛋的时候一行人被巴吉里斯克袭击
了，慌忙应付了起来。,,,
7,,<span class='scene-font-katari'>テラス席やエレメンタルソルベの</span><br><span class='scene-font-katari'>評判によって、人気店のお客が徐々に</span><br><span class='scene-font-katari'>流れ始めたビストロ・フェードラッヘ。</span>,<span class='scene-font-katari'>因为
露天座位及元素雪葩的出名，客人逐渐从人气店转到了菲德拉赫料理店。</span>,,,
8,,<span class='scene-font-katari'>姬塔達は、この調子で</span><br><span class='scene-font-katari'>デザートをもう１品追加しようと</span><br><span class='scene-font-katari'>相談しているのだった。</span>,<span class='scene-font-katari'>姬塔等人讨论着想要趁此机会再追加一个甜点。</span>
9,ランスロット/兰斯洛特,さっぱりしたソルベの他に<br>甘くて濃厚なデザートが<br>あればいいと思わないか？,除了清爽的雪葩以外，你们不觉得有另外一种又甜又浓厚的甜点会更好吗？
10,ルリア/露莉亚,あ、それいいですね～！<br>私も大賛成です！,啊，这主意不错～！<br>我非常赞成！
11,ランスロット/兰斯洛特,よかった！<br>じゃあそうしよう！,太好了！<br>那么就这么办吧！
12,パーシヴァル/帕西瓦尔,ランスロット。<br>そういうからには、<br>何かいい案があるのか？,兰斯洛特，你既然这么说，也就是说你有好的想法？
13,ランスロット/兰斯洛特,ああ、もちろんだ！<br>俺は、濃厚なプリンが<br>いいんじゃないかと思ってる。,啊，当然！<br>我觉得浓厚的布丁就不错。
14,ルリア/露莉亚,わぁ！<br>プリンいいですね～！<br>私も大好きです、プリン！,哇！<br>布丁很好啊～！<br>我也非常喜欢布丁！
15,ヴェイン/维恩,プリンか！<br>ランちゃんの好物だし<br>ちょうどいいな！,布丁啊！<br>是兰酱喜欢东西，正好呢！
16,ビィ/碧,ははは！　ランスロットは<br>自分の好物だからプリンがいいのか？,哈哈哈！兰斯洛特是因为布丁是自己喜欢的东西所以才觉得好的吗？
17,ランスロット/兰斯洛特,それは違うぞ、人気のスイーツ店の<br>売り上げについて調査をしたんだが、<br>一位が軒並みプリンだったんだ！,并不是你说的那样。我调查过人气甜品店的销售情况，排第一的无论哪家都是布丁！
18,ランスロット/兰斯洛特,更にプリンなら、他のスイーツに比べて<br>材料的にも簡単に作れるしな！,而且布丁的话，比起其他甜品材料更简单更好做！
19,パーシヴァル/帕西瓦尔,おい、ムキにならずとも<br>誰も反対していないだろう。,喂，你不用那么热心说明，没有人反对啊。
20,パーシヴァル/帕西瓦尔,問題は、どんなプリンにするかだな。<br>昨今では色々な種類があるだろう。,问题是要选哪种布丁。<br>古往今来种类有很多吧。
21,ランスロット/兰斯洛特,なめらかな舌触りの<br>とろけるプリンがいいな。,光滑的触感，吃进嘴里逐渐融化的布丁比较好。
22,ヴェイン/维恩,卵はいい卵を使いたいよな～,蛋也想用好的蛋啊～
23,ジークフリート/齐格飞,いい卵か……<br>それは、どんな卵だといいんだ？,好的蛋吗……<br>哪种蛋算好的？
24,ヴェイン/维恩,えっと、生みたての新鮮な卵で、<br>黄身と白身がしっかり<br>盛り上がってるのがいいですね！,那个，刚刚产下来的新鲜的蛋，蛋黄蛋白界限分明微微膨起就是好蛋！
25,ジークフリート/齐格飞,ふむ……前にバジリスクの卵を<br>食べた時に、得も言われぬ<br>旨味を感じたな。,嗯……之前吃巴吉里斯克的蛋的时候，我感觉有种说不出来的口感。
26,ジークフリート/齐格飞,ここはバジリスクの卵で<br>プリンを作ってみたらどうだろう？,就用巴吉里斯克的蛋来做布丁试试吧？
27,ヴェイン/维恩,へぇー！<br>バジリスクの卵って<br>美味しいんですね！,欸！巴吉里斯克的蛋很好吃啊？
28,ランスロット/兰斯洛特,いいですね！<br>バジリスクの卵で<br>プリンを作ってみましょうよ！,这主意不错！就用巴吉里斯克的蛋来做布丁试试吧！
29,パーシヴァル/帕西瓦尔,おい……！<br>それは下手物の類じゃないのか？<br>本当に大丈夫なんだろうな？,喂……！那不是奇特兴趣类的东西吧？真的不要紧吗？
30,ジークフリート/齐格飞,俺は何度も食べているが？<br>この通り問題は無いぞ。,我吃过好几次了啊？如你所见没什么问题。
31,パーシヴァル/帕西瓦尔,お前の身体の調子など<br>参考にならんと思うが……<br>まぁいい、好きにしろ。,你那身体的情况我觉得不能拿来参考……<br>算了，随便你们吧。
32,ランスロット/兰斯洛特,よし！<br>今からバジリスクの卵を<br>調達しに行こう！,好！<br>我们现在就去采巴吉里斯克的蛋吧！
38,,<span class='scene-font-katari'>姬塔達は</span><br><span class='scene-font-katari'>ジークフリートの案内で</span><br><span class='scene-font-katari'>バジリスクの生息地を目指す。</span>,<span class='scene-font-katari'>姬塔等人在齐格飞的带领下前往巴吉里斯克的栖息地。</span>
44,,<span class='scene-font-katari'>途中、鬱蒼とした森の中を抜けて、</span><br><span class='scene-font-katari'>昼過ぎ頃にはバジリスクが出入りする</span><br><span class='scene-font-katari'>薄暗い洞窟に到着していた。</span>,<span class='scene-font-katari'>途中经过了穿过了郁郁葱葱的森林，过中午的时候到达了有巴吉里斯克出没的昏暗的洞窟。</span>
50,,<span class='scene-font-katari'>その洞窟の奥で、姬塔一行は</span><br><span class='scene-font-katari'>枯草が敷き詰められた巣を発見する。</span>,<span class='scene-font-katari'>姬塔一行人在洞窟深处发现了铺着枯草的巢穴。</span>
51,ジークフリート/齐格飞,あそこにまだら模様の卵が<br>あるのが見えるか？,那边有带斑纹的蛋，看到吗？
52,パーシヴァル/帕西瓦尔,ああ。<br>今のところバジリスクは<br>巣にいない様だな。,看到了。<br>看起来目前巴吉里斯克不在巢里啊。
53,ランスロット/兰斯洛特,外に獲物を狩りに<br>出ているのか……？,是外出狩猎去了吗……？
54,ヴェイン/维恩,よし、ここは俺に任せろ！,好，这里就交给我吧！
55,ジークフリート/齐格飞,待て、ヴェイン！<br>もう少し様子をうかがってから……,等下，维恩！<br>在观察一下再……
56,バジリスク,フシュルルル！,嘶嘶！
57,,<span class='scene-font-katari'>ヴェインがバジリスクの</span><br><span class='scene-font-katari'>巣に近づいた瞬間、死角から</span><br><span class='scene-font-katari'>バジリスクが襲い掛かって来た。</span>,<span class='scene-font-katari'>维恩接近巴吉里斯克巢穴的瞬间，巴吉里斯克从死角窜了出来。</span>
58,ヴェイン/维恩,うわっ！,呜哇！
59,ランスロット/兰斯洛特,なにっ！<br>物陰に隠れていたのか！,什么！<br>它藏在阴影里吗！
60,ジークフリート/齐格飞,バジリスクのつがいは、<br>雄が狩りに出ている間は<br>雌が巣を守る習性があってな。,一对巴吉里斯克有雄性外出狩猎时雌性守护巢穴的习性。
61,パーシヴァル/帕西瓦尔,そういう大事なことは<br>事前に言っておけっ！,这么重要的事情要提前说！
62,ジークフリート/齐格飞,今言おうとしていたんだが、<br>すまなかった。,我刚准备说，抱歉。	
64,ランスロット/兰斯洛特,ヴェイン！<br>今助けに行くぞ！,维恩！<br>我们现在去救你！
65,ビィ/碧,おい！　姬塔！<br>オイラ達もヴェインを助けるぞ！,喂！姬塔！<br>我们也去救维恩吧！
info,,,scene_evt181031_cp5_q1_s20
备注,,,翻译：shala9999
,,,