id,en,jp,trans
0-chapter_name,,第1話 白竜騎士団入団試験、開始,第1话 白龙骑士团入团试验，开始。
0-synopsis,,アーサーとモルドレッドは同じ受験生のヘンリーとともに、ランスロット、ヴェインによる集団面接を受ける。志望動機を聞かれたアーサーは言葉に詰まり、モルドレッドが助け舟を出す。面接後、ランスロットはアーサーとモルドレッドに騎士団精神が宿るか疑問に思うとヴェインに打ち明ける。ヴェインはふたりを見極めるべく、自ら彼らの班長を務めると進言するのだった。,亚瑟与莫德雷德，同为考生的亨利一起，来到兰斯洛特和维恩所在地接受面试。被问到参加试验原因的亚瑟有些词穷，莫德雷德连忙帮忙接话。面试后，兰斯洛特对维恩说自己在怀疑亚瑟与莫德雷德有没有骑士道精神。维恩为监护他们，提出要做他们班长的建议。
1,,<span class='scene-font-katari'>筆記試験の結果について話しながら、</span><br><span class='scene-font-katari'>個室の前で待たされる受験生達。</span>,<span class='scene-font-katari'>考生们一边讨论着</span><br><span class='scene-font-katari'>关于笔试的结果，</span><br><span class='scene-font-katari'>一边在房间前等待着。</span>
2,,<span class='scene-font-katari'>アーサーとモルドレッドは、</span><br><span class='scene-font-katari'>隣同士で並んで座っている。</span>,<span class='scene-font-katari'>亚瑟与莫德雷德</span><br><span class='scene-font-katari'>并排坐在一起。</span>
3,,どうだった、試験？,考试怎么样？
4,,……まぁ……ぼちぼちかな！,呃呃……差不多吧。
5,,モルドレッドは？,莫德雷德你呢？
6,,簡単だった。,很简单。
7,,はぁ……そうか……,哈啊……是吗……
8,,でもまぁ、<br>いきなりこれで落とされることは<br>無いから大丈夫だろ。,不过啊，<br>应该不会突然就被刷掉吧，<br>没事的。
9,,そうかなぁ？,是不是啊？
10,,あくまで最低限の知識を<br>みてるだけだろ？,应该只是测试一下我们最<br>低限度的知识储备吧？
11,,試験の本番は<br>これからだと思うぜ。,感觉后面才是<br>真正的考验呢。
12,,あー、ならよかった～,啊，那样就好了……
13,,よーし、次から頑張ろっと！,好！下次再好好努力！
14,,<span class='scene-font-kokoro'>（……なんだこいつら</span><br><span class='scene-font-kokoro'>ペチャクチャうるせえな……）</span>,<span class='scene-font-kokoro'>（怎么回事啊他们，</span><br><span class='scene-font-kokoro'>吵吵闹闹的真烦人。）</span>
15,,<span class='scene-font-katari'>他の受験生が退室すると同時に、</span><br><span class='scene-font-katari'>部屋の中から試験官の騎士が現れる。</span>,<span class='scene-font-katari'>有考生从房间里退出来，</span><br><span class='scene-font-katari'>同时一位考官从里面走出来。</span>
17,,ヘンリー、モルドレッド、アーサー<br>中へ入れ。,亨利、莫德雷德、亚瑟，<br>你们进来。
23,,<span class='scene-font-katari'>部屋にはランスロットとヴェイン、</span><br><span class='scene-font-katari'>そして他の試験官の姿があった。</span>,<span class='scene-font-katari'>房间里有兰斯洛特、维恩，</span><br><span class='scene-font-katari'>还有其他考官。</span>
24,,あれっ！<br>ヴェイン副団長に<br>ランスロット団長！,啊嘞！<br>是维恩副团长<br>和兰斯洛特团长！
25,,おう、奇遇だな。,哦哦，奇遇啊！
26,,コホン……,咳……
27,,おい、アーサー<br>ちょっとうるさいって。,喂，亚瑟，<br>你有点吵诶。
28,,えっ！　<br>俺そんなにうるさかった？,诶！　<br>我有那么吵吗？
29,,<span class='scene-font-kokoro'>（なんだこの下品なやつらは？</span><br><span class='scene-font-kokoro'>さっきから慣れなれしく</span><br><span class='scene-font-kokoro'>しやがって……）</span>,<span class='scene-font-kokoro'>（怎么回事啊这两个粗俗的家伙，</span><br><span class='scene-font-kokoro'>从刚才开始就一点</span><br><span class='scene-font-kokoro'>儿也不认生……）</span>
30,,すまないが……<br>他の受験生も同席しているので<br>少し静かにしてもらえるか？,抱歉……<br>这里还有其他考生，<br>可以请你们安静一些吗？
31,,元気なのは良いが、<br>時と場所を弁えることを<br>意識して欲しい。,有活力是好事，<br>但我希望你们有时也要看下场合。
32,,はいっ。<br>申し訳ありません。,好的！<br>对不起。
33,,以後気を付けます。,我们以后注意。
34,,<span class='scene-font-kokoro'>（初対面の悪印象をここで</span><br><span class='scene-font-kokoro'>挽回しねーとな……）</span>,<span class='scene-font-kokoro'>（还是没能挽回第一次</span><br><span class='scene-font-kokoro'>见面时的坏印象啊……）</span>
35,,<span class='scene-font-kokoro'>（へっ……バカが。</span><br><span class='scene-font-kokoro'>怒られてやんの）</span>,<span class='scene-font-kokoro'>（嘿，笨蛋，</span><br><span class='scene-font-kokoro'>惹团长生气了吧。）</span>
36,,<span class='scene-font-katari'>改めて居住まいを正して</span><br><span class='scene-font-katari'>話し始めるランスロット。</span>,<span class='scene-font-katari'>兰斯洛特重新开始讲话。</span>
37,,ここに個別に集まってもらったのは、<br>君たち一人一人と話をするためだ。,把你们叫过来，<br>是想和你们每个人单独聊一下。
38,,……話、ですか？,聊……？
39,,ああ、みんながどんな思いで<br>この試験を受けに来てくれたのかを<br>最初に知っておきたくてな。,嗯，因为我们想一开始就了解<br>大家来这里参加<br>入团试验的动机。
40,,<span class='scene-font-kokoro'>（最初の方に面接を持ってきたのは、</span><br><span class='scene-font-kokoro'>個人の特性を大まかに把握するためか）</span>,<span class='scene-font-kokoro'>（一开始先来面试，</span><br><span class='scene-font-kokoro'>是要先把握每个人的性格吗？）</span>
41,,<span class='scene-font-kokoro'>（恐らくはさっきの筆記試験と合わせて</span><br><span class='scene-font-kokoro'>判断されるんだろうな……）</span>,<span class='scene-font-kokoro'>（恐怕是要和刚刚的</span><br><span class='scene-font-kokoro'>笔试一起做判断吧……）</span>
42,,では、<br>ヘンリーから聞かせてもらえるか？,那么，<br>可以先从亨利问起吗？
43,,はい。<br>私の志望動機ですが……,是！<br>我的报考动机……
44,,実は、私の父も祖父も<br>代々騎士としてこの国に<br>仕えてきました。,我的父亲和祖父<br>都是这个国家的骑士。
45,,そんな父の背中を見て育った私は、<br>自分も父と同じ騎士の道に進んで<br>この国のために働きたいと思いました。,受父亲熏陶的我也想和<br>父亲走同样的骑士之道，<br>想为这个国家奋斗。
46,,君の父君の事はよく知っている。<br>今回の試験官からは外れてもらったが、<br>我が国のために尽力してくれている。,我听过很多关于你父亲的事，<br>虽然这次他没有担任考官，<br>但也在为这个国家做着贡献。
47,,ありがとうございます！<br>父上も喜びます！,谢谢您！<br>父亲也一定会很开心的！
48,,おお！　<br>君がヘンリーだったのか！<br>お父さんに宜しくな！,哦哦！<br>你就是亨利啊！<br>代我向你父亲问好哦！
49,,<span class='scene-font-katari'>ランスロットとヴェインに</span><br><span class='scene-font-katari'>満面の笑みを浮かべるヘンリー</span>,<span class='scene-font-katari'>亨利对兰斯洛特和</span><br><span class='scene-font-katari'>维恩开心地笑着。</span>
50,,次は……アーサー<br>君の志望動機を聞かせてもらえるかな？,下一个……亚瑟，<br>可以说说你的报考动机吗？
51,,えっ……俺ですか！<br>志望動機……志望動機……,诶……我吗！<br>报考动机……报考动机……
52,,ええっと……何だろう……<br>俺には、そんな大した<br>動機はないんですけど……,那个……是什么来着……<br>我，我没有多了<br>不起的动机……
53,,どんなことでもいいから<br>聞かせてくれないか？,不管怎样的动机<br>都可以说出来。
54,,俺、孤児院の生まれなんですけど、<br>早く騎士団長になって、<br>たんまりお給金をもらいたいんです。,我是在孤儿院长大的，<br>想尽快成为骑士团长，<br>多拿一些薪水。
55,,そのお給金で、孤児院のみんなに<br>いい暮らしをさせたいんです。,有了薪水我就能让孤儿院<br>的大家过上好日子了。
56,,そうか。<br>騎士団長になりたいとは、<br>立派な心がけだ。,是吗？<br>想要成为骑士团长<br>的志向很远大。
57,,だが、お金を稼ぐだけであれば、<br>他にも仕事はあると思わないか？,但只是想赚钱的话，<br>不是还可以做其他工作吗？
58,,あ……確かにそうですね！,啊……好像确实如此！
59,,あれ……俺なんで騎士に<br>なりたいんだっけ……？,啊嘞……<br>我为什么想成为骑士来着……？
60,,<span class='scene-font-kokoro'>（……コイツ……バカなのか？）</span>,<span class='scene-font-kokoro'>（这小子……笨蛋吧？）</span>
61,,<span class='scene-font-kokoro'>（おいおいアーサー！</span><br><span class='scene-font-kokoro'>オマエなに納得してんだよ！）</span>,<span class='scene-font-kokoro'>（喂喂亚瑟！</span><br><span class='scene-font-kokoro'>你怎么还顺着说下去了！）</span>
62,,<span class='scene-font-kokoro'>（……がんばれ！</span><br><span class='scene-font-kokoro'>がんばれアーサー！）</span>,<span class='scene-font-kokoro'>（加油啊……！</span><br><span class='scene-font-kokoro'>加油啊亚瑟！）</span>
63,,どうした、アーサー？,怎么了亚瑟？
64,,<span class='scene-font-katari'>思わずアーサーに助け船を</span><br><span class='scene-font-katari'>出そうと焦るモルドレッド。</span>,<span class='scene-font-katari'>焦急的莫德雷德不由</span><br><span class='scene-font-katari'>地想去帮助亚瑟。</span>
65,,あの！<br>オレから補足してもいいですか？,那个！<br>我可以进行补充吗？
66,,ああ、構わないが……,啊，可以……
67,,オレとアーサーは……<br>同じ孤児院で一緒に育って……<br>幼馴染なんです。,我和亚瑟……<br>我们两个是从小一起在<br>孤儿院长大的发小。
68,,だから社会的に弱い立場の<br>オレ達は強くなるしか<br>生きていく方法が無くて……,我们这种弱势群体想要<br>活下去就必须变强……
69,,そんな時に、今回の<br>白竜騎士団入団試験の<br>ことを知って……,正好前段时间听说<br>白龙骑士团入团<br>试验的消息……
70,,この国で一番強い騎士団に入って<br>騎士になって、ふたりで<br>強くなろうって決めたんです！,我们就决定加入这个国家<br>最强的骑士团，成为骑士，<br>两个人一起变强！
71,,そして、昔のオレ達みたいな<br>弱い者を護れるようになるって……,然后一起保护和以前的<br>我们一样的弱势群体……
72,,だから、その！　<br>決して甘い気持ちで受験しに<br>来たわけじゃないんです！,所以，那个！<br>我们绝不是随随便便<br>就决定要来的！
73,,<span class='scene-font-kokoro'>（……はあっ？</span><br><span class='scene-font-kokoro'>孤児のくせに騎士団長になるだと？</span><br><span class='scene-font-kokoro'>寝言は寝てから言え……）</span>,<span class='scene-font-kokoro'>（哈啊……？</span><br><span class='scene-font-kokoro'>区区孤儿还想做骑士团长？</span><br><span class='scene-font-kokoro'>真是痴人说梦……）</span>
74,,ランスロット団長、<br>もう次が……,兰斯洛特团长，<br>差不多该下一个了……
75,,……君たちの思いはわかった。,我知道你们的想法了……
76,,お疲れさん。<br>面接はこれで終わりだ。,辛苦啦，<br>面试结束了。
77,,失礼します。,辛苦了！
79,,……失礼します。,辛苦了……
80,,……失礼します。,辛苦了……
81,,<span class='scene-font-katari'>上手く思いを伝えられず、</span><br><span class='scene-font-katari'>落胆した様子で部屋を後にする</span><br><span class='scene-font-katari'>アーサーとモルドレッド。</span>,<span class='scene-font-katari'>没能很好传达自己想法</span><br><span class='scene-font-katari'>的亚瑟和莫德雷德</span><br><span class='scene-font-katari'>泄气地离开房间。</span>
82,,<span class='scene-font-katari'>ヘンリーは最後まで</span><br><span class='scene-font-katari'>堂々とした様子で</span><br><span class='scene-font-katari'>部屋を後にするのだった。</span>,<span class='scene-font-katari'>亨利则一脸坦荡的</span><br><span class='scene-font-katari'>最后走了出去。</span>
87,,今の受験生達は<br>どうだった？,刚刚的考生们怎么样？
88,,ヘンリーはしっかり<br>受け答えもできていて<br>良かったと思います。,我觉得亨利的回答条理清晰，<br>很不错。
89,,でも、あのモルドレッドと<br>アーサーでしたか？,但是莫德雷德和亚瑟，<br>是叫这个吧？
90,,自分にはどうも<br>甘いように感じられましたね……,他们给我一种有些<br>随便的感觉……
91,,そうか……<br>ヴェインはどうだった？,是吗……<br>维恩觉得呢？
92,,俺かぁ～<br>俺にはヘンリーは、答えを<br>用意してきた感じがしたかな～,我啊~<br>我倒觉得亨利的答案像<br>是事先准备过一样~
93,,アーサーとモルドレッドは<br>確かにしどろもどろだったけど……,亚瑟和莫德雷德虽然<br>有点前言不搭后语……
94,,俺には、ちゃんと自分の言葉で<br>話そうとしてる感じがしたけどな。,但我感觉他们确实是<br>在说自己的心里话。
95,,ふむ……ありがとう。<br>どちらの意見も参考にさせてもらうぞ。,呼……谢谢。<br>你们的意见我都会参考。
96,,この後ヴェインと二人で話したいので、<br>他の皆は席を外してくれるか？,接下来我和维恩有些话要说，<br>大家可以先离开吗？
97,,はっ、では私はこれで失礼します。,是，那我先告辞了。
98,,<span class='scene-font-katari'>ランスロットとヴェインのふたりを</span><br><span class='scene-font-katari'>部屋に残し、退出する試験官。</span>,<span class='scene-font-katari'>兰斯洛特与维恩二人留在房间里，</span><br><span class='scene-font-katari'>其他考官则退了出去。</span>
101,,<span class='scene-font-katari'>受験生達の資料を眺める</span><br><span class='scene-font-katari'>ランスロットは、</span><br><span class='scene-font-katari'>何かを考え込んでいる様子であった。</span>,<span class='scene-font-katari'>兰斯洛特翻阅着考生们的资料，</span><br><span class='scene-font-katari'>似乎在思考什么。</span>
102,,ランちゃん、話ってなんだ？,兰酱，你要说什么？
103,,ヴェイン……<br>俺は正直に言うと──,维恩……<br>我就直说了。
104,,あのモルドレッドと<br>アーサーのふたりが騎士として<br>相応しいかどうか悩んでいる。,关于莫德雷德和亚瑟，<br>我在头疼他们两个究竟<br>适不适合做骑士。
105,,うえぇ！？　どうしてだ？<br>面接がグダったからか？,诶诶！？为什么？<br>就因为刚刚的面试？
106,,いや……それは関係ないよ。,不……和那个没关系。
107,,俺はあのふたりに<br>「騎士道精神」が宿っているか<br>どうかを見極めたかったんだ。,我一直在观察他们两个人<br>身上有没有「骑士道精神」。
108,,だが、さきほどの面接では、<br>ふたりの「騎士道精神」は<br>いまいち見えてこなかった。,但遗憾的是，通过刚刚的面试<br>我并没有看到他们身上的<br>「骑士道精神」。
109,,でもあいつら<br>食い逃げ犯だって捕まえて──,可他们不是抓了<br>吃霸王餐的人——
110,,あれはたまたまだ。<br>それにあいつらの方こそ、あの場で<br>無銭飲食しようとしていたんだぞ？,那只是凑巧，<br>而且他们也同样是<br>吃霸王餐的。
111,,え、ウソ！？　本当かよ？,诶！开玩笑吧！？<br>真的假的？
112,,残念ながら本当だ。<br>あの場での反応を見れば明らかだ。,很遗憾这是真的，<br>看他们当时的反应就知道了。
113,,そうだったのか……<br>お金に困ってんのかなぁ？,这样啊……<br>他们是不是缺钱啊？
114,,ここであのふたりを<br>切り捨てるのは簡単だ。,就这么舍弃他们<br>两个很简单。
115,,だが、彼らがそうせざるを得ない<br>環境を作り出してしまった俺達にも<br>責任はあるんじゃないかと思ってな。,但我想，他们从那种环境长大，<br>身为这个国家的骑士<br>的我们也有责任。
116,,<span class='scene-font-katari'>ランスロットの言葉を受けた</span><br><span class='scene-font-katari'>ヴェインは、力強い意思を</span><br><span class='scene-font-katari'>秘めた瞳で見返した。</span>,<span class='scene-font-katari'>听着兰斯洛特的话，</span><br><span class='scene-font-katari'>维恩回以强烈的眼神。</span>
117,,ランちゃん……<br>だったら俺にあいつらの<br>班長をやらせてくれないか！,兰酱……<br>就让我来做他们的班长吧！
118,,それは、構わないが……,那倒是可以……
119,,俺だったらあいつらに<br>ウマい飯も腹いっぱい食わしてやれる！,只要有我在就一定好好<br>填饱他们的肚子！
120,,試験中は、だけど……,虽然只有试验期间……
121,,それにもし……あいつらが<br>また悪いことしようとしたら、<br>俺が体を張って止めてやる！,还有……<br>如果他们再做什么坏事，<br>我会亲自去阻止！
122,,俺が責任を持って面倒見るからさ！<br>もう少し考えてくれないか？,我来负起照看他们的责任！<br>能不能再考虑下？
123,,<span class='scene-font-katari'>ヴェインの言葉を受けた</span><br><span class='scene-font-katari'>ランスロットは、</span><br><span class='scene-font-katari'>穏やかな笑みを浮かべる。</span>,<span class='scene-font-katari'>听到维恩的话，</span><br><span class='scene-font-katari'>兰斯洛特露出微笑。</span>
124,,……ああ、もちろんだとも。<br>俺達が考えた試験制度は<br>彼らの様な子のためだ。,啊啊，当然，<br>我们订的考验制度也是为<br>了他们那样的孩子。
125,,だから、<br>お前にあのふたりの少年を<br>見極めて欲しいんだ。,所以，<br>那两个孩子就拜托<br>你来看管了。
126,,モルドレッドとアーサーが、<br>騎士として相応しい人間かどうか。,看看莫德雷德和亚瑟<br>究竟适不适合做骑士。
127,,彼らに「騎士道精神」が宿る<br>可能性があるのかどうか……,还有他们身上究竟有没有<br>「骑士道精神」……
128,,ああ、分かったぜ！<br>俺に任せてくれ！,啊啊，我知道了！<br>交给我！
129,,ふっ……<br>頼んだぞ、ヴェイン。,呼……<br>拜托了维恩。
130,,<span class='scene-font-katari'>こうして、熱い思いを語り合った</span><br><span class='scene-font-katari'>ふたりは、モルドレッドとアーサーの</span><br><span class='scene-font-katari'>今後を見守ることにするのだった。</span>,<span class='scene-font-katari'>就这样，</span><br><span class='scene-font-katari'>两人将监护莫德雷德和亚瑟。</span>
info,,1,scene_evt171130_cp1_q3_s10