id,name,detail
npc,扎哈梅丽娜,3040075000
special,守护之阳,火属性伤害(特大)/30%几率造成1.3倍伤害
skill-1,阳光治愈,我方全体获得再生效果/屏障效果(800)
skill-1+,阳光治愈,我方全体获得再生效果/屏障效果(1000)
skill-2,耀斑,发动耀斑场地效果(场上全体攻击UP)
skill-2+,耀斑,发动耀斑场地效果(场上全体攻击UP)/我方全体3回合中防御20%UP
skill-3,新信仰,我方全体火属性攻击20%UP/减免20%风属性伤害
support-1,太阳信仰,自身HP越低，我方全体攻击越高
support-2,避免日光直射,防御30%DOWN/敌对心DOWN
skill-lb,LB技能,减轻我方全体所受的风属性伤害
,,