id,name,detail
npc,泽塔,3040028000
special,日珥之枪,火属性伤害(特大)/自身暴击率UP(70%几率造成1.2倍伤害，4回合)
skill-1,阿贝斯之枪,对敌方单体造成火属性伤害/赋予敌人标记「阿贝斯之缚」
skill-1+,阿贝斯之枪,对敌方单体造成3~3.5倍火属性伤害/赋予敌人标记「阿贝斯之缚」
skill-2,狂想曲,<div class=prt-text-small>攻击20%UP/获得盐伤效果，对附有「阿贝斯之缚」的敌人攻击大幅UP(230%)<span class=text-blue>◆对Break状态的敌人攻击7%UP</span></div>
skill-3,千炎,对敌方全体造成2.5～3.5倍火属性伤害/维持敌人的Break状态
support-1,阿贝斯的契约者,对Break状态的敌人攻击20%UP
skill-lb,LB技能,盐伤效果中三连击率UP
intro,,
,,