id,name,detail
npc,卡塔哔娜与维拉,3040116000
special,火箭飞拳,水属性伤害(特大)/二连击率DOWN/自身获得高昂效果
skill-1,导弹,对敌方发动16次单体攻击，目标随机
skill-2,补给,回复自身HP/自身其他技能可即时使用
skill-3,以太射线,对敌方单体造成水属性伤害/火属性攻击DOWN/对水属性防御DOWN
support-1,前锋形态,编成处于1号位或3号位时，自身防御UP/敌对心UP/免疫魅惑
support-2,侧翼形态,编成处于2号位或4号位时，自身攻击UP/防御DOWN/免疫盲暗
skill-lb,LB技能,前锋形态时，防御UP/侧翼形态时，攻击UP
,,