id,name,detail
npc,阿尼拉,3040027000
special,金牙神然/(终突)羊澜怒涛,火属性伤害(特大)/(终突后)我方全体获得屏障效果
skill-1,森罗万象,6次全属性伤害，目标随机/自身获得敌人弱点属性的追击效果
skill-1+,森罗万象,6次全属性伤害，目标随机/自身获得敌人弱点属性的追击效果
skill-1++,森罗万象,6次全属性伤害，目标随机/自身获得敌人弱点属性的追击效果
skill-1+++,森罗万象,<span class=prt-text-small>对所有敌人造成全属性伤害/自身获得敌人弱点属性的追击效果/敌方全属性攻击DOWN/全属性防御DOWN</span>
skill-2,色即是空,对敌方全体造成火属性伤害/缓慢效果
skill-3,龙吟虎啸,我方全体奥义值上升量UP/削弱效果抗性UP/攻击力UP/二连击率UP/暴击率UP
skill-4,意气羊羊,回复我方全体2015HP/攻击UP，HP越多，强化量越大
support-1,羊神宫之主,我方全体攻击UP
support-1+,羊神宫之主,我方全体攻击UP/风属性伤害减轻
skill-lb,LB技能,普通时有极小概率缩短1回合技能使用间隔
active,1,
,,