id,en,jp,trans
0-chapter_name,,第3話 壊れた竜姫と異界の扉,第三集崩坏的龙姬与异界之门
0-synopsis,," 姬塔達が教室棟へ戻ると、異形の者から逃れた街の人々の姿もあった。異界の門であるモノリスを破壊せねばならないと語るジルとミランダに、一行はグレアの力でコア・モノリスを破壊できたことを話す。すると生徒達から、グレアが初めから竜の力を使っていればこんな事態にならなかったのではと心無い声が飛ぶ。グレアは居たたまれず教室棟を出ていってしまう。",姬塔一行人回到教学楼之后，发现这里还有从异形那里逃脱的住民的身影，吉尔和米兰达说必须把身为异界之门的独石柱破坏掉，一行人告诉他们核·独石柱已经被古蕾雅的龙之力破坏掉了。然后学生们开始纷纷抱怨，说：如果古蕾雅能在一开始就使用龙之力的话事情就不会变成这样了。古蕾雅无法忍受地逃出了教学楼。
1,,<span class='scene-font-katari'>コア・モノリスの崩壊により</span><br><span class='scene-font-katari'>異形の者達が消滅した。</span>,由于核·独石柱的崩溃，异形消失了。
2,,<span class='scene-font-katari'>その事実に窮地を救われながらも、</span><br><span class='scene-font-katari'>姬塔達はただ呆然としていた。</span>,虽然因此从困境中解脱，一行人还是被事实惊呆了。
3,,私たち……助かったんでしょうか。,我们......得救了吗？
4,,あ、ああ……,哦，啊......
5,,……とりあえず、今は教室棟に戻ろう。<br>助けた人達を治療しないと……,总之先回教学楼，不治疗救下来的人的话......
6,,そうね……<br>あれこれ考えるのは後にして<br>今はやれることをやりましょ。,说的是......将来的事将来再考虑，现在先做力所能及的事。
7,,<span class='scene-font-katari'>その言葉に頷くと</span><br><span class='scene-font-katari'>姬塔達は急いで</span><br><span class='scene-font-katari'>教室棟へと向かう。</span>,意见一致后，一行人疾步走向教学楼。
12,,<span class='scene-font-katari'>姬塔達が教室棟に入ると、</span><br><span class='scene-font-katari'>そこには先程よりも</span><br><span class='scene-font-katari'>沢山の人たちの姿があった。</span>,一行人进入教学楼之后，发现教学楼里的人比之前增加了不少。
13,,なぁ、なんか妙に人が増えてねぇか？,嗯？怎么感觉人增加了？
14,,あれって街の人達……よね？<br>でも、どうして<br>ここに街の人達が……,那些人......是镇上的人吧？但是、为什么镇上的人会在这里......
15,,何でしょう……<br>何か嫌な予感がします。,总觉得......有一种不好的预感。
16,,……とりあえず、<br>生徒会長のところに行こう。<br>そうしたら、現状もわかると思うし。,......总之先去找学生会长吧，那样一来，我们也能了解现状。
17,,……そうだな。,......嗯。
18,,っと、その前に助けた生徒達を<br>休ませようぜ。,先让之前救下来的学生休息一下吧。
19,,あ、うん、そうだね。,哦，是啊，说得对。
21,,<span class='scene-font-katari'>姬塔達は</span><br><span class='scene-font-katari'>助けた生徒達の手当てをした後、</span><br><span class='scene-font-katari'>ハンナを探し始めるのであった。</span>,安顿好学生之后，姬塔开始找汉娜。
27,,生徒会長！,学生会长！
28,,グレアさんに、それに皆さん！<br>ご無事だったんですのねっ！？,古蕾雅，大伙儿！你们都没事太好了！
29,,うん。何とか全員、無事だよ。<br>それよりも、どうして、<br>ここに街の人達がいるの？,嗯，总算是全员平安。比起这个，为什么...这里会有镇上的人啊？
30,,それは……,这是......
31,,もしかして、<br>街の方で何かあったの？,难道是，镇上发生了什么？
32,,え、ええ……<br>その……街の方にも何故か<br>モノリスがあったようですの……,呃，是啊......嗯...... ......镇上不知为何出现了独石柱......
33,,お、おい、まさか……,妈耶，不会吧......
34,,……はい。<br>それで、そこから湧き出た<br>多数の魔物が街を……,......就是那么回事，从独石柱中涌出的无数的魔物把街道给......
35,,幸いなことに何人かの先生方が<br>街の方にいらっしゃったので全滅……<br>という風にはなりませんでしたが……,万幸的是有几名老师到了镇上，居民们才没有全灭......
36,,ちょっ、ちょっとまって！<br>全滅……？,等一下！全灭......？
37,,……無事だったのは、<br>ここにいる人達だけですわ。<br>それ以外はみんな、恐らく……,......平安无事的...恐怕只有在这里的人。其他人，也许......
38,,んなっ！？,假的吧！ ？
39,,そんな……,怎么会......
40,,今の私達は孤立無援の状態ですの。<br>外に助けを呼ぶこともできませんわ。,现在我们处于孤立无援的状态，甚至连向外求助都做不到......
41,,<span class='scene-font-katari'>ハンナから聞かされた被害の規模と</span><br><span class='scene-font-katari'>状況に姬塔達は困惑する。</span>,一行人对于汉娜所诉说的受害规模与现状感到困惑。
44,,戻りましたぁ☆,我回来了☆
45,,って、あ～！<br>姬塔ちゃん達<br>じゃな～い☆,啊？！这不是姬塔吗☆
46,,ジル教授にミランダ先生！？,吉尔教授、米兰达老师！ ？
47,,ほほっ、<br>みなさん無事なようで何よりです。,哈哈，大家没事比什么都好。
48,,本当ですよ☆<br>ずっと心配していたんだからぁ☆,真的哦☆我们一直在担心☆
49,,もう、あんまりミラちゃん先生に<br>心配かけたら、メッ！　だゾ☆,真是的，不能太让米拉老师担心啊☆
50,,先生達も無事だったんだな！,老师们也平安无事啊！
51,,ええ、ええ。<br>私達も無事ですよ。<br>老体には堪えましたがの、ほほっ。,是啊，是啊。我们也没事，虽然是上年纪的人了，哈哈。
52,,お帰りなさいませ、先生方。<br>それで街の方の調査は……,欢迎回来，老师们。对于镇上的调查......
53,,う～～～ん……☆<br>あまりいい状況とは言えないわねぇ☆,唔......☆状况不佳啊☆
54,,それと理由はわかりませんが、<br>街の方にも、学院内で見たものと<br>同じモノリスが多数ありました。  <br>,而且不知道为什么，在街上也能看到很多和学校里一样的独石柱。
55,,モノリスが……ですか？,独石柱吗......？
56,,ええ……,是的....
57,,あの……それについてなんですけど<br>話したいことが……,嗯......关于那个......我有一些见解......
58,,<span class='scene-font-katari'>そう言うと一行は捕まった人達が</span><br><span class='scene-font-katari'>モノリスにされているらしいということ。</span>,一行人说被抓到的人似乎会变成独石柱。
59,,<span class='scene-font-katari'>そして、コア・モノリスを破壊したら</span><br><span class='scene-font-katari'>異形の者が消えたということを伝える。</span>,并且，只要破坏核·独石柱，异形就会消失。
60,,人間がモノリスに……？<br>そんなことが……,人类变成独石柱......？还有这种事......
61,,なぁるほどー☆,原来如此☆
62,,そうなるとぉ、あの魔物は<br>コア・モノリスを媒介にして、<br>こっちに出てきてるってことねぇ☆,这样的话，那些怪物就能将核·独石柱作为媒介，通向这边了对吧☆
63,,他のモノリスは転移用の扉と<br>いったところカナ☆,而剩余的独石柱是作为转移的门，差不多就是这么回事吧☆
64,,ほほっ、そうですな。,嗯，原来如此。
65,,モノリスの中に人が入っておるのは<br>モノリスを作る際の媒介に使った……<br>と考えるべきですかな。,应该说在独石柱里面的人是作为独石柱的制作媒介而存在的吗。
66,,ですね☆<br>後は中の人の魔力の吸収も<br>兼ねているってトコロですね☆,嗯☆而且还能吸收里面的人的魔力☆
67,,ふむ……<br>しかし、そうなると、<br>この状況は闇魔法の応用……,呼......但是，这是因为暗魔法......
68,,いや、禁忌に類する闇魔法を<br>誰かが使った結果……と<br>考えるべきですかの。,不，这应该是因为谁启动了禁忌魔法......
69,,あんまり考えたくないですがぁ、<br>その可能性が<br>めちゃんこ高いですね……☆,虽然不怎么想这样认为，但是这种可能很高...☆
70,,ふむ。しかしそれならば、<br>手のうちようもありますな。,嗯，但是如果那样的话，就还有办法。
71,,は～い☆<br>ピンチはチャンスゥ☆,好~了~~☆危机就是机遇☆
72,,ふふっ、姬塔ちゃん達の<br>おかげで色々とわかってきたわ☆<br>感謝しま～す☆,多亏了姬塔你们，我们了解了很多事情。感激不尽☆
73,,え、えっと……どういうことでしょう？<br>私にはさっぱり……,呃....怎么了，我完全不明白.....
74,,簡単に説明しますと、コア・モノリスが<br>あの魔物のいる世界とこちらの世界とを<br>繋ぐ門だということです。,简单地解释一下，核·独石柱是将魔物存在的世界连接到这个世界的大门。
75,,ですので、門を壊さないと、<br>あちらの世界から無尽蔵に魔物が<br>出てくるのだと推察しています。,所以，我推测 如果不把门破坏掉，就会有无穷尽的怪物从那个世界里过来。
76,,人間が取り込まれた小さなモノリスは<br>その魔物達を、こちらの世界の中で<br>一瞬で転移させる門……でしょうな。,也就是说，即使是小型独石柱，只要吞噬人类，就能作为门将魔物从那个世界传送过来...
77,,モノリスがある限り、あの魔物達は<br>あれを通じて瞬時に<br>移動することができるのです。,只要还有一块独石柱，那些魔物就能通过独石柱进行移动。
78,,そして、コア・モノリスの破壊で<br>魔物が消える現象……,而核·独石柱一经破坏，魔物就会消失的现象......
79,,コア・モノリスが親機の役割を果たし<br>人間を依代としたモノリスは子機<br>なのだと考えられます。,我认为是因为核·独石柱作为母体发挥实际效能，而以人类作为依凭的独石柱只是子机的缘故。
80,,あの魔物達自体、コア・モノリスの力を<br>利用してこの世界に顕現しているのだと<br>すれば、一連の現象は合点がいきます。,如果那些魔物是利用和·独石柱的力量显现于这个世界的话，那么一连串的现象就有解释了。
81,,なぁ、それってつまり、<br>コア・モノリスを壊せば全部解決……<br>ってことか？,那、也就是说，只要破坏核·独石柱...一切都解决了......？
82,,ピンポーン☆　<br>大体あってるあってる～☆<br>ですよね？　ジル教授☆,bingo☆大体上就是这样☆对吧，吉尔教授☆
83,,恐らくは。全て解決するかは不明ですが、<br>少なくとも敵の戦力を<br>削ぐことができるのは確実です。,恐怕是这样。不知道能不能全部解决，至少确实能削减敌人的战力。
84,,なるほどな。<br>中庭にあったのはオイラ達が壊したし。<br>後、残ってるのは……,我明白了。 中庭里的我们已经破坏掉了。剩下的只有......
85,,時計塔にある<br>「増幅」のコア・モノリスですわね。,放在钟楼的'增幅'核·独石柱。
86,,そうなると後は、<br>時計塔のコア・モノリスを<br>どうやって壊すかよね。,这样的话，要怎么破坏钟楼的独石柱？
87,,またピアノの姉ちゃんの<br>あのスゲェ力を<br>借りたいところだけどなぁ。,还想再借助于钢琴姐姐那股很厉害的力量啊。
88,,うん、協力するよ。,嗯，我会协助的。
89,,<span class='scene-font-katari'>その言葉を聞き、</span><br><span class='scene-font-katari'>ざわめき出す生徒達。</span>,听了这话，学生们喧闹起来。
90,,<span class='scene-font-katari'>そして、それに合わせるようにして</span><br><span class='scene-font-katari'>様々な感情のこもった視線が</span><br><span class='scene-font-katari'>一斉にグレアへと向けられる。</span>,合着这股气氛，各种各样的情感一齐涌向古蕾雅。
91,,コア・モノリスって、物理攻撃も<br>魔法も無効化する特殊な鉱石で<br>作られてるよな……,核·独石柱是作为物理、魔法攻击都无效的特殊的矿石制作出来的吧......
92,,竜の力って……<br>やっぱり、ヤバイのか？,龙的力量......果然...很不妙吗？
93,,ねぇ、<br>最初からグレア先輩が本気を出せば、<br>こんな事にならなかったんじゃない？,说起来，如果古蕾雅前辈一开始就使出全力，就不会变成这样了吧？
94,,そうよ。初めからグレア先輩が<br>あの力を使っていれば、<br>きっと、こんなことには……,就是啊，要是古蕾雅前辈一开始就用这股力量的话，一定不会变成这样的......
95,,…………っ！,............！
96,,な、なんだぁ……？,怎么......？
97,,…………,............
99,,<span class='scene-font-katari'>グレアはうつむきながら</span><br><span class='scene-font-katari'>無言のまま逃げるようにして、</span><br><span class='scene-font-katari'>教室を出ていってしまう。</span>,古蕾雅一言不发，低着头像是逃跑一般出了教室。
100,,グレアさん！,古蕾雅！
101,,……ちょっと、あんた達っ！<br>なんでそんなこと……！,......嘿！你们这是干嘛......！
102,,みなさん、<br>何勝手なことおっしゃってますのっ！,大家伙儿这是在说什么乱七八糟的话！
103,,そんなタラレバの話をしたところで<br>今のこの状況は何も変わりませんのよ！,即使说这样的闲话，也改变不了现状啊！
104,,今はそんな絵空事よりも<br>いかにこの状況を乗り越えるのか。<br>それを考えるべきではありませんの！,现在比起做这种无聊的事情，我们不是更应该考虑如何跨过这个困难吗？
105,,<span class='scene-font-katari'>教室に響き渡るハンナの怒声に</span><br><span class='scene-font-katari'>生徒達は</span><br><span class='scene-font-katari'>ぴたりと口をつぐむ。</span>,汉娜愤怒的声音回响在教室，学生们都乖乖地闭上了嘴。
106,,あの、<br>私、グレアさんを探してきます！,那个、我去找古蕾雅了。
108,,あ、おいっ！<br>ルリア、待てって！<br>オイラも一緒に……,啊、喂，露莉亚，我也一起......
109,,あたしも行くってば！,我也要去！
110,,……みなさん、<br>勝手なお願いかと思いますが<br>グレアさんの事、頼みますわ。,......大家伙儿，我知道这是个无理的请求，但是古蕾雅就拜托了。
111,,先ほど皆さんと話していた<br>グレアさんの表情……いいお友達に<br>出会えたようでした。,看古蕾雅与你们交谈之后的表情......她看起来像是交到好朋友了。
112,,どうか、お願いいたします。,无论如何，拜托了。
113,,<span class='scene-font-katari'>ハンナ達の言葉に頷きを返し、</span><br><span class='scene-font-katari'>一行は教室を後にする。</span>,一行人答应下之后将教师抛在身后。
114,,<span class='scene-font-katari'>そうして一行は、</span><br><span class='scene-font-katari'>普段の活気を失った</span><br><span class='scene-font-katari'>物寂しげな校舎を進むのだった。</span>,之后一行人走进失去了平常的活力，一片死寂的校舍中。
info,,1,scene_evt170831_cp3_q1_s10