id,name,text,trans
0-chapter_name,,第87章　思わぬ再会,第87章 未预之再会
0-synopsis,,なぜ隠れていたのか姬塔達に問われ、ラカムは声をかけにくい状況だったと答える。そんなラカムの受け答えはどこか不自然でよそよそしい。カインはラカムに何が目的なのかを問い詰める。するとラカムは、意を決した様子で今はレム王国の客将となっていること、そして<span class='scene-font-place'>クルーガー島</span>には、カインの拘束とゼエンの捕獲を目的に来ていることを明かすのだった。,姬塔一众询问拉卡姆为何要躲在那里，拉卡姆解释刚才的情况不太好搭话，而且在回答问题时表现出十分不自然的疏远感。凯恩询问拉卡姆是出于何目的时，拉卡姆下定决心，挑明了自己作为雷姆王国的客将，来到这座<span class='scene-font-place'>克尔加岛</span>就是为了抓捕凯恩和泽恩。
0,ラカム/拉卡姆,……よう。,呦。
1,ビィ/碧,ラ、ラカム……？<br>嘘だろ……,拉、拉卡姆？骗人的吧。
2,ビィ/碧,ラカムじゃねーか！<br>どうしてたんだよ！？,这不是拉卡姆嘛！在搞什么呢！？
3,ラカム/拉卡姆,あー、なんだ……<br>相変わらず元気そうだな、お前ら……,啊，那啥...你们看上去还是那么精神啊。
4,カタリナ/卡塔莉娜,まったく……<br>どうして隠れていたりなんてしたんだ。<br>最初から姿を現していればいいものを。,真是的，为什么要躲起来啊，一开始就出来不就好了。
5,ラカム/拉卡姆,いや、なんつーかな……<br>声をかけにくい状況だった、<br>っつーか……,不，该怎么说呢...该说是这个状况很难向你们搭话吗...
5-sel1_txt,,<span class='scene-font-katari'>どうしてこの島に？</span>,<span class='scene-font-katari'>为什么在这座岛上？</span>
5-sel2_txt,,<span class='scene-font-katari'>どうやってこの島に？</span>,<span class='scene-font-katari'>怎么到这座岛上的？</span>
6,ラカム/拉卡姆,うん？<br>どうして、ってそりゃあ……<br>まぁ、成り行きというか、な……,嗯？为什么，那个啊...嘛，该说是顺其自然吧...
7,ラカム/拉卡姆,まぁ、色々とな……,嘛，发生了很多事啊...
8,ラカム/拉卡姆,…………,…………
9,ビィ/碧,うん？　どうしたんだよ？<br>さっきから妙にキョロキョロして……,嗯？你怎么啦？从刚才开始就慌慌张张的样子呦。
10,ラカム/拉卡姆,ん？　ああ……<br>さっき魔物と戦ってたろ？<br>注意してねぇと、と思ってな。,嗯？啊啊...刚才和魔物战斗了不是嘛？想着不能放松注意了。
11,ルリア/露莉亚,とにかく合流出来て良かったです！<br>イオちゃんと一緒に、<br>この島に居たんですか？,总之汇合了就很好，你是和伊欧酱一起呆在这座岛上的吗？
12,ラカム/拉卡姆,ああ、いや、そうだな……<br>俺は後からこの島に来たんだ。,啊啊，不，那个啊...我是之后才来这里的。
13,ビィ/碧,あっ！　てことはもしかして、<br>昨日のグランサイファーって、<br>見間違いじゃねーんじゃねーか！？,啊！难道说，昨天那个格兰塞法并不是我们看错了啊！？
14,,<span class='scene-font-katari'>ビィの一言に、</span><br><span class='scene-font-katari'>ラカムは複雑そうな様子で、</span><br><span class='scene-font-katari'>眉根を寄せる。</span>,<span class='scene-font-katari'>碧的这句话让拉卡姆心情复杂的皱起眉头。</span>
15,ラカム/拉卡姆,そうか……見られてたんだな。,这样啊，被你们看到了啊。
16,ビィ/碧,……？,？
17,レオナ/蕾欧娜,あの……<br>失礼ですが、こちらの方は……？,那个，不好意思，请问这位是？
18,カタリナ/卡塔莉娜,ああ、紹介が遅れてしまったな。<br>私達の騎空団の操舵士で、<br>名はラカムという。,啊，方才忘记介绍了，这位是我们骑空团的操舵士，他叫拉卡姆。
19,レオナ/蕾欧娜,ああ！<br>例のはぐれてしまった仲間の、<br>お一人なんですね。,啊，就是你们失散的伙伴之一呢。
21,,<span class='scene-font-katari'>レオナはラカムに対し、</span><br><span class='scene-font-katari'>自分達がイデルバ王国の</span><br><span class='scene-font-katari'>軍人であることを説明する。</span>,<span class='scene-font-katari'>蕾欧娜向拉卡姆介绍了自己以及其他几位是来自伊迪尔瓦王国的军人。</span>
22,ラカム/拉卡姆,そうか……<br>やっぱりお前らは、<br>イデルバ王国に……,这样啊，果然你们伊迪尔瓦王国的...
23,ラインハルザ/莱茵哈萨,…………,…………
24,ラインハルザ/莱茵哈萨,あんた……ラカムって言ったか。,你说你就是拉卡姆。
25,ラカム/拉卡姆,ああ……,是的。
26,ラインハルザ/莱茵哈萨,あんたは騎空艇でこの島に来たそうだが、<br>どうしてわざわざ、<br>港じゃない場所に艇を停めたんだ？,你是乘骑空艇来这座岛的吧，为什么要特意停在港口之外的地方呢？
27,ラインハルザ/莱茵哈萨,戦艦の停めてある港には、<br>他の艇は停泊してなかったはずだ。,战舰停泊的那个港口，我记得可没停其他的骑空艇。
28,ラカム/拉卡姆,…………,…………
29,ラインハルザ/莱茵哈萨,何か……<br>港を使うわけにいかない<br>理由があったのか？,有什么不能使用港口的理由吗？
29-sel1_txt,,<span class='scene-font-katari'>やめてよね</span>,<span class='scene-font-katari'>打住吧</span>
29-sel2_txt,,<span class='scene-font-katari'>疑ってる？</span>,<span class='scene-font-katari'>你在怀疑他吗？</span>
30,ラインハルザ/莱茵哈萨,オレはただ聞いてるだけだ。<br>やましいことが無いなら、<br>大人しく理由を話せばいい。,我只是想听听看罢了，问心无愧的话就大大方方说出缘由如何。
31,ラインハルザ/莱茵哈萨,ふん……じゃあ聞くが、<br>お前はどう思っているんだ？<br>この状況での奴の登場を。,嗯，那就听听看你对这样登场的家伙怎么看的好了。
32,カイン/该隐,ここに至るまでの経緯か……<br>確かにそれは気になるな。,抵达此地的经由，我确实也很在意。
33,カイン/该隐,昨日のイオちゃんは、<br>ラカムさんの話をしていなかった。,昨天伊欧酱也没有提到拉卡姆先生的事。
34,カイン/该隐,ということは、この島に来たのは、<br>ビィ君が騎空艇を見たという、<br>昨夜が初めてのはずだ。,也就是说，你最初来到这座岛，就是阿碧发现骑空艇——也就是昨晚的时候。
35,カイン/该隐,ラカムさん……<br>貴方はいったい何をしに、<br>この島に来たんだ？,拉卡姆先生，你到底是为了何事来这座岛的呢？
36,ラカム/拉卡姆,…………,…………
37,ラカム/拉卡姆,流石に、な……<br>隠し通せるわけはねぇか……,不愧是你们，果然还是隐瞒不住啊。
38,カタリナ/卡塔莉娜,ラカム……？,拉卡姆？
39,,<span class='scene-font-katari'>ラカムはカタリナの声には応えず、</span><br><span class='scene-font-katari'>意を決した様子でカインに向き直る。</span>,<span class='scene-font-katari'>拉卡姆没有回应卡塔莉娜，而是坚毅地转身朝向凯恩。</span>
40,ラカム/拉卡姆,イデルバ王国将軍カイン……<br>いまの俺の仕事は、<br>あんたの拘束と千里眼の賢者の捕獲だ。,伊迪尔瓦王国将军凯恩——我现在的工作，就是要抓捕你和千里眼的贤者。
41,ラカム/拉卡姆,レム王国所属の客将として、<br>正々堂々、話をさせてもらおうか。,作为雷姆王国的客将，我们就打开天窗说亮话吧。
info,,,scene_cp87_q3_s10
,,,