id,name,detail
npc,玛丽,3040143000
special,圣星,光属性伤害(特大)/缓慢效果
skill-1,雪莲花,对敌方全体造成2.5~3.5倍光属性伤害/3层掉宝效果
skill-2,小菜一碟,我方单体奥义值20%UP/必定暴击(1.2倍伤害)/特殊强化(攻防50%UP)
skill-3,圣诞亮片,我方全体必定三连击
support-1,玩个尽兴~！,每赋予敌方1层掉宝效果，攻击1%UP
support-2,开心果,战斗结束后有几率获得额外奖励
skill-lb,LB技能,技能2奥义值上升量UP
,,
,,