id,name,detail
npc,马尔基雷斯,3040108000
special,土，风，火,暗属性伤害(特大)/奥义值UP(20%)
skill-1,邪恶战吼,<div class=prt-text-small>暂停攻击，下一回合自身攻击大幅UP(1回)/敌对心UP/回复10MP<span class=text-blue>　◆该回合无法使用技能</span></div>
skill-2,神秘月相,<div class=prt-text-small>效果中必定三连击　<span class=text-blue>◆消耗3MP，获得活性效果/光属性伤害减轻</span></div>
skill-3,恐怖主宰,回复我方全体HP　<span class=text-blue>◆消耗3MP，获得屏障效果</span>
support-1,爆☆杀,使用奥义时消耗所有MP，奥义伤害UP
support-2,星光体充能,HP较低，但每回合回复2MP/赋予我方全体再生效果　<span class=text-blue>◆战斗开始时，MP为3(最大10)</span>
skill-lb,LB技能,我方全体回复力UP
,,