id,name,text,trans
0-chapter_name,,第3話 もうひとりのユリウス,第3话 另一个尤里乌斯
0-synopsis,," 姬塔達と合流する為、城内を探索していたアルベールは、マイムに事件の全容を語る。『星の零涙』に封じられた星晶獣に寄生されたユリウスは、異形へと変貌し始めていた。ユリウスは『天雷剣』をアルベールに渡し、自分を斬るよう懇願する。だが、重なるようにもう一人のユリウスの声が聞こえ、自分を斬れば星晶獣に力と自由を与えてしまうと警告。アルベールに友と思うなら信じてくれと願うのだった。",阿尔贝尔在城堡中寻找姬塔等人时，将事件的全貌告知了麦姆。那时，尤里乌斯被『星泪』中封印的星晶兽寄生，开始化为怪物。他将『天雷剑』交给阿尔贝尔，恳求阿尔贝尔斩杀自己。然而此时，另一个尤里乌斯的声音响起警告阿尔贝尔，如果阿尔贝尔斩杀他，星晶兽就会获得力量与自由，如果阿尔贝尔还把他当朋友就必须相信他。
0,,<span class='scene-font-katari'>『星の眼』の攻撃により、</span><br><span class='scene-font-katari'>グランサイファーは不時着。</span><br><span class='scene-font-katari'>姬塔達は分断される。</span>,<span class='scene-font-katari'>格兰赛法被『星之眼』击落后，众人走散。</span>
1,,<span class='scene-font-katari'>アルベールとマイムは</span><br><span class='scene-font-katari'>姬塔達と合流するため、</span><br><span class='scene-font-katari'>サントレザン城を探索していた。</span>,<span class='scene-font-katari'>阿尔贝尔和麦姆在圣莱森城堡中寻找姬塔等人。</span>
2,アルベール/阿尔贝尔,これがかつての王城とはな……<br>皮肉なものだ……,曾经的王城变成这样……<br>真实讽刺……
3,アルベール/阿尔贝尔,ん？　……どうした、マイム。<br>何故そんなに後ろを歩いて……,嗯？……怎么了，麦姆？<br>为什么在那么后面……
5,,<span class='scene-font-katari'>レヴィオン騎士・団長代理マイムは、</span><br><span class='scene-font-katari'>くずれ落ちるように膝と手をついた。</span>,<span class='scene-font-katari'>雷维翁骑士团代理团长麦姆猛地向阿尔贝尔跪下。</span>
6,マイム/麦姆,団長……申し訳ありません……！,团长……十分抱歉……！
7,アルベール/阿尔贝尔,は！？<br>いや、騎空艇が落ちたのは<br>別にお前のせいでは……,啊！？<br>可是，骑空艇被击落也不是你的错啊……
8,マイム/麦姆,そうではありません！,不是这件事！
9,マイム/麦姆,あの日起きたことは、<br>団長自らお話しくださるまで<br>決して聞くまいと思っておりました……,我曾经下定决心，除非团长亲自对我开口，否则绝不过问那一天发生了什么……
10,マイム/麦姆,ですが！<br>つい、こらえきれず<br>あのような真似を……！,可是！<br>我终于无法忍耐，才做出那种事……！
11,アルベール/阿尔贝尔,お前、そんなことを気にしてたのか……,呃，你怎么还在意那种事……
12,アルベール/阿尔贝尔,いいから、立て。,好了，快起来。
13,マイム/麦姆,ですが……！,可是……！
14,アルベール/阿尔贝尔,……あの日。<br>ユリウスが星晶獣に呑まれた時<br>何があったのか、と聞いたな……,……那一天。<br>你想问尤里乌斯被星晶兽控制的时候到底发生了什么吧……
15,マイム/麦姆,は……はい？,是……是的……
16,アルベール/阿尔贝尔,俺が、異変を知って駆けつけた時、<br>まだ王は、ご無事であられた……,我发现异样赶过去的时候，王还平安无事……
17,マイム/麦姆,だ、団長！？<br>そのお話は……！,团、团长！？<br>关于那件事……！
18,アルベール/阿尔贝尔,……なんだ。<br>聞くのか、聞かないのか、どっちだ。,……怎么了？<br>你到底想问还是不想问。
19,マイム/麦姆,聞きます！,想问！
20,アルベール/阿尔贝尔,……俺が謁見の場に足を踏み入れた<br>その時、王はまだ生きておられたが……,……当我谒见时，王还活着……
21,アルベール/阿尔贝尔,ユリウスは、<br>すでに『星の零涙』の力によって<br>変貌しかけていた……,但尤里乌斯已经因为『星泪』的力量发生了变化……
27,ユリウス,……ぐっ、うぅ……<br>ああああ……！,……唔呜呜……<br>啊啊啊啊……！
35,アルベール/阿尔贝尔,お前……<br>その、姿は……！？,你……<br>怎么会变成那样……！？
36,アルベール/阿尔贝尔,王よ！　これは……！,王！ 这是……！
37,レヴィオン王,ほ、『星の零涙』じゃ……！<br>その者は、畏れ多くも<br>『星の零涙』の力を利用し……,是、是『星泪』……！他使用了『星泪』的力量……
38,レヴィオン王,密かに我を亡き者にしようと<br>企てておったのだ……！,他是想致我于死地，一直在密谋啊……！
39,アルベール/阿尔贝尔,まさか……<br>ユリウスが、そのような……,怎么会……<br>尤里乌斯怎么可能做出那种……
40,レヴィオン王,ええい、何をしておるか！<br>そやつは王国を狙う敵であるぞ……！<br>即刻始末せよ！,你还磨蹭什么！<br>他是企图篡权的逆贼……！<br>马上把他给我除掉！
41,レヴィオン王,その姿が、何よりの証拠であろうが！,看他那个样子，不就是最好的证据吗！？
48,アルベール/阿尔贝尔,……っ！,……唔！
49,,<span class='scene-font-katari'>反射的に剣に手をのばし、</span><br><span class='scene-font-katari'>アルベールは</span><br><span class='scene-font-katari'>愕然とユリウスを見た……</span>,<span class='scene-font-katari'>阿尔贝尔反射性地准备拔剑，愕然看向尤里乌斯……</span>
50,ユリウス,<span class='scene-font-2'>……クフフフフ……</span><br>ハハハ……,<span class='scene-font-2'>……哼哼哼哼哼……</span><br>哈哈哈……
51,ユリウス,……<br><span class='scene-font-4'>クハハハハハ……！</span>,……<br><span class='scene-font-4'>哼哈哈哈哈哈……！</span>
52,ユリウス,そうだ……アルベール、<br>君も気づいていただろう……,没错……阿尔贝尔，你也察觉到了吧……
53,ユリウス,しばらく前から、声を聞いていたんだ。<br>どこからともなく、絶え間なく<br>囁きかける声を……！,最近，我总能听到一个声音。<br>不知从哪里传来的，一直对着我说话……！
54,ユリウス,その声は、迫った。<br>くりかえし、くりかえし……,那声音，来到我耳边。<br>不停地，不停地……
55,ユリウス,王を……そして<br>アルベールを、排除しろと……！,叫我把王……叫我把阿尔贝尔除掉……！
56,ユリウス,実に、不快だったよ！<br>初めのうちはね……,真是，令人不快！<br>开始我还这么觉得……
57,ユリウス,何者かが、私に道を誤らせようと、<br>汚らわしい考えを吹き込んでいる……<br>……そう思っていた……,有人想让我误入歧途，给我灌输邪恶的思想……<br>……那时我还是这么想的……
58,ユリウス,だが、やがて気づいたんだ。<br>なんだ……私は、これをよく<br>知っているじゃないか……,但是，我发现了。<br>什么啊……我对这声音非常熟悉……
59,ユリウス,そう、これこそが<br>ずっと心の奥底にあった、<br>私自身の本音だったのだ、と！,没错，这就是一直以来我埋藏与心底的，我的真实想法啊！
60,アルベール/阿尔贝尔,ユリウス……！<br>お前は……自分が何を言っているか<br>わかっているのか……！,尤里乌斯……！<br>你……你明白自己在说什么吗……！？
61,ユリウス,もちろん、よく理解しているとも、<br>親友殿……雷迅卿アルベールよ……,当然明白啊，我的挚友……雷迅卿阿尔贝尔啊……
63,ユリウス,受け取ってくれ……<br>それが『天雷剣』だ。,拿去……<br>这是『天雷剑』。
64,アルベール/阿尔贝尔,……どういうつもりだ。,……这是什么意思？
65,ユリウス,かつて空の彼方よりもたらされた、<br>星の技術が込められし<br>レヴィオンの至宝……,曾经从天空彼方而来，蕴含的星之技术的雷维翁的至宝……
66,ユリウス,それを使って、私を殺せ。,用那把剑，杀了我。
67,アルベール/阿尔贝尔,な……！？,什么……！？
68,ユリウス,だが、その前に……<br>『星の零涙』を、その『天雷剣』で<br>破壊しろ……,不过，在那之前……<br>先用『天雷剑』破坏『星泪』……
69,ユリウス,私に囁きかけ、私自身すら<br>気づかなかった本音に<br>形を与えたのは……,一直对我说话，让我实践自身的真实想法的……
70,ユリウス,その、もう１つの宝……『星の零涙』に、封じられた<br>星晶獣だ……,就是那另一件宝物……<br>『星泪』中封印的星晶兽……
71,ユリウス,『星の零涙』は、同じ星の力を持つ<br>『天雷剣』でなければ<br>滅ぼせない……,只有与『星泪』同样拥有星之力的『天雷剑』才能够破坏……
72,ユリウス,二度と同じ悲劇を起こしてはならない。<br>『星の零涙』を破壊し……<br>私に……とどめを、刺すんだ……,不能允许这样的悲剧再次发生。<br>破坏『星泪』……<br>然后，了结我的生命……
73,ユリウス,早く……！,快点……！
74,アルベール/阿尔贝尔,<span class='scene-font-4'>ふざけるな……！</span><br>いきなり、そんな話を……<br>信じろというのか……！,<span class='scene-font-4'>开什么玩笑……！</span><br>突然说这种莫名其妙的话……<br>你觉得我会信吗……！
75,アルベール/阿尔贝尔,俺に……<br>お前のとどめを刺せと……？,你让我……杀了你……？
76,アルベール/阿尔贝尔,くそっ……！,可恶……！
77,,<span class='scene-font-katari'>苦悩を浮かべたアルベールが</span><br><span class='scene-font-katari'>『天雷剣』を拾い上げた</span><br><span class='scene-font-katari'>その時……</span>,<span class='scene-font-katari'>面露难色的阿尔贝尔拾起『天雷剑』，正在这时……</span>
78,,<span class='scene-font-katari'>切迫したユリウスの声が</span><br><span class='scene-font-katari'>もうひとつ、重なった。</span>,<span class='scene-font-katari'>尤里乌斯急切的声音变成了两个。</span>
79,ユリウス,とどめを、刺すんだ……<br><span class='scene-font-gray'>……やめろ……！</span>,动手，杀了我……<br><span class='scene-font-gray'>……住手……！</span>
80,アルベール/阿尔贝尔,ユリウス……？,尤里乌斯……？
81,ユリウス,<span class='scene-font-gray'>星晶獣の声を、信じるな……！</span><br><span class='scene-font-gray'>『星の零涙』を破壊してはならない！</span>,<span class='scene-font-gray'>不能相信那星晶兽的声音……！绝对不能破坏『星泪』！</span>
82,ユリウス,<span class='scene-font-gray'>『天雷剣』は、『星の零涙』の</span><br><span class='scene-font-gray'>封印を完全に破壊できる……</span>,<span class='scene-font-gray'>『天雷剑』能够完全破坏『星泪』的封印……</span>
83,ユリウス,<span class='scene-font-gray'>斬れば、星晶獣に</span><br><span class='scene-font-gray'>力と自由を与えることになる……！</span>,<span class='scene-font-gray'>一旦你破坏了它，星晶兽就会得到力量与自由……！</span>
84,ユリウス,<span class='scene-font-gray'>その剣をふるってはならない……！</span><br><span class='scene-font-gray'>私を友と思うなら、</span><br><span class='scene-font-gray'>どうか信じてくれ……！</span>,<span class='scene-font-gray'>绝对不能挥下剑……！如果你还把我当朋友，就相信我……！</span>
85,アルベール/阿尔贝尔,何、だと……？,你说、什么……？
info,,,scene_evt170131_cp3_q1_s10
,,,