id,name,detail
npc,尤斯提斯,3040069000
special,致命一击,土属性伤害(特大)/敌方攻击25%DOWN/重置子弹Lv
skill-1,弗拉梅克之雷,对敌方全体造成3.5~3.5倍土属性伤害/赋予敌方麻痹效果
skill-2,反社会人格障碍,我方全体暴击率UP(45%几率造成1.5倍伤害)<span class=text-blue>◆消耗20%奥义值</span>
skill-3,从容杀戮,对地方造成8次土属性伤害(0.3~0.35倍)，目标随机/奥义值10%UP
support-1,弗拉梅克的契约者,受伤时奥义值获得1.7倍上升
support-2,惯用枪管,攻击UP/奥义伤害UP/奥义上限UP(性能随子弹Lv上升而强化)<span class=text-blue>◆使用技能时，子弹Lv提升(最大5)</span>
skill-lb,LB技能,使用强化技能时，自身连击率UP
intro,,孤高的狼失去了归宿，向威胁和平与寂静的星晶兽宣战。其静静燃烧的激情与同伴共鸣，共同为守护所爱之人而扬起霹雳般的怒吼。
,,