id,name,detail
npc,阿尔贝尔,3040045000
special,雷电之主,光属性伤害(特大)/获得光属性追击效果
skill-1,雷速剑冲,对敌方单体造成光属性和火属性伤害/光属性防御DOWN
skill-2,电刃,对敌方全体造成光属性伤害/行动缓慢效果
skill-3,雷暴,下一次使用技能时伤害提升10倍/赋予自身麻痹效果(当前回合)
support-1,雷迅卿,赋予自身麻痹效果时反射敌人的部分攻击
support-2,闪电之剑,必定连击
skill-lb,LB技能,赋予自身麻痹效果时依然有几率发动普攻
,,