id,name,detail
npc,奥克托,3040037000
special,捨狂神武器/(终突)捨狂煉路敷,<div class=prt-text-small>土属性伤害(特大)/赋予敌人即死效果/自身三连击率50%UP/【终突后附加】二连击率50%UP/我方全体土属性攻击20%UP</div>
skill-1,心解,自身攻击50%UP/暴击率UP(30%几率造成1.3倍伤害)<span class=text-blue>◆消耗10%奥义值</span>
skill-1+,心解,自身攻击50%UP/暴击率UP(75%几率造成2倍伤害)/飞天效果(奥义伤害UP/奥义上限UP)
skill-2,炼狱,将自身奥义值分配给我方全体<span class=text-blue>◆消耗30%奥义值</span>
skill-3,神斩舞,吸收敌人mode条，转化为自身奥义值(最大30%)
skill-3+,神斩舞,吸收敌人mode条，转化为自身奥义值(最大30%)/奥义值累积上升量多高，自身状态越强
skill-4,八命转,自身奥义值上升100%/获得高昂效果<span class=text-blue>◆无法再次使用</span>
support-1,刀神,奥义最大值UP(最大200%)/奥义值上升率UP(100%)(Lv90后二连击率20%UP)
support-2,鬼神,对水属性敌人造成1.2倍伤害
skill-lb,LB技能,2人以上的奥义连击发动时，我方其他成员奥义值UP
intro,,威胁全空、天上无敌的剑豪不曾停下磨练自己的脚步，将天下一切掌握于手中。挥刀虽不顾善恶，但绝不曾伤害弱小。其斩杀强大恶鬼的身姿，告诉无力者何为正义。
,,