id,name,detail
npc,芙莉亚,3040181000
special,风雅煌玉,水属性伤害（特大）/回复白纱耐久值
skill-1,白纱,<div class=prt-text-small>性能大幅UP/获得屏障效果（数值为40%MHP，上限8000）<span class=text-blue>◆屏障解除后弱化2回合</span></div>
skill-2,认可,<div class=prt-text-small>指定1名水属性成员赋予暴击率UP/护盾效果/连击率UP/免疫负面效果/伤害上限UP效果<span class=text-blue>◆消耗对象20%MHP</span></div>
skill-3,有水无空之印,对敌方全体造成水属性伤害/水天仿佛之计效果（冻结蓄力点/封印特动）
support-1,贤君忠臣,白纱效果中攻防30%UP/必定1.2倍暴击/必定二连击
skill-lb,LB技能,回合开始时有几率净化自身1个负面效果
,,