id,en,jp,trans
0-chapter_name,,第5話 返して！大切なルリアの手帳,第5話 还回来！重要的露莉亚笔记
0-synopsis,,ポルンの声を聞きつけ、発着場に駆け付けたなぎさ達。そこにはポルンからルリアのノートを盗んだ小さなザケンナーと、それを追うポルンの姿があった。なぎさとほのかはすぐにプリキュアに変身し、後を追いかける。ザケンナーの向かった先ではポルンがポンメルンに捕われてしまっており、ポルンを救うべく姬塔達は剣を抜くのだった。,听到保伦的声音、赶往起落坪的渚等人。可以看到的是从保伦那偷取了露莉亚的笔记本的小小的萨凯那、以及追赶着它的保伦的身影。渚和穗乃香立刻变身成了光之美少女、追了上去。在萨凯那前进的方向上伯梅伦抓住了保伦、这时为了救出保伦姬塔等人挺身而出。
0,,<span class='scene-font-4'>ポポー！！</span>,<span class='scene-font-4'>波波ー！！</span>
1,,……ん？,……嗯？
2,,何があったのかしら？,发生了什么？
8,,ちょっと！<br>待ってください！,等等！<br>快停下！
9,,ザケンナー！,萨凯那！
10,,出やがったなザケンナー！<br>ちょこまか逃げやがって！,出现了萨凯那！<br>东躲西藏到处乱跑！
11,,ポルンの絵ポポ！<br>返すポポー！,保伦的画～波波！<br>还回来～波波！
13,,……え？　何が起きてるの？,……诶？　发生了什么？
14,,小さなザケンナーが<br>ルリアさんの手帳を盗んだの？,小小的萨凯那<br>偷走了露莉亚的笔记本？
15,,ちょっとメップル！<br>いつもみたいに邪悪な気配に<br>気付かなかったの！？,喂喂梅普鲁！<br>又一如既往地<br>没注意到邪恶的气息！？
16,,そんなこと言われても、<br>掃除に一生懸命で<br>気付かなかったメポ。,就算你这么说、<br>我在认真地打扫<br>没有注意到～梅波。
17,,ふたりとも、<br>そんなこと言ってる場合じゃないミポ！<br>はやく変身するミポ！,你们俩、<br>不是讨论这种事的时候了～米波！<br>快点变身～米波！
18,,<span class='scene-font-4'>ザケンナー！</span>,<span class='scene-font-4'>萨凯那！</span>
34,,デュアル・オーロラ・ウェイブ！,双重・极光・波动！
42,,光の使者・キュアブラック！,光之使者・黑天使！
44,,光の使者・キュアホワイト！,光之使者・雪天使！
49,,<span class='scene-font-4'>ふたりはプリキュア！</span>,<span class='scene-font-4'>我们是光之美少女！</span>
50,,闇の力の僕たちよ！,你们这些暗黑势力的恶徒！
51,,とっととおウチにかえりなさい！,还不快点给我滚回去！
52,,…………,…………
53,,あれ？　ザケンナーの奴は<br>どこ行っちまったんだ？,啊类？　萨凯那那家伙<br>跑哪去了？
54,,もしかして……<br>逃げちゃったんですか？,难道说……<br>跑掉了吗？
55,,もう！　せっかく変身したのに<br>どうして逃げたりすんのよ！,真是的！　难得变身了<br>为什么要逃走啊！
56,,追いかけるわよ、ブラック！,要追上去了、黑天使！
57,,邪悪な気配を感じるメポ！<br>きっと逃げたのはあっちメポ！,能感受到邪恶的气息～梅波！<br>一定是往那边逃了～梅波！
58,,気をつけるミポ、<br>邪悪な気配はひとつじゃないミポ！,要小心一点～米波、<br>邪恶的气息并非只有一个～米波！
64,,ザケンナ、ザケンナ！,萨凯那、萨凯那！
66,,待つポポ！<br>ノート返すポポ！,等等～波波！<br>把笔记本还回来～波波！
71,,ポポ！？,波波！？
72,,おやおや……<br>目的の物が手に入ったかと思えば、<br>とんだ収穫がありましたネェ……,哦呀哦呀……<br>正以为拿到了目标物呢、<br>没想到还有额外的收获呢……
73,,それはルリアとポルンのポポ！<br>返すポポ！,这是露莉亚和保伦的～波波！<br>还来～波波！
74,,返すわけにはいきませんヨォ！？<br>これは我々の作戦にとって<br>重要な意味を持ちますからネェ！,怎么可能还给你！？<br>这是对我们的作战而言<br>有着非常重要的意义的东西呢！
75,,あの忌々しいガキどもを始末するための<br>大事な大事な材料なんですヨォ……,这是为了除掉那些不吉利的小鬼们<br>而准备的非常重要的材料……
76,,ポ……！？,波……！？
78,,なんならお前にも見せてやりますヨォ。<br>奴らが無残にも敗北する瞬間を、<br>ですネェ。,那么也让你看看吧。<br>那些家伙们悲惨地落败的瞬间、<br>呵呵。
79,,クーックックックック……,磕----krkrkrkr……
80,,やめるポポ！<br>離すポポー！,住手～波波！<br>放开我～波波！
82,,待ちなさい！,住手！
83,,おや……<br>噂をすれば、ですネェ……,哦呀……<br>说曹操、呢……
84,,おいヒゲ野郎！<br>そのチビスケを<br>どこに連れてくつもりだ！,喂胡子混蛋！<br>你要把那个小不点<br>带到哪里去！
85,,吾輩たちも光の園の住人とやらに<br>興味がありますからネェ。,我们也对光之园的住民<br>抱有兴趣呢。
86,,プリキュアと行動をともにしている以上<br>これも何か、力を持っているのではと<br>思わずにはいられないんですヨォ。,既然是和光之美少女一起行动<br>这东西也、有着某种力量吧<br>正常人都会这么觉得吧。
87,,ま、帝国の技術を総動員して<br>研究し尽くしてやりますヨォ。,嘛、会动员帝国的所有技术<br>完完全全地研究一下。
88,,…………！,…………！
89,,<span class='scene-font-katari'>ルリアの脳裏に、惨憺たる帝国軍の</span><br><span class='scene-font-katari'>研究所の記憶がよぎる。</span>,<span class='scene-font-katari'>露莉亚的脑海中、想起了</span><br><span class='scene-font-katari'>不堪回首的帝国军研究所。</span>
90,,ポルンちゃんに、そんなこと……！,想要对保伦、做那种事情……！
90-sel1_txt,,<span class='scene-font-katari'>絶対にさせない！</span>,<span class='scene-font-katari'>决不允许！</span>
91,,いくよ、ホワイト！,要上了、雪天使！
92,,うん、ブラック！,嗯、黑天使！
93,,クックック……お前たち、<br>ここにおびき寄せられたことが<br>理解できていないようですネェ。,磕磕磕……你们啊、<br>对于是被引到这里来的这件事<br>看起来是毫无察觉啊。
94,,<span class='scene-font-4'>ザケンナーよ！</span><br><span class='scene-font-4'>やっておしまいなさいィ！</span>,<span class='scene-font-4'>萨凯那哟！</span><br><span class='scene-font-4'>了结他们！</span>
96,,<span class='scene-font-4'>ザケンナー！</span>,<span class='scene-font-4'>萨凯那！</span>
97,,まずいメポ！<br>完全に囲まれてしまってるメポ！,糟糕了～梅波！<br>完全地被包围了～梅波！
98,,使い古しの鎧を用意するだけで<br>戦力になるとは、<br>つくづく便利なモノですヨォ……,仅仅准备一些用旧了的盔甲<br>就能成为战力、<br>还真是便利的东西……
99,,こいつを助けたいのなら、<br>吾輩たちの研究施設まで<br>辿り着くんですヨォ。,想要救这家伙的话、<br>就一直追到<br>我们的研究设施里来吧。
100,,クーックックックック……,磕----krkrkrkrk……
101,,<span class='scene-font-katari'>そう言い残し、</span><br><span class='scene-font-katari'>背を向けるポンメルン。</span>,<span class='scene-font-katari'>这样说着、</span><br><span class='scene-font-katari'>背身离去的伯梅伦。</span>
102,,離すポポー！,放开我～波波！
103,,チビスケ！,小老弟！
107,,<span class='scene-font-4'>ザケンナー！</span>,<span class='scene-font-4'>萨凯那！</span>
108,,ぐえっ！？,咕っ！？
109,,やりやがったな、てんめえ……！,还真动手啊、你这混蛋……！
110,,ビィ、さがってて！,阿碧、先退下！
111,,ポルンは渡さない……！,不会让你带走保伦的……！
info,,1,scene_evt181014_cp5_q3_s20