id,name,detail
npc,安琪拉,3040071000
special,金牙神然,风属性伤害(特大)
skill-1,不生不灭,回复全体参战者HP/我方全体HP回满/防御DOWN/削弱效果抗性DOWN
skill-2,君子万年,赋予我方单体屏障效果、敌对心UP效果
skill-3,韦编三绝,我方全体性能逐渐强化(3回合后达到顶峰，随后削减至消失)
support-1,猿神宫之主,我方全体有几率回避敌方普攻
skill-lb,LB技能,普攻有极小几率缩短1回合技能使用间隔
,,