id,en,jp,trans
0-chapter_name,,第77章　隠れ里,第77章山中隐村
0-synopsis,,イスタバイオン軍の砦内牢獄でドランクと合流したイオ達はスツルムの依頼で救出に来たことを伝える。一方、姬塔達はハルと名乗る少年から、雪原で倒れていたところを、この集落に運ばれたと聞く。一行の目的を聞いたハルは、外は危険であり、止めるよう説く。しかし、仲間のために歩みを止める訳にはいかない事を伝えると、姬塔達は再び雪原へと踏み出すのだった。,在伊斯塔拜恩军据点的监狱中，伊欧等人与德朗克碰头了，大家说明了斯特姆发出请求因此来救出德朗克的事。另一方面，姬塔等人从名为哈尔的少年那里听说了，是他将在雪原上昏倒的自己以及同伴们带回这个村落的。哈尔听众人说明了此行的目的，意图劝阻姬塔等人的行动，因为村外实在过于危险。但是，为了同伴着想，众人传达出不可能放弃的想法。于是，姬塔等人再次踏上了雪原。
0,,入れ。,进来。
1,,<span class='scene-font-katari'>ハイラックに連行され、</span><br><span class='scene-font-katari'>イスタバイオン軍の砦へやってきた、</span><br><span class='scene-font-katari'>イオ、オイゲン、ロゼッタ、オーキス。</span>,<span class='scene-font-katari'>在海拉克的带领下，伊欧、欧根、萝赛塔、奥琪斯终于来到了伊斯塔拜恩军的据点。</span>
2,,<span class='scene-font-katari'>その牢獄で、</span><br><span class='scene-font-katari'>イオ達は</span><br><span class='scene-font-katari'>見知った顔と再会するのだった。</span>,<span class='scene-font-katari'>在监狱中，伊欧等人与一位熟人见面了。</span>
3,,あっれぇ～？<br>なになに？　どしたの？,啊嘞〜？什么什么？怎么了？
4,,ドランク……！,德朗克......！
5,,やれやれ……<br>ったく、<br>ピンピンしてるじゃねぇか、おい……,呀嘞呀嘞...真是的，这不还精神着嘛！
6,,はぁ……<br>どしたの、じゃないわよ……<br>なんだか心配して損しちゃった……,哈...才不是“怎么了”呢！感觉白为你担心了...
12,,そっか……<br>スツルム殿、<br>ちゃんと気付いてくれたんだねぇ……,这样啊，斯特姆阁下也有好好注意到我的讯息啊。
13,,ええ……すごく必死で……<br>あの子には悪いけど、<br>少し可愛いと思っちゃったわ。,是啊，相当拼命呢。虽然说出来可能对不起那个孩子，但是感觉她变得可爱了一些呢。
14,,<span class='scene-font-katari'>牢でドランクに合流したイオ達は、</span><br><span class='scene-font-katari'>自分達が</span><span class='scene-font-place'>白風の境</span><span class='scene-font-katari'>まで来た</span><br><span class='scene-font-katari'>経緯を説明する。</span>,<span class='scene-font-katari'>伊欧等人在监狱中与德朗克汇合了，同时也向他说明了来到</span><span class='scene-font-place'>白风之境</span><span class='scene-font-katari'>后的经过。</span>
15,,そっかそっかぁ……！<br>ありがとねぇ、<br>こんな遠いところまでさ。,发生了这样的事啊~感谢各位，为我远赴此地。
16,,私達は……いい。<br>お礼は、スツルムに言って。,我们，没关系。感谢之辞，之后说给斯特姆听吧。
17,,ははっ！　違ぇねぇ！,哈哈！没错！
18,,確かにオレ達をここまで連れてきたのは、<br>紛れもなく<br>あの嬢ちゃんだからなぁ、おい。,确实，执意把我们带到这里的毫无疑问就是那个小姑娘啊。
19,,うん……そうだね。,嗯...好吧。
20,,あー……どうしよ。<br>なんかスツルム殿の顔、<br>正面から見れそうにないなぁ……,啊-该怎么办...感觉现在可不想正面面对斯特姆阁下的脸啊...
21,,少しくらい恥ずかしくたって、<br>それは皆に<br>心配させた罰だと思いなさいな。,就算是有点羞耻，也得当做是让大家担心的惩罚。
22,,ははっ……<br>返す言葉もないや。,哈哈......实在没法还口呀。
23,,<span class='scene-font-katari'>そう言うとドランクは</span><br><span class='scene-font-katari'>気恥ずかしそうに頭をかく。</span>,<span class='scene-font-katari'>德朗克一边这么说着，一边不好意思地低下了头。</span>
24,,さぁて……<br>それはそうと、<br>参ったことになったなぁ、おい……,那么...把那事先放一边，现在的情况可是很困难了啊。
25,,あ……見たんだ？　この砦の外。,哦......你看到了吗？这个据点外面的情况。
26,,見た、っていうか、<br>あたし達、<br>あそこを通ってきたんだけど……,与其说是看到了...我们就是从那过来的。
27,,どうしてあの人達は……<br>ううん、あの人達だけじゃない……<br>どうしてあたし達も大丈夫だったの？,那些人为什么......不，不仅仅是那些人......为什么我们一点事也没有啊？
28,,詳しいことは、<br>僕にもわかんないんだけどねぇ～……,具体的情况我也不太了解啊~
29,,ほら、ここの偉い人が、<br>あの黄金の騎士サマみたいだからさ、<br>それでなんじゃない？,你看，这里的老大，有那位黄金骑士女士在，原因难道不就是那个吗？
30,,う～ん……<br>七曜の騎士、か……,嗯......七曜骑士吗...
31,,とにかくいまは、<br>姬塔さん達に、<br>望みをかけるしかないわ……,总而言之，现在只能期待姬塔他们的表现了。
32,,もし……いいえ、きっとね。<br>きっと姬塔さん達は<br>無事だわ。,如果......不，肯定...姬塔他们肯定会平安无事的。
33,,だから……<br>アタシ達の囚われているこの砦にも、<br>きっとたどり着くことが出来る。,所以，他们也一定能抵达我们被囚禁的这个据点。
34,,姬塔達だけじゃない……<br>スツルムもいる。<br>だから……きっと大丈夫。,不只有姬塔，还有斯特姆也在。所以，一定没事的。
37,,<span class='scene-font-katari'>一方その頃、姬塔達は、</span><br><span class='scene-font-katari'>見知らぬ少年を前に、</span><br><span class='scene-font-katari'>ただひたすら驚いていた。</span>,<span class='scene-font-katari'>另一方面，面对这位少年，姬塔等人表现出的只有吃惊。</span>
38,,…………,............
39,,どういうことなんだ……<br>私達は、確かにあの雪原で、<br>遭難しかけていたハズだが……,这是怎么回事？我们确实是在那片雪原遇难了吧。
40,,そうですね……<br>それを僕達が見つけて、<br>この集落にお連れしたんです。,是的......然后我们找到了你们，然后把你们带到村里来了。
41,,集落……？<br><span class='scene-font-place'>白風の境</span>に、人が住んでるなんざ、<br>聞いたことねぇぞ……,村子......？我可从来没有听说过<span class='scene-font-place'>白风之境</span>这里还住着人呢...
42,,その通りです。<br>表向きは、そうなっています。,是这样的。从外面来看确实如此。
43,,ですが、実際は違う……,但实际上不是......
44,,人が住まう地ではないからこそ、<br>この<span class='scene-font-place'>白風の境</span>には、僕達のような者が、<br>身を潜めることが出来るんです……,正是因为此地无人居住，我们这样的人才能潜伏在<span class='scene-font-place'>白风之境</span>这样的地方。
45,,<span class='scene-font-katari'>少年は言葉とは裏腹に、</span><br><span class='scene-font-place'>白風の境</span><span class='scene-font-katari'>に恨みでもあるかのように</span><br><span class='scene-font-katari'>語気を強める。</span>,<span class='scene-font-katari'>少年话语之中，似乎还夹杂着对</span><span class='scene-font-place'>白风之境</span><span class='scene-font-katari'>这个地方的怨恨之类的东西。</span>
46,,<span class='scene-font-katari'>しかし、それは一瞬のことであり、</span><br><span class='scene-font-katari'>すぐさま少年は花のような笑顔を咲かせ、</span><br><span class='scene-font-katari'>姬塔達に向き直る。</span>,<span class='scene-font-katari'>但这只是一瞬间的事情，少年很快又向姬塔等人展露出美丽的微笑。</span>
47,,そういえば、<br>自己紹介がまだでしたね。,说起来，还没有自我介绍呢。
48,,僕は……,我叫做...
49,,<span class='scene-font-katari'>不意に、ハッとした様子で、</span><br><span class='scene-font-katari'>少年は言葉を区切る。</span>,<span class='scene-font-katari'>很意外的是，少年突然中断了自己的介绍。</span>
50,,えーっと……<br>ぼ、僕はその……<br>ハ……ハル？　です？,嗯......我，我...叫做...哈、哈尔？
51,,なんで疑問形なんだよ……,为什么是疑问句啊。
52,,い、いえ！　その……<br>あまり自分から、<br>人に名乗ることが無かったというか……,啊，不是！那个...该说是因为很少在人前说出自己的名字吧...
53,,っていうか、これ、<br>ホントは本名じゃない、っていうか……,说起来，这也不是我的本名...
54,,おい……<br>なにか聞こえてるぞ……,喂...都听到了哦...
55,,だ、だだ大丈夫ですっ！<br>大丈夫！　僕はハルですっ！,没、没关系！没关系！我就是哈尔！
56,,ふふっ……ハルさんですね！<br>私はルリアです！,ふふっ……是哈尔吧，我叫露莉亚！
57,,まぁ……<br>聞けばここには<br>隠れ住んでいるそうじゃないか。,嘛，你之前说是偷偷住在这的吧。
58,,助けてもらった恩もある。<br>私達も必要以上に<br>詮索しようとは思わないさ。,我们欠你一份恩情，所以我们也不会过度深究这里的情况。
59,,恩だなんてそんな……<br>先にご恩を受けたのは、<br>僕達のほうですから。,恩情什么的...其实是因为先得到帮助的是我们啊。
60,,うん……？<br>それ、どーいう……,嗯......？那是什么意思？
61,,<span class='scene-font-katari'>ビィが問おうとした瞬間、</span><br><span class='scene-font-katari'>部屋にノックの音が響き渡る。</span>,<span class='scene-font-katari'>就在碧想要一问究竟时，房间里响起了敲门的声音。</span>
63,,失礼いたします、殿下。<br>お客様のお食事をお持ち致しました。,打扰了，殿下。我带来了给各位客人准备的食物。
64,,ありがとう。<br>ちょうど、貴女の話を<br>しようとしていたところです。,谢谢，正好聊到了有关于你的事情。
65,,あっ……<br>えっと、もしかして、<br>魔物に襲われていた……？,啊...那个，难道就是你在那被魔物袭击了...？
66,,<span class='scene-font-katari'>起き上がっている</span><br><span class='scene-font-katari'>姬塔達を見て、</span><br><span class='scene-font-katari'>女性は安堵したように表情を緩める。</span>,<span class='scene-font-katari'>看到姬塔等人已经起身，这位女性显得十分安心，表情缓和了下来。</span>
67,,嗚呼……<br>お目覚めになっていたのですね。,啊！各位终于醒了呢。
68,,お気づきの通り、エオニオ山脈の中腹で、<br>魔物に襲われていたところを<br>救っていただいた者です。,你们可能已经注意到了，我就是在艾欧尼欧山脉半山腰被你们从魔物手中救出的那个人。
69,,その節は、<br>本当にありがとうございました。,关于此事，真的万分感激！
70,,そして、あの場では<br>何も告げず立ち去ってしまい、<br>大変申し訳ありませんでした……,我也为自己在那里不辞而别一事感动由衷地抱歉。
71,,<span class='scene-font-katari'>そう言うと女性は、</span><br><span class='scene-font-katari'>申し訳なさそうに深々と頭を下げる。</span>,<span class='scene-font-katari'>女性一边这么说，一边满怀歉意地低下了头。</span>
72,,そうか……<br>貴女もまた、<br>この集落に隠れ住んでいるのですね？,是这样啊，你也是秘密住在这个村落的人吧。
73,,<span class='scene-font-katari'>カタリナの言葉に、</span><br><span class='scene-font-katari'>女性は神妙な様子で頷く。</span>,<span class='scene-font-katari'>对于卡塔莉娜的话，女性很老实地点了点头。</span>
74,,彼女は、なんというか……<br>僕の世話係のような人なんです。,她是...该怎么说呢...她是照顾我的人。
75,,だから……<br>僕同様、身分を<br>明かすわけにはいかなくて……,所以...像我一样，也不能说明自己的身份......
76,,なるほどなぁ……<br>だからあの時、<br>すぐにどっか行っちまったのか。,原来如此，所以那个时候才马上就离开了啊。
77,,私達や殿下がここに住んでいることは<br>本来、<br>誰にも知られてはなりませんから……,我们和殿下住在这里的事情，本来是谁也不知道的...
78,,<span class='scene-font-katari'>姬塔達が、</span><br><span class='scene-font-katari'>それぞれ納得した様子を見せるのを、</span><br><span class='scene-font-katari'>ハルは確認する。</span>,<span class='scene-font-katari'>哈尔确认了大家都欣然接受的样子。</span>
79,,<span class='scene-font-katari'>すると今度は、</span><br><span class='scene-font-katari'>身を乗り出すようにして、</span><br><span class='scene-font-katari'>姬塔達に質問を投げかける。</span>,<span class='scene-font-katari'>然后这一次是哈尔探出身子询问姬塔他们了。</span>
80,,それで……<br>姬塔さん達は、<br><span class='scene-font-place'>白風の境</span>で、いったいなにを……？,那么，姬塔，你们在<span class='scene-font-place'>白风之境</span>这里做什么呢？
81,,この<span class='scene-font-place'>白風の境</span>が、<br>非常に危険な場所であることは、<br>貴方達もご存知のはずです。,你们应该充分了解，<span class='scene-font-place'>白风之境</span>是十分危险的地方。
82,,俺達はある男を探して、<br>ここまで来たんだが……,我们是为了寻找某位男子来到这里的。
83,,その途中で、<br>ヘンな星晶獣に出くわして、<br>雪崩に巻き込まれちまってよ……,但是途中杀出了一个奇怪的星晶兽，我们都被卷入到雪崩中了。
84,,<span class='scene-font-katari'>姬塔達は、</span><br><span class='scene-font-katari'>ここに至るまでの状況を、</span><br><span class='scene-font-katari'>かいつまんで説明する。</span>,<span class='scene-font-katari'>姬塔等人将到此地后的经历介绍了一遍。</span>
90,,なるほど……<br>他にもお仲間がいらっしゃるんですね。,原来如此，还有其他伙伴来到这里了呢。
91,,はい……<br>だから、<br>すぐにでも探しに行かないと……,是的，所以我们要尽快找到他们。
92,,そうだな……<br>心苦しいが、早々にここを出て、<br>早く合流を……,确实，虽然很对不住，但是我们得赶紧离开这里与同伴汇合了。
93,,どうやって……<br>探すおつもりなんですか？,你们...打算怎样寻找同伴呢？
94,,ドランクの居場所ならわかる。<br>この珠の光が、<br>あいつの居場所を示してるからな。,德朗克所在的地方是知道的。这个珠子的光芒就指向他所在的地点。
95,,では……<br>その方以外の、他の方々は……？,那么，那位先生以外的人呢？
96,,<span class='scene-font-katari'>ハルに問われ、</span><br><span class='scene-font-katari'>姬塔達は、</span><br><span class='scene-font-katari'>皆一様に口籠る。</span>,<span class='scene-font-katari'>对于哈尔的提问，众人陷入沉默。</span>
96-sel1_txt,,<span class='scene-font-katari'>気合で見つける</span>,打起干劲去找吧
96-sel2_txt,,<span class='scene-font-katari'>きっと見つかる</span>,一定能找到的
97,,気合では……<br>残念ながら、<br>見つけられないと思います。,只有干劲的话...很抱歉，我认为是找不到的。
98,,ここ、<span class='scene-font-place'>白風の境</span>は、<br>それだけ広く、過酷な地です。,<span class='scene-font-place'>白风之境</span>就是如此这般广阔、残酷的地方。
99,,何の当てもなく探すのは、<br>いくらなんでも危険過ぎます。,毫无线索就去寻找，不管怎么说太过于危险。
100,,<span class='scene-font-place'>白風の境</span>の寒さは、<br>ただ居るだけでも体力を奪っていきます。,在<span class='scene-font-place'>白风之境</span>，只是呆在这里就会被寒冷夺去体力。
101,,闇雲に探していたのでは、<br>いたずらに体力を消耗するだけです。,盲目的寻找不过是无谓地浪费自己的体力。
102,,この<span class='scene-font-place'>白風の境</span>には、<br>強力な魔物が数多く生息しています。,在这<span class='scene-font-place'>白风之境</span>之上栖息着众多强大的魔物。
103,,そして、<span class='scene-font-place'>ノース・ヴァスト</span>の<br>一地域とはいえ<br><span class='scene-font-place'>白風の境</span>はあまりに広大です……,即使只是<span class='scene-font-place'>North Vast</span>的一部分，这个<span class='scene-font-place'>白风之境</span>也过于辽阔了......
104,,<span class='scene-font-katari'>ハルは苦しげに、</span><br><span class='scene-font-katari'>しかし、ハッキリと告げる。</span>,<span class='scene-font-katari'>虽然很过意不去，但是哈尔还是直截了当地说。</span>
105,,正直に言って……<br>いま、このままお仲間を探しに行くのは、<br>自殺行為です。,恕我直言，继续这样寻找同伴无异于自杀。
106,,だから……,所以....
107,,だから……なんだ？,所以...怎么了？
108,,っ……,っ……
109,,<span class='scene-font-katari'>スツルムは刺すような視線をハルに向け、</span><br><span class='scene-font-katari'>部屋の出口へと歩いていく。</span>,<span class='scene-font-katari'>斯特姆锐利的目光刺向哈尔，然后她向房屋的出口走去。</span>
110,,だから……<br>はい、そうですか、なんて、<br>言えるわけがないだろ。,所以...“好，就这么办吧”，怎么可能说出这样的话。
111,,こいつらに<br>ドランクの救出を依頼したのは、<br>あたしなんだ……,请求他们去救出德朗克的人就是我。
112,,依頼主には<br>依頼の顛末を見守る権利がある。,委托者理应见证委托的整个始末。
113,,そして、<br>あたしが依頼したのは、<br>ここに居る奴らだけじゃない……,而且我所请求的人不光是这里的人。
114,,ここに居ない、<br>こいつらの仲間全員に依頼をした……<br>全員揃っての騎空団に依頼をしたんだ。,还有不在这里的，我向这些家伙的伙伴，他们骑空团全员都提出了这样的请求。
115,,誰一人……<br>あたしの依頼で<br>欠けさせたりなんてするものか……！,谁也好...我不可能在我的这次委托中让任何人遭遇不测。
116,,<span class='scene-font-katari'>そう言い残すと、</span><br><span class='scene-font-katari'>スツルムは振り返ることなく、</span><br><span class='scene-font-katari'>部屋を出ていったのだった。</span>,<span class='scene-font-katari'>留下这句话后，斯特姆头也不回地离开了这间屋子。</span>
117,,…………,............
118,,すまないな……<br>君の親切には、本当に、<br>心から感謝する……,对不起...对于你的诚恳请求，真的由衷感谢。
119,,だが、<br>はぐれた仲間を放っておくことは<br>出来ないんだ。,但是，我们不可能置分散的同伴于不顾。
120,,それが騎空団、ってやつなんだよ。<br>理詰めじゃ動けねぇ、馬鹿の集まりさ。,这就是所谓的骑空团啊。讲不通道理的一群笨蛋聚在一起罢了。
121,,ま、なんだかんだと、<br>それがいいところでもあるんだけどな。,但不知何故感觉这也是件好事。
122,,さっさとイオ達と合流して、<br>依頼もすぐに終わらせちまおーぜ！<br>なぁ！　姬塔！,赶紧和伊欧她们汇合，快点搞定这次的委托吧，姬塔！
123,,<span class='scene-font-katari'>それぞれ立ち上がり、</span><br><span class='scene-font-katari'>仲間達は皆一様に、</span><br><span class='scene-font-katari'>部屋の出口へと向かっていく。</span>,<span class='scene-font-katari'>众人都站起来，一齐向门口走去。</span>
124,,ハルさん……<br>助けてくれて、<br>本当にありがとうございました。,哈尔，这次救了我们真的很感谢你！
125,,でも私達……行きます。<br>だって……皆が待ってるから。,但是我们该出发了，因为其他同伴都在等着呢。
126,,…………,............
132,,<span class='scene-font-katari'>秘密の集落を抜け出し、</span><br><span class='scene-font-katari'>姬塔達は、</span><br><span class='scene-font-katari'>再び</span><span class='scene-font-place'>白風の境</span><span class='scene-font-katari'>へと飛び出していく。</span>,<span class='scene-font-katari'>离开了这个秘密的村庄后，姬塔等人再次踏上了</span><span class='scene-font-place'>白风之境</span><span class='scene-font-katari'>的雪原。</span>
133,,<span class='scene-font-katari'>そしてそれは、</span><br><span class='scene-font-katari'>過酷な環境、巨大な魔物達との、</span><br><span class='scene-font-katari'>再びの戦いの始まりを意味するのだった。</span>,<span class='scene-font-katari'>而这意味着，又要重新面对严酷的环境、巨大的魔物和一连串的战斗。</span>
info,,1,scene_cp77_q1_s10
,,,