id,en,jp,trans
0-chapter_name,,アルビオンの領主,阿尔比昂的领主
0-synopsis,,帝国兵を退け歓声を一身に受けるカタリナとヴィーラは、６年前の出来事を回想する。過去に叶わなかった真剣勝負をこの場で再現しようと提案するヴィーラに応え、カタリナは剣を抜くが、ヴィーラは冗談だと笑う。カタリナの本気の表情を見て満足したというヴィーラに対し、戸惑いを感じながらも一行は旅を続けるのだった。,击退了帝国兵的卡塔利娜和维拉，忽然回想起了六年前的往事。为了完成六年前没有完成的决斗，维拉提议在此决斗。而当卡塔利娜下决心拔出剑的时候，维拉却笑着说只是玩笑而已。维拉解释说，只是看到卡塔利娜认真的神情就已经满足了。在众人迷惑的目光中，旅行也在继续。。
0,,<span class='scene-font-katari'>姬塔一行は、</span><br><span class='scene-font-katari'>見事、帝国兵達を退け、</span><br><span class='scene-font-katari'>その思惑を打ち砕く。</span>,<span class='scene-font-katari'>姬塔一行人</span><br><span class='scene-font-katari'>华丽的击败了帝国兵，</span><br><span class='scene-font-katari'>粉碎了他们妄图染指阿尔比昂的念头。</span>
1,,<span class='scene-font-katari'>姬塔一行は観客達から、</span><br><span class='scene-font-katari'>惜しみない称賛と歓声を浴びるのだった。</span>,<span class='scene-font-katari'>而在场的各位观众，</span><br><span class='scene-font-katari'>也丝毫没有吝惜自己的掌声。</span>
2,,まったく……<br>アルビオンが危うく乗っ取られる<br>ところだったというのに……,这帮人真是……<br>明明刚才阿尔比昂还危在旦夕，<br>差一点就被掠夺走了……
3,,やっぱこの街の連中は<br>どっか変わってるんだよなぁ……,果然不管怎么像<br>这个城市的市民都有点怪啊……
4,,…………,…………
5,,お姉様……？<br>いかがなさいました？,姐姐大人……？<br>您怎么了？
6,,ああ、いや……<br>懐かしいな、と思ってな。,啊啊，没什么……<br>只是突然觉得，这种感觉好怀念啊。
7,,この空気、この匂い、この歓声……<br>６年前と、ちっとも変わっていない……,这里的空气、这样的气氛、这种的欢呼……<br>仿佛一晃之间回到了六年前……
8,,……そう、<br>ふふ……そうですね。,啊……<br>呵呵……确实很像呢。
9,,ねぇ、お姉様。<br>実は私、<br>一つ後悔していることがあるんです。,呐、姐姐大人。<br>其实我<br>有一件特别后悔的事情。
10,,うん？<br>どうしたんだ？　急に……,嗯？<br>怎么了？　突然这么严肃……
11,,６年前の領主決定戦のことです。<br>私は以前、あの時の勝負に、<br>後悔はないと申し上げましたよね。,就是六年前的阿尔比昂领主决定战。<br>我之前一直和您说的是，<br>我对那场比试并没有遗憾是吧。
12,,けど……<br>実は一つ、心残りがあるんです。,但是……<br>其实，心里有一点小小的遗憾。
13,,お姉様を敬愛するヴィーラ・リーリエ<br>としてではなく……,并不是作为敬爱姐姐大人您的维拉·莉莉艾……
14,,この地で剣を学んだ<br>一人の騎士として……<br>お姉様と本気で剣を交えてみたかった。,而是作为在此地学习剑术<br>一名独当一面的骑士……<br>想要与姐姐大人您一较高下。
15,,…………,…………
16,,そして、こうも思うんです……<br>もしあの時、再起不能なまでに<br>お姉様を叩きのめしていたなら……,然后，我就在想……<br>如果那个时候，和姐姐大人<br>战斗到倒地不起……
18,,お姉様はずぅっと……<br>私のそばから<br>離れられなかったんじゃないか、って。,那么是不是……<br>就能一直和姐姐大人在一起了呢……
19,,いかがです？　お姉様……<br>６年前に叶わなかった決着……<br>いま、ここでつけてみませんか？,您意下如何？　姐姐大人……<br>要不要将六年前悬而未决的比赛……<br>在此时此刻画上个句号呢？
20,,お、おい……<br>お前、なに言って……,喂、喂……<br>维拉你在说什么……
21,,ヴィーラ……<br>もし、君がそれを望むのなら、<br>私はそれに応じよう。,维拉……<br>如果你是认真的话<br>我会奉陪到底。
22,,おい！<br>カタリナまでなに言ってんだ！？,喂喂喂！<br>卡塔利娜你也是怎么回事啊！？
23,,カタリナ……？,卡塔利娜……？
24,,私の身にもしものことがあれば、<br>ルリアの事を頼んだぞ……<br>姬塔。,如果我出了什么事、<br>露莉亚就交给你了……<br>姬塔。
25,,…………,…………
26,,ふ、ふふ……ふふふふふ……<br>冗談ですわ、お姉様……,呵、呼呼……呵呵呵呵……<br>我开玩笑的啦，姐姐大人……
27,,じょ、冗談……！？,开、开玩笑……！？
28,,そもそも私がお姉様と、<br>本気で剣を交えるなんて……,而且说到底让我和<br>姐姐大人真心实意的决斗……
29,,そんなこと<br>出来るはずないじゃないですか……<br>惚れた弱みというやつですよ。,这种事情根本<br>就做不到的啊……<br>光是站在场上就会被姐姐大人迷得站不住了。
30,,そ、そうなの、か……？,是、是吗……？
31,,そうなんです。<br>でも、戦うことは出来なかったけど……,就是这样的。<br>但是，虽然没有真的决斗……
32,,本気で剣を構えたお姉様の視線……<br>ゾクゾクしちゃいました……,看着姐姐大人那认真的样子……<br>我就已经心都要跳出来了……
33,,やれやれ……<br>相変わらずヴィーラは、<br>なに考えてんだかよくわかんねーな！,哎呀哎呀……<br>维拉还是一如既往的<br>根本看不透在想什么啊！
34,,ふふ……<br>私が考えているのは、<br>いつだってお姉様のことだけですよ。,呵呵……<br>我在想的事情一如既往<br>都只有姐姐大人一个人啊。
35,,<span class='scene-font-katari'>こうして、</span><br><span class='scene-font-katari'>アルビオンでの一件は、</span><br><span class='scene-font-katari'>再び幕を下ろす。</span>,<span class='scene-font-katari'>终于，</span><br><span class='scene-font-katari'>阿尔比昂一事</span><br><span class='scene-font-katari'>也最终落下帷幕</span>
36,,<span class='scene-font-katari'>後日、次期領主決定戦については、</span><br><span class='scene-font-katari'>改めて開催されることが、</span><br><span class='scene-font-katari'>姬塔一行に伝えられる。</span>,<span class='scene-font-katari'>之后几天，阿尔比昂的市民们决定将下任领主的决定战再开一次，</span><br><span class='scene-font-katari'>并把这件事</span><br><span class='scene-font-katari'>也告诉了姬塔一行人。</span>
37,,<span class='scene-font-katari'>姬塔一行はヴィーラの瞳に</span><br><span class='scene-font-katari'>底知れぬものを感じながらも、</span><br><span class='scene-font-katari'>共に旅を続けていくのだった。</span>,<span class='scene-font-katari'>姬塔一行人望着维拉</span><br><span class='scene-font-katari'>那深邃而不见底的眼睛，</span><br><span class='scene-font-katari'>一起继续着旅行。</span>
info,,1,scene_chr135_q3_s20
,,,