id,en,jp,trans
0-chapter_name,,第22章　少女の願い,第22章　少女的愿望
0-synopsis,,一行は少女を孤独から救うため、必死に後を追うのだった。,一行人为了结束少女的孤独，拼命追逐她。
0,,"くっ、見失ったか……！<br>
今度はいったいどこを探せば……",唔、跟丢了吗……！这次要去哪里找呢……
1,,"探すまでもないんじゃない？<br>
ほら、あれ……",用不着找吧？看，那边……
2,,"魔物達が……<br>
明らかに何かを守ってるわね。",魔兽们……明显在保护着什么。
3,,"ふふふ……そういうこと。<br>
魔物達はあの子と、<br>
よほど仲が良いみたいね。",呵呵呵……没错。看来魔兽们和那孩子关系很不错呢。
4,,"ごめんなさい……<br>
きっと魔物さん達は、<br>
友達を守ろうとしてるんですよね。",对不起……魔兽们肯定只是在保护自己的朋友吧。
5,,"でも、あの子は、<br>
おっきな勘違いをしてるから……<br>
だから、それを教えてあげなくちゃ！",不过，那孩子有个很大的误会……我们要去告诉她才行！
info,,1,scene_cp22_q3_s20