id,name,detail
npc,苏丝雅,3040095000
special,白之舞・瑞华,火属性伤害(特大)/我方全体火属性追击效果(10%)
skill-1,壹之舞・霜月,反击效果(回避时/2次)
skill-2,陆之舞・雲龍,减免我方全体受到的全属性伤害(50%)
skill-2+,陆之舞・雲龍,减免我方全体受到的全属性伤害(60%)
skill-3,终之舞・时咏改,<div class=prt-text-small>火属性角色连击率逐渐上升<span class=text-blue>◆演舞中停止普攻与奥义/再使用结束演舞/连击率UP效果根据演舞回合延续</span></div>
support-1,九尾朱炎,有极小概率回避敌人攻击
support-2,为君而舞,演舞中获得高昂效果/防御力30%DOWN/敌对心UP
skill-lb,LB技能,有极小概率回避并反击敌方普攻
,,