id,name,detail
npc,阿露露梅娅,3040104000
special,月神天赐,水属性伤害(特大)/使用事象投影/投影解放可再次使用
skill-1,水天,对敌方单体造成水属性伤害/水属性防御DOWN  <span class=text-blue>◆消耗10%奥义值</span>
skill-2,空白状态,我方全体免疫削弱效果(1次)/获得活性效果
skill-3,事象投影/投影解放,<div class=prt-text-small>在水晶中投影事象<span class=text-blue>◆映出的梦境对应不同的效果</span>/再使用时赋予我方全体映出的强化效果</div>
support-1,预知未来,我方全体有几率回避敌方普攻
skill-lb,LB技能,使用技能后有极小概率能够即时使用所有技能
active,1,
,,