id,name,detail
npc,塔努娅,3040055000
special,大吉尼奥尔,暗属性伤害(特大)/极小几率赋予敌人恐怖效果
skill-1,羡嫉木偶,我方全体获得屏障(2400)
skill-2,残酷死神,<span class=prt-text-small>对敌方单体造成暗属性伤害/防御DOWN(10%，积累，最大30%)/赋予自身血祭效果(回合结束时HP减少最大HP的10%)</span>
skill-2+,残酷死神,<span class=prt-text-small>对敌方单体造成4~5倍暗属性伤害/防御DOWN(10%，积累，最大30%)/赋予自身血祭效果(回合结束时HP减少最大HP的10%)</span>
skill-3,深渊,对敌方全体造成暗属性伤害/攻击DOWN(25%)
support-1,惊恐领域,我方全体技能伤害UP/负面效果成功率UP
skill-lb,LB技能,自身无负面效果时，负面效果成功率UP
active,1,
,,