text,fixed
空空团,骑空团
星星兽,星晶兽
娃哈哈,哇哈哈
Ruria,露莉亚
Luria,露莉亚
Yuno,乌诺
Uno,乌诺
Uuno,乌诺
Bie,碧
Istarcia,伊斯塔尔西亚
Rakham,拉卡姆
Tiamato,提亚玛特
Tiamat,提亚玛特
Grand Cypher,格兰塞法
Grand Cipher,格兰塞法
Port Breeze,微风港
星形动物,星晶兽
卢利亚,露莉亚
Rosetta,萝赛塔
Noah,诺亚
葛兰塞法,格兰塞法
迪亚马特,提亚玛特
临时合同,临时契约
格兰赛弗,格兰塞法
