id,name,text,trans
1,クラリス/克拉莉丝,メリクリっ☆,圣快☆
2,クラリス/克拉莉丝,姬塔っ、クリスマスって<br>予定あいてる？<br>も、もし良かったらなんだけどさ……,姬塔，圣诞节有空吗？如、如果可以的话......
3,クラリス/克拉莉丝,うちと……一緒に……,和我...一起......
4,クラリス/克拉莉丝,あーもーハズイなぁ！,啊--真是--好害羞啊！
info,麻友桑的话筒,,scene_s1_christmas_3040_v3_0_2005_1_3040121000