id,name,text,trans
1,クラリス/克拉莉丝,あっ、姬塔……！<br>えっとさ、その、今日、聖夜だけどさ、<br>忙しい……よね？,啊、姬塔...！唔--，那个，今天，是圣诞，你...很忙吧？
2,クラリス/克拉莉丝,そ、そーだよねーっ☆<br>姬塔、色んなとこから<br>引っ張りだこだもんねっ☆,说、说得也是--☆姬塔，总是有各种事情缠身嘛☆
3,クラリス/克拉莉丝,いやぁ～<br>人気者はお辛いですなぁ～☆,呀～受欢迎的人很辛苦啊～☆
4,クラリス/克拉莉丝,うん、それじゃ、クラリスちゃん、<br>部屋戻るねっ☆　姬塔も、<br>今夜はほどほどにして……,嗯，那么，克拉莉丝，会房间了☆姬塔今晚，也要适可而止......
5,クラリス/克拉莉丝,も、もし時間あったらさ！<br>ちょっとでいいから、<br>二人で過ごしたいなぁー……なんて。,如、如果有时间的话！一会儿就好、想要两个人一起度过--什么的。
info,麻友桑的话筒,,scene_s2_christmas_3040_v3_0_2005_2_3040121000