id,en,jp,trans
0-synopsis,,災厄から幾許かの月日が経った頃、<span class='scene-font-place'>ポート・ブリーズ群島</span>では、主要な航路の復旧を機に“復興記念祭”が催されていた。そこには大災害に負けず、活気に溢れる逞しい空の民達の笑顔があった。一方その頃、謎の黒衣の男による凶刃がルシフェルの身を貫き、世界に再び危機が迫ろうとしていたのだった。,灾害过去了一段时间，<span class='scene-font-place'>微风港群岛</span>在主要航线恢复正常之际，举办了一次“复兴纪念节”。空之民们充满生机与活力的笑容足以战胜大灾害留下的伤痕。但与此同时，路西菲尔遭到袭击，被神秘的黑衣男子刺穿了身体。危机再次逼近了世界。
1,,<span class='scene-font-place'>ポート・ブリーズ群島</span><span class='scene-font-katari'>──</span><br><span class='scene-font-katari'>そこでは数発の号砲が鳴り響いていた。</span>,<span class='scene-font-place'>微风港群岛</span><span class='scene-font-katari'>——几发礼炮响彻在半空。</span>
13,,このとお～りです！<br>今一度ご検討を願えませぬか！？,就是这～样！您不再考虑一下吗！？
14,,そ、そう言われましても……<br>あの時の指揮は非常事態でのこと。,就、就算你这么说……那时我担任指挥，只是特殊情况。
15,,帝国に在籍していた頃も、<br>私の階級は中尉であって──,而且，我在帝国的时候也只是中尉——
16,,ですが負傷した私に代わり、<br>災厄の被害を最小限に留め、<br>警備隊を率いた手腕は名将そのもの！,不，您代替受伤的我率领警备队将灾害影响降到最低，无疑是一位名将！
17,,貴方はまさに伝説の戦女神……<br>スフィリアの軍事顧問として、<br>どうか我々を導いて頂きたいのです！,您就是传说中的战女神……请您任职我苏菲利亚的军事顾问，指引我们前进！
18,,い、戦女神……？,战、战女神……？
22,,ぷはぁ～！<br>このキレ、やっぱ地酒は最高だぜ！,嗨呀～！这味道，还是这儿的酒最好喝啊！
23,,わかってるね～！<br>さすが天才操舵士のラカムさんだ！,你真懂啊～！不愧是天才操舵士拉卡姆大佬！
24,,はっはっは、調子のいいヤツだぜ。<br>賞金首とかって追い回してたクセによ？,哈哈哈，你小子真会说！当初不是为了什么悬赏金到处追着我跑么？
25,,わ、悪かったって言ってんだろ。<br>あの災厄の時はテンション的によぉ……,我、我早就道过歉了啊。大灾害那时，也不知怎么想的就上了贼船……
26,,そうだぜ、ラカム。<br>空の漢は過ぎた喧嘩でグズグズ言うな。,就是，拉卡姆。天空男儿就别提以前的疙瘩了。
27,,あざっす！<br>やっぱ歴戦の騎空士はシブいぜ……,谢谢哥！果然身经百战的骑空士就是豪爽……
28,,ここは俺達が払わせて貰うんで！,这里我们买单了！
29,,お、そうか？<br>そんじゃあメニューの一番右端の頼む。,哦，是么？那么给我来一杯菜单最右边的酒。
30,,ウィッス！,好嘞！
31,,……って、<br><span class='scene-font-4'>一杯5000ルピ！？</span>,……呃、<span class='scene-font-4'>一杯5000卢比！？</span>
35,,<span class='scene-font-4'>あ～！？</span><br>前に諦めたネックレスが半額だぁ！,<span class='scene-font-4'>啊～！？</span>之前看中的项链半价了！
36,,どうしよ～……？<br>他のお店も見て回りたいけど……,怎么办呢～……？虽还想去别的店里看看……
37,,お嬢さん、もういいかしら。<br>買わないなら私が買いたいんだけど。,小妹妹，你决定了吗？要是不买的话我就买了哦。
38,,あ、ごめんなさい……<br>まだちょっと悩んでて……,啊，对不起……我还在纠结……
39,,バーゲンセールで、<br>商品を持ちながら悩むのは反則よ？,对着打折商品纠结可不行哦？
40,,あと、そのネックレスは……<br>ちょっと言い辛いんだけど、<br>胸がないと輝かない気がするのよねえ。,还有，这款项链呢……有点说不出口……如果没有胸的话，戴着可不好看呢。
41,,むッ……！？<br>そ、そんなの関係ないでしょ！<br>ありすぎても埋まっちゃうし？,唔……！？这跟胸没关系吧！再说，胸太大反而会把项链挡住呀？
42,,うッ……！？<br>た、確かにバランスは大事だけどぉ！,呜……！的、的确，平衡也很重要……可是！
44,,あら。<br>じゃあアタシが買わせて頂こうかしら。<br>いつでもイオちゃんに貸せるしね？,哎呀，那就让给我吧。伊欧随时都能借去戴哦。
45,,ロゼッタ！,萝赛塔！
46,,なっ……！,什么……！
50,,か、完敗……,我、我输了……
56,,<span class='scene-font-katari'>原初の星晶獣の生き残り、</span><br><span class='scene-font-katari'>天司にまつわる災厄の後、</span><br><span class='scene-font-katari'>幾許かの月日が経った空の世界。</span>,<span class='scene-font-katari'>有关幸存的原初星晶兽和天司的灾害已经过去一段时间。</span>
57,,<span class='scene-font-katari'>島々では順調に復興が進み、</span><br><span class='scene-font-katari'>航路の安全が確保された事を目途に……</span>,<span class='scene-font-katari'>天空世界的诸岛都在渐渐复兴，优先保证航线的恢复……</span>
58,,<span class='scene-font-place'>ポート・ブリーズ</span><span class='scene-font-katari'>では今、</span><br><span class='scene-font-katari'>島々の代表者などを招き、</span><br><span class='scene-font-spword'>『復興記念祭』</span><span class='scene-font-katari'>が開催されていた。</span>,<span class='scene-font-katari'>现在，</span><span class='scene-font-place'>微风港</span><span class='scene-font-katari'>举办了一次『复兴纪念节』，邀请各岛的代表前来参加。</span>
59,,あはは！<br>どこもかしこも凄ぇ賑やかだぜ！,啊哈哈！到处都很热闹啊！
60,,そうですね！<br>あんなに大変な目に遭ったのに……<br>皆さん、とっても逞しいです。,是啊！明明当初受到了很严重的破坏……大家都很坚强呢。
61,,あぁ、頼もしいぜ！<br>それに被害状況も奇跡的だったってよ。,是啊，大家都很可靠！而且受灾状况也算是个奇迹呢。
62,,怪我人は出たけど全員無事で、<br>ビックリするほど順調に治ったってさ。,好像说虽然有伤员，但是大家现在都没事了，恢复惊人啊。
63,,不思議ですよね。<br>カタリナは天司さんが、えっと……<br>庇護？　していたのかもしれないって。,是很神奇呢。卡塔莉娜说这也许是天司的……唔，庇护？
64,,四大天司さんにルシフェルさん……<br>今頃、どこで何をしてるんでしょうか？,四大天司，还有天司长路西菲尔……他们现在还好吗？
70,,<span class='scene-font-katari'>とある名もなき神殿──</span><br><span class='scene-font-katari'>そこは神秘的な静寂に包まれていた。</span>,<span class='scene-font-katari'>某处无名的神殿——这里充满了神秘的寂静。</span>
71,,<span class='scene-font-katari'>何もない広い空間にはただ、</span><br><span class='scene-font-katari'>神々しい繭と思しき物体と、</span><br><span class='scene-font-katari'>背に六枚羽を携えた男が佇んでいた。</span>,<span class='scene-font-katari'>旷无一物的空间里，只有一个充满神圣感的茧状物体，和一名拥有六翼的男子。</span>
72,,サンダルフォン……	,圣德芬……
78,,ルシフェル様！<br>いらしていたんですね。,路西菲尔大人！您在这里啊。
80,,なぁ、ルシフェル。<br>君の司る<span class='scene-font-spword'>『進化』</span>に意味はあったか？,路西菲尔。你所司掌的<span class='scene-font-spword'>『进化』</span>真的有意义吗？
82,,ルシフェル……！,路西菲尔……！
88,,…………,
89,,私の役割は……<br>終わりつつあるのかもしれない。,我的职责……或许也快要结束了。
90,,<span class='scene-font-katari'>ルシフェルは繭に掌を当て、</span><br><span class='scene-font-katari'>語りかけるように言葉を重ねた。</span>,<span class='scene-font-katari'>路西菲尔轻触茧蛹，对着它再次开口。</span>
91,,君の心の変遷は、<br>空の世界を破壊する程の激情は、<br>私には予想できないものだった。,你内心的变化，以至于想要破坏天空世界的激情，都在我的预想之外。
92,,だが……,可是……
93,,その君を阻止したのもまた、<br><span class='scene-font-spword'>特異点</span>を中心とする空の民の心だった。,阻止你的，是以<span class='scene-font-spword'>奇点</span>为中心的，所有空之民的意志。
94,,誰かを想い、誰かに想われる……<br>その力は私達天司の思惑を超えるのだ。,珍视谁，被谁珍视……这种力量超越了我们天司的考量。
95,,<span class='scene-font-katari'>繭に指を滑らせながら、</span><br><span class='scene-font-katari'>ルシフェルは目を細め、</span><br><span class='scene-font-katari'>やがて決意したように口を開いた。</span>,<span class='scene-font-katari'>路西菲尔以指尖抚摸茧蛹，眯起双眼，终于在下定决心后继续说道。</span>
96,,私は空の進化のために差配してきたが、<br>時として親の保護は子の成長を妨げる。,我为了天空世界的进化管理至今，但父母的保护有时会妨碍孩子的成长。
97,,……あるいは、歪める。,……又或者，使其扭曲。
98,,…………,
99,,私は<span class='scene-font-spword'>『最後の務め』</span>を終えた後……<br>空を自然のなりゆきに委ねようと思う。,我决定，在完成<span class='scene-font-spword'>『最终任务』</span>之后……就让天空世界自己去发展。
100,,元素の均衡も進化の促進も、<br>あるいは滅亡の道を辿るとしても、<br>空の民に全てを還元するつもりだ。,不管是平衡元素，还是促成进化……就算他们终将走向灭亡，我也打算将一切交给他们自身去选择。
101,,天司の役割も無用となり、<br>私も君と一緒の立場になるな……,天司的职责也就失去意义，我的立场也会变得和你一样……
103,,君はなんと言うだろうか。<br>やがて君が再び目を醒ました時に──,那时你会说些什么呢。等你再次醒来——
107,,…………！,
108,,<span class='scene-font-katari'>それは一瞬の出来事だった。</span><br><span class='scene-font-katari'>ルシフェルが感知するより僅か先に、</span><br><span class='scene-font-katari'>凶刃が彼の胴を抉っていた。</span>,<span class='scene-font-katari'>一切在一瞬间完成。就在路西菲尔察觉前的一刹那，凶刃已经剜入他的身体。</span>
113,,<span class='scene-font-katari'>その凶刃を振るった主は、</span><br><span class='scene-font-katari'>ルシフェルの背後の空間、</span><br><span class='scene-font-katari'>そこに開いた虚空より足を踏み出した。</span>,<span class='scene-font-katari'>挥下凶刃的人影从路西菲尔身后开启的虚空中出现。</span>
114,,つまらぬ。<br>あまりにつまらぬ結論だ。,无聊。真是个无聊的结论。
115,,…………,
116,,無駄だ、修復は出来ぬ。,没用的。你是无法修复伤口的。
117,,……生きていたのか、久しいな。,……你还活着么，好久不见了。
118,,苦労したぞ。<br>途方もないほど永い時を<br>放浪させられた。,我费了很多工夫啊。毕竟被流放了比永久更为漫长的时间。
119,,現世では何千年前になる？<br>貴様に空の底に落とされてから……,在人间，那是几千年前的事了？自从被你打入天底的深渊……
120,,まぁ、構わぬ。<br>お陰で不滅を滅する力を得た。,算了，也罢。靠此我获得了将不灭的存在毁灭的力量。
121,,何が目的だ？<br>己の復讐か、「彼」の仇か？,你有什么目的？为自己复仇？还是为“他”报仇？
122,,些末な事を。<br>無論<span class='scene-font-spword'>『ルシファーの遺産』</span>だ。<br>此処に封印している事はわかっている。,这些都无所谓。我的目的当然是<span class='scene-font-spword'>『路西法的遗产』</span>。我知道它就被封印在这里。
123,,貴様自身が鍵という事も。,我也知道，你就是解开封印的钥匙。
124,,…………,
125,,<span class='scene-font-katari'>黒衣の男は再び凶刃を振るい、</span><br><span class='scene-font-katari'>次はルシフェルの翼を切断する。</span>,<span class='scene-font-katari'>黑衣男人再次挥起凶刃，这次切断了路西菲尔的翅膀。</span>
129,,時代は変わる。<br>貴様が望もうと、望むまいと。,时代会变。无论你期望与否。
130,,フフフ……,哼哼哼……
131,,<span class='scene-font-katari'>こうして空の世界に再び、</span><br><span class='scene-font-katari'>新たな災厄が襲い掛からんとしていた。</span>,<span class='scene-font-katari'>由此，天空世界又将面临新的灾难。</span>
132,,<span class='scene-font-katari'>そして天司達の因縁もまた、再び──</span>,<span class='scene-font-katari'>而天司间的因缘，也将再次——</span>
info,,1,scene_evt180228_cp0_q1_s10
,,,