id,en,jp,trans
0-chapter_name,,Those Who Won't Give Up,Those Who Won't Give Up
0-synopsis,,アザゼルは竜の娘について、人間の姿から突如竜へと姿を変えたと語る。その時、目の前をニーナが通りかかり、アザゼルはニーナが竜の娘だと直感するが、追いつき話をしていると、ニーナは巨大な竜に変化する。ルリアは、崩れた壁の残骸で動けないアザゼルを救おうと手を伸ばす。その瞬間、アザゼルは記憶を取り戻すと、背中から黒い翼を生やし赤い竜に立ち向かう。,アザゼルは竜の娘について、人間の姿から突如竜へと姿を変えたと語る。その時、目の前をニーナが通りかかり、アザゼルはニーナが竜の娘だと直感するが、追いつき話をしていると、ニーナは巨大な竜に変化する。ルリアは、崩れた壁の残骸で動けないアザゼルを救おうと手を伸ばす。その瞬間、アザゼルは記憶を取り戻すと、背中から黒い翼を生やし赤い竜に立ち向かう。
2,,<span class='scene-font-katari'>ついに赤い竜を見つけたぞと喜ぶ</span><br><span class='scene-font-katari'>アザゼルであったが、</span><br><span class='scene-font-katari'>またしても浮かない顔をしている。</span>,<span class='scene-font-katari'>阿萨谢尔因终于找到了红龙而狂喜不已，但紧接着又露出了不安的表情。</span>
3,,<span class='scene-font-katari'>ルリア達はその様子を心配し、</span><br><span class='scene-font-katari'>そっと理由を尋ねてみた。</span>,<span class='scene-font-katari'>姬塔一行对此有几分担心，就询问了缘由。</span>
4,,……確かに、ベスは赤く強い竜だ。<br>だが、以前俺が見た赤い竜とは違う。,……贝丝的确是只红色又很强的龙。但是和我之前见到的红龙不一样。
5,,どう違うんですか？,哪里不同呢？
6,,あれは娘の姿から突如竜へと姿を変え、<br>膨大な力をふるった。,那是从女孩的身姿突然变成龙并操控着巨大的力量。
7,,あれは一体、何だったのだろうか……,那到底是什么……
8,,<span class='scene-font-kokoro'>（なんでぇなんでぇ！</span><br><span class='scene-font-kokoro'>そんなのオイラだって……）</span>,<span class='scene-font-kokoro'>（为什么啊！那种程度咱也做得到……）</span>
12,,<span class='scene-font-katari'>ビィはこれ見よがしに</span><br><span class='scene-font-katari'>アザゼルの前を飛んでみる。</span>,<span class='scene-font-katari'>碧开始在阿萨谢尔眼前晃来晃去</span>
14,,<span class='scene-font-4'>がおおおお！</span><br><span class='scene-font-4'>ぐがああああ！</span>,<span class='scene-font-4'>吼！！</span><br><span class='scene-font-4'>吼哇啊啊啊！！</span>
15,,がごお……っ、が、ごほごほごほ……,吼！！吼……咳咳、咳咳咳……
16,,<span class='scene-font-katari'>それだけでは足りないと見てか、</span><br><span class='scene-font-katari'>小さく吼えてみたり、</span><br><span class='scene-font-katari'>さらに羽をばたつかせたり──</span>,<span class='scene-font-katari'>大概是觉得晃来晃去还不够，碧努力地吼叫并且扑闪着自己的小翅膀——</span>
17,,<span class='scene-font-katari'>誇らしげに見せびらかして</span><br><span class='scene-font-katari'>自己を主張し続けるのだった。</span>,<span class='scene-font-katari'>摆出得意的样子不停地主张着自己的存在。</span>
18,,<span class='scene-font-katari'>そんなビィの努力を知ってか知らずか、</span><br><span class='scene-font-katari'>アザゼルはまるで意に介さず、</span><br><span class='scene-font-katari'>鬱陶しそうに視線を逸らした。</span>,<span class='scene-font-katari'>大概是看不出碧的努力，阿萨谢尔完全不在意这些，只是用很烦的眼神避开碧。</span>
19,,<span class='scene-font-katari'>その時だった──</span>,<span class='scene-font-katari'>正在那时——</span>
21,,────ッ！？,————！？
23,,…………,…………
24,,<span class='scene-font-katari'>アザゼルの眼前を</span><br><span class='scene-font-katari'>赤き突風が吹き抜けていく。</span>,<span class='scene-font-katari'>一阵红色的风突然在阿萨谢尔的面前划过。</span>
25,,待て、お前はまさか！？,等等，你难道是！？
27,,<span class='scene-font-4'>って、おおおおい！</span><br>無視すんなよ！,<span class='scene-font-4'>喂————！</span><br>不要无视我！
31,,おい、お前！,喂！
33,,ああ！　包帯悪魔！,啊，绷带恶魔！
34,,フン、やはりそうか。<br>お前があの時の、赤き竜の娘……,哼，果然是吗。你就是那个时候的红龙……
35,,近寄らないで！,不要过来！
36,,…………,…………
37,,前にも言ったよね？<br>あたし、力は貸さないって。,之前也说了吧？我是不会帮你的。
38,,もう竜になんてならないよ！,我再也不要变成龙了！
42,,ひっ！？,咿！？
43,,俺も言ったはずだ。,我应该也说过了。
44,,お前は俺が支配してやる。<br>俺に抱かれて竜になれとな。,让我来支配你变龙。
45,,な、な、何言ってんのよ！<br>どいて、いいから離れて……,你你你说什么啊！快放手离我远点……
46,,でないと、あたし……<br>また……竜に…………,要不然、我又要……<br>变成……龙…………
48,,なればいい、俺の腕の中でな。,变就是了。就在我怀里变成龙。
55,,んんんん──ッ！？,嗯嗯嗯！？！？
66,,<span class='scene-font-4'>グオオオオオオオオオオオッ！</span>,<span class='scene-font-4'>嗷嗷嗷嗷！！</span>
72,,<span class='scene-font-katari'>少女が巨大な竜と化していく。</span><br><span class='scene-font-katari'>その身体が民家の壁を倒壊させた。</span>,<span class='scene-font-katari'>少女变成了巨大的红龙。那巨大的身体压塌了周围的民房。</span>
73,,アザゼルさん、危ない！,危险！阿萨谢尔！
74,,おい、何やってんだ！<br>兄ちゃん、早く離れろって！,喂你在干什么！小哥快离开那里！
75,,くっ…………,唔…………
76,,ダメだ、あいつ、壁の残骸で<br>身動きがとれねぇみてーだぞ！,不行了，那家伙被压在墙壁的残骸下了！
77,,<span class='scene-font-katari'>ビィがそう言い終わらぬ内に</span><br><span class='scene-font-katari'>ルリアがアザゼルに向かって</span><br><span class='scene-font-katari'>まっすぐに飛び出していた。</span>,<span class='scene-font-katari'>碧还没说完路莉亚就跑向了阿萨谢尔。</span>
79,,<span class='scene-font-katari'>正気を失った大きな竜が暴れる中、</span><br><span class='scene-font-katari'>呆然とするアザゼルに手を伸ばす。</span>,<span class='scene-font-katari'>失去自我的红龙还在到处破坏，而路莉亚向呆住的阿萨谢尔伸出了手。</span>
80,,アザゼルさん、つかまってください！,阿萨谢尔，快抓住我！
81,,お前……何故、俺を……,你为什么…….要救我……
82,,────ッ！？,————！？
88,,────,————
89,,<span class='scene-font-gray'>見覚えのあるシルエットが</span><br><span class='scene-font-gray'>……俺の名を呼んでいる。</span>,<span class='scene-font-gray'>似曾相识的面影在呼唤着我。</span>
90,,<span class='scene-font-gray'>この尊い影は……</span><br><span class='scene-font-gray'>ああ、そうか……俺は……</span>,<span class='scene-font-gray'>这个高贵的身影是……</span><br><span class='scene-font-gray'>是吗……我……</span>
102,,<span class='scene-font-gray'>だが、ヤツが現れた……</span><br><span class='scene-font-gray'>ヤツが俺を……そそのかした！</span>,<span class='scene-font-gray'>但是那家伙出现了……</span><br><span class='scene-font-gray'>是那家伙唆使了我！！</span>
103,,<span class='scene-font-gray'>あの、邪な力にあてられて……</span><br><span class='scene-font-gray'>俺達は……堕天し、無謀な戦いに……</span>,<span class='scene-font-gray'>被那邪恶的力量所控制……</span><br><span class='scene-font-gray'>我们……堕天、并进行了无谋的战斗……</span>
104,,<span class='scene-font-gray'>可……可恶！</span><br><span class='scene-font-gray'>そのせいで、俺は……</span><br><span class='scene-font-gray'>パンデモニウムの底に……</span>,<span class='scene-font-gray'>可……可恶！！</span><br><span class='scene-font-gray'>就是因此我才被关进了万魔殿……</span>
109,,<span class='scene-font-gray'>一筋の光さえも届かぬ、絶望のどん底。</span><br><span class='scene-font-gray'>時の流れからも忘れ置かれた永劫の中、</span><br><span class='scene-font-gray'>深く濃い闇が俺の身体を蝕んでいく。</span>,<span class='scene-font-gray'>在那毫无一丝光明，连时间都仿佛不存在的的绝望之底里，我被深深的黑暗所侵蚀。</span>
110,,<span class='scene-font-gray'>そんな中で聞いた、清らかな声。</span>,<span class='scene-font-gray'>在那之中我听到了清澈的声音。</span>
111,,<span class='scene-font-gray'>娘の声だ。</span>,<span class='scene-font-gray'>是个女孩的声音。</span>
112,,<span class='scene-font-gray'>己が命を省みず、鍵を手に</span><br><span class='scene-font-gray'>俺を救い出した娘の……声が……</span>,<span class='scene-font-gray'>奋不顾身地使用钥匙</span><br><span class='scene-font-gray'>将我救出的那个女孩……是她的声音……</span>
118,,アザゼルさん！　アザゼルさん！<br>しっかりしてください！,阿萨谢尔！　阿萨谢尔！<br>请醒一醒！
119,,ぐがああああ……<br>ぐぅ、がっ、背中が……,咕啊啊啊啊……<br>我的后背……
120,,え？　背中がどうしたんですか？,哎？后背怎么了？
121,,<span class='scene-font-4'>焼けるううううぅっ！？</span>,<span class='scene-font-4'>好烫啊啊啊啊啊！？</span>
127,,────！？,————！？
129,,ククク、ククククッ……<br>くはは、<br><span class='scene-font-4'>あはははははは！</span>,哼哼、哼哼哼……<br>哈哈、<br><span class='scene-font-4'>啊哈哈哈哈哈哈！</span>
130,,思い出した！　全て思い出したぞ！,想起来了！全部想起来了！
131,,何てことだ、ふざけた話じゃないか。,什么啊，真是滑稽。
132,,俺は悪魔などではなかった……<br>その逆、天司だったのだからなっ！,我才不是什么恶魔，正相反，我是天司啊！
133,,え、天司って……,哎、天司……？
135,,さあ来い、赤き竜よ。<br>手始めにお前を手なずけ、<br>ヤツへの反撃の嚆矢としてくれる！,来吧红龙！。<br>先从驯服你开始，成为反击那家伙的利箭吧！
141,,<span class='scene-font-4'>グオオオオオオオオオオオッ！</span>,<span class='scene-font-4'>嗷嗷嗷嗷嗷嗷嗷！</span>
info,,1,scene_chr412_q3_s10