id,en,jp,trans
0-chapter_name,,Those Who Won't Give Up,Those Who Won't Give Up
0-synopsis,,とある島を移動中、姬塔一行は魔物の群れに襲われる。ルリアがプロトバハムートを召喚して魔物を倒すと、アザゼルが真剣な表情でルリアに迫ってくる。アザゼルはルリアに、竜の娘ではないのか、竜の力を自分のために使えなどと詰め寄る。ルリアが困惑していると、姬塔が見かねて止めに入る。アザゼルは自嘲気味に「竜の娘ではないことはわかっていた」と言い放ち、出現した魔物に立ち向かう。,とある島を移動中、姬塔一行は魔物の群れに襲われる。ルリアがプロトバハムートを召喚して魔物を倒すと、アザゼルが真剣な表情でルリアに迫ってくる。アザゼルはルリアに、竜の娘ではないのか、竜の力を自分のために使えなどと詰め寄る。ルリアが困惑していると、姬塔が見かねて止めに入る。アザゼルは自嘲気味に「竜の娘ではないことはわかっていた」と言い放ち、出現した魔物に立ち向かう。
2,,<span class='scene-font-katari'>一行は、とある島を移動中、</span><br><span class='scene-font-katari'>突如魔物の群れに襲われた。</span>,<span class='scene-font-katari'>姬塔一行在某个岛屿被突如其来的魔物群袭击了。</span>
7,,<span class='scene-font-4'>グオオオオオオオオッ！</span>,<span class='scene-font-4'>咕哦哦哦哦哦哦哦！</span>
8,,<span class='scene-font-katari'>魔物は思いのほか手強く、</span><br><span class='scene-font-katari'>姬塔達は苦戦を強いられた。</span>,<span class='scene-font-katari'>因为魔物比想象的要强大，姬塔陷入了苦战。</span>
9,,おいおい、なんだよコイツ！？<br>めちゃくちゃ強ぇじゃねーか！！,喂喂，这些家伙是怎么回事！？太强了啊！！
10,,<span class='scene-font-katari'>姬塔の傍で</span><br><span class='scene-font-katari'>身を小さくしていたルリアが</span><br><span class='scene-font-katari'>むくりと立ち上がる。</span>,<span class='scene-font-katari'>一直缩在姬塔身边的路莉亚忽然站了出来。</span>
11,,姬塔、大丈夫です。,姬塔，没事的。
12,,私の力、使ってください……,使用我的力量吧……
18,,始原の竜、闇の炎の子。,原初之龙，暗炎之子。
19,,汝の名は……バハムート！,汝名为……巴哈姆特！！
27,,<span class='scene-font-4'>────！</span>,<span class='scene-font-4'>────！</span>
39,,グアアアアアアアアァァ……,啊啊啊啊啊啊啊……
42,,はぁ、はぁ、はぁ……,哈、哈、哈……
43,,へへっ！<br>相変わらず頼りになるな！,嘿嘿！还是那么可靠呢！
44,,なあ、姬塔？<br>お前もそう思うだろ？,姬塔你也这么认为吧？
45,,<span class='scene-font-katari'>姬塔は微笑み、静かに頷く。</span>,<span class='scene-font-katari'>姬塔は微笑み、静かに頷く。</span>
46,,えへへ、本当ですか。<br>そう思ってもらえると嬉しいです。,姬塔微笑着点了点头。
47,,<span class='scene-font-4'>おい、お前！</span>,<span class='scene-font-4'>喂！</span>
49,,<span class='scene-font-katari'>アザゼルはルリアを廃墟の城壁へ</span><br><span class='scene-font-katari'>追い込み、真剣な表情で迫った。</span>,<span class='scene-font-katari'>阿萨谢尔将露丽亚逼至废墟的墙壁前，用很严肃的表情看着她。</span>
50,,えっ！？　アザゼルさん？<br>急にどうしたんですか？,咦！？ 阿萨谢尔，你这是怎么了？
51,,お前、まさか噂に聞く、<br>竜の娘ではないのか。,你这家伙不会是传言里的龙女吧。
52,,え、竜の娘？,哎，龙女？
53,,いえいえ、違います！<br>私、竜の娘ではありません！,不不，我不是龙女哦！
54,,何故早く言わなかった！<br>この竜の力があれば<br>魔族の解放などいとも容易い。,为什么不早点说！只要有这个力量解放魔族不在话下！
55,,お前、その力、魔族のため……,为了魔族……
56,,いや、<br><span class='scene-font-4'>俺のために使え！</span>,不，<br><span class='scene-font-4'>为了我贡献你的力量吧！</span>
57,,はわっ！？,哇！？
58,,だ、だから違うんです！<br>私は、竜の娘では──<br>それに、この力だって──,所、所以说不是呀！我不是龙女而且这个力量——
59,,<span class='scene-font-katari'>姬塔が</span><br><span class='scene-font-katari'>アザゼルの腕をつかむ。</span>,<span class='scene-font-katari'>阿萨谢尔的手腕被姬塔抓住。</span>
60,,<span class='scene-font-katari'>そして、もう止めろと語りかける</span><br><span class='scene-font-katari'>まっすぐな眼差しで首を振った。</span>,<span class='scene-font-katari'>姬塔的眼神直逼阿萨谢尔，摇头叫他住手。</span>
61,,お前……邪魔するつもりか。,……你也要阻止我吗。
62,,<span class='scene-font-katari'>姬塔は答えない。</span><br><span class='scene-font-katari'>じっとアザゼルを見つめたまま</span><br><span class='scene-font-katari'>腕をつかむ手に力をこめた。</span>,<span class='scene-font-katari'>姬塔并未回答而是加强了力道。</span>
63,,<span class='scene-font-katari'>空気は重く淀み、緊張が走る。</span><br><span class='scene-font-katari'>ふたりはじっと睨み合ったまま</span><br><span class='scene-font-katari'>微動だにしなかった。</span>,<span class='scene-font-katari'>空气一下沉重了起来，两人瞪着对方一动不动。</span>
64,,<span class='scene-font-katari'>しかし、アザゼルは口元を歪め</span><br><span class='scene-font-katari'>自嘲した笑みを浮かべた。</span>,<span class='scene-font-katari'>但是阿萨谢尔露出了自嘲的笑容。</span>
65,,クククッ……,哼哼哼……
66,,<span class='scene-font-katari'>姬塔達は何がおかしいのか、</span><br><span class='scene-font-katari'>緊張した面持ちで</span><br><span class='scene-font-katari'>アザゼルの顔を見つめる。</span>,<span class='scene-font-katari'>姬塔一行并不知道他笑的缘由，只是很紧张地看着他。</span>
67,,フン、わかっていたことだ。<br>こいつが竜の娘ではないことくらいな。,哼。我知道的，这家伙并不是龙女。
68,,ええっ？<br>だったら、どうして私を？,欸？那为什么要那样对我？
69,,…………,…………
70,,えーと……？,嗯……？
71,,どけっ、邪魔だ！,太碍事了，让开！
76,,はわわわわ……<br>ど、どうなってるんですか？,哇？？？到底怎么了？
77,,フン、鈍いヤツめ。,哼，真是迟钝。
78,,え……,哎？……
79,,ルリア、よく見ろって！<br>アザゼルに突き飛ばされなかったら<br>あいつにやられちまってたぜ！,路莉亚好好看周围！要不是阿萨谢尔推你一下早就被魔物袭击到了啊！
80,,<span class='scene-font-4'>グオオオオオオオオッ！</span>,<span class='scene-font-4'>咕哦哦哦哦哦哦！</span>
81,,アザゼルさん、私のこと、<br>助けてくれたんですか……？,阿萨谢尔，你救了我吗……？
82,,……フン、運の悪いヤツらだ。<br>お前らに恨みはないが<br>今の俺はすこぶる機嫌が悪い。,……哼。真是群不幸的家伙。虽然我和你们无冤无仇但现在我现在很不爽。
83,,行くぞっ、はぁぁぁぁ……,要上了，哈啊啊啊啊……
info,,1,scene_chr412_q1_s10