id,en,jp,trans
0-chapter_name,,第2話 壊れた学院生活,第二集崩坏的学院生活
0-synopsis,,姬塔達は捕まった生徒達がモノリスにされていると推測し、モノリスを壊して回る。すると、一行を邪魔するかのように数多の異形の者がモノリスから現出する。一行は多勢を前に追い詰められる。そんな中、更に異形がコア・モノリスから現出しようとする。一行は現出を防ぐため、グレアの力を借りコア・モノリスを破壊する。すると、異形の者たちは何故か姿を消してしまうのだった。,一行人推测被抓到的学生们变成了独石柱，把独石柱破坏就会变回去。之后，独石柱中出现了很多的妨碍一行人的异形。一行人在众多的异形面前逐渐穷途末路。
0,,<span class='scene-font-katari'>捕まった生徒達が</span><br><span class='scene-font-katari'>モノリスにされているという可能性。</span>,被抓到的学生可能会被做成独石柱。
1,,<span class='scene-font-katari'>その事実を確かめるために</span><br><span class='scene-font-katari'>姬塔達は似たような</span><br><span class='scene-font-katari'>モノリスを見つけ、同様に破壊する。</span>,为了确认真相，一行人找到类似的独石柱，并以相同的方式破坏了它们。
2,,――――,----
13,,おいっ！<br>こっちのモノリスにも<br>人が入ってるぞ！,喂！这边的独石柱里也有人！
14,,――――,----
25,,こっちのもよ！,这里也有！
26,,――――,----
37,,こっちも入ってるよ！,这里也有人！
38,,これってやっぱり、捕まった人達が<br>モノリスになってるってことよね？,这么看，果然被抓到的人都变成独石柱了。
39,,うん。<br>間違いないと思う。,嗯。应该是这样没错。
40,,あの……姬塔。<br>これからどうします？,嗯......姬塔。接下来怎么办？
40-sel1_txt,,<span class='scene-font-katari'>モノリスを探して助け出そう</span>,寻找独石柱然后把他们救出来吧。
40-sel2_txt,,<span class='scene-font-katari'>まずは助けた人達を安全な場所へ</span>,先把救出来的人送到安全的地方。
41,,そうですね！<br>少しでも多くの人を助けましょう！,是啊！至少能救一个算一个！
42,,待って！<br>モノリスを壊しに行く前に助けた人達を<br>先に教室棟に連れて行こう。,等一下！去破坏独石柱之前先把救出来的人送到教学楼那里吧。
43,,あたしもグレアさんの意見に賛成ね。<br>助けた人達を守りながら<br>あの敵と戦うのは流石にきついわ。,我也同意古蕾雅的意见。一边保护救出来的人一边战斗还是很吃力啊。
44,,いま救助しただけでも<br>結構な数よ。,现在救出来的人人数也不少。
45,,うん。<br>イオさんの言うとおりだよ。,嗯。伊欧说的有道理。
46,,それに捕らわれた人達の数から<br>考えると、モノリスは<br>まだまだあると思う。,考虑到被抓的人的数量，独石柱应该还有很多。
47,,私達だけで全部壊すのは<br>時間がかかりすぎるよ。,只靠我们破坏的话太费时间了。
48,,だから、生徒会長に話して<br>協力してもらおう。,所以，我们去找学生会长谈谈寻求一下援助。
49,,うん、そうだね。<br>私もそうした方がいいと思う。,唔，说得对。我也觉得这样比较好。
50,,助けた人達を守りながら、<br>アイツらと戦うのは<br>避けた方がいいと思うし。,我认为最好避免一边与那些东西作战，一边保护救出来的人。
51,,確かにそうね……,那倒没错......
52,,だな。<br>なんせ、一回現れると<br>数が洒落になんねーからな。,是啊，毕竟只要出现过一次，以后就不会觉得它稀奇了。
53,,うん。それに捕らわれた人達の数を<br>考えると、モノリスは<br>まだまだあると思う。,是啊。考虑到被抓的人的数量，独石柱应该还有很多。
54,,だから、生徒会長に話して<br>協力してもらおう。,所以，我们去找学生会长帮帮忙吧。
55,,そうですね！,说的对！
56,,それじゃあ、<br>助けた奴らを教室棟に連れて……,那么，把救出来的人带到教学楼......
59,,っ！？<br>この音、さっきの……,嗯！ ？这声音，是之前的......
64,,<span class='scene-font-katari'>突如、空を擘くような音が鳴り響く。</span><br><span class='scene-font-katari'>そして、その音に共鳴するように</span><br><span class='scene-font-katari'>近くのモノリスが明滅し始める。</span>,突然间，划破天空的声音响起。然后，像是与声音产生了共鸣，附近的独石柱开始闪烁。
65,,お、おいおい。<br>まさか……，喂，喂。难道说....,
66,,この音が響くとモノリスから<br>魔物が出てくる……？,这个声音一响....怪物就会从独石柱里出来...？
67,,考えるのは後にしよう！<br>一旦、ここを離れないとっ！,这种事等等再想！我们先离开这里！
68,,<span class='scene-font-katari'>グレアの言うとおりに、</span><br><span class='scene-font-katari'>姬塔達は教室棟へと</span><br><span class='scene-font-katari'>走り始める。</span>,如古蕾雅所言，一行人开始跑向教学楼。
75,,はわっ！<br>もういっぱいいます！," 哈啊！这里都是那些东西！"
76,,こっちに！<br>急いで！,这边！快点！
84,,ちょっ、こっちにもいるわよ！,等、这边也有！
85,,こっち！,往这里！
92,,<span class='scene-font-katari'>モノリスより湧き出した</span><br><span class='scene-font-katari'>無数の異形の者達から逃げる</span><br><span class='scene-font-katari'>姬塔達。</span>,从独石柱中涌出的无数的异形那里逃出来的一行人。
93,,<span class='scene-font-katari'>しかし、どこに逃げても</span><br><span class='scene-font-katari'>異形の者達が待ちかまえており、</span><br><span class='scene-font-katari'>徐々に追い込まれてしまう。</span>,然而，不论他们逃向何方，异形总是堵在路上，渐渐地一行人变得穷途末路。
94,,はぁ……はぁ……,哈......哈......
95,,頑張って、ルリアさん。<br>教室棟はもう少しだから。,加油，露莉亚桑。教学楼就差一点了。
96,,は、はいっ！,唔、嗯！
97,,おい、こっちだ！<br>こっちにはまだアイツらがいねぇ！,喂，这边，这里！
101,,ピアノの姉ちゃん ！<br>次はどっちに行けば……,弹钢琴的小姐姐，接下来我们往哪边走......
102,,次は……,接下是......
105,,はぁ……はぁ……<br>姬塔、<br>あっちから敵がっ！,哈......哈......姬塔，有敌人从那边！
108,,こっちからも来るわよ！,这边也有敌人！
109,,――……,"   ...."
114,,<span class='scene-font-katari'>中庭のコア・モノリスの前で</span><br><span class='scene-font-katari'>異形の者の大群に囲まれる</span><br><span class='scene-font-katari'>姬塔達。</span>,一行人被大群的异形围困在中庭的核·独石柱前。
115,,ど、どうしましょう<br>姬塔……,怎、怎么办啊姬塔......
117,,<span class='scene-font-katari'>再び鳴り響く、空を擘くような高音。</span>,高亢的击穿天空的声音再次响起。
122,,<span class='scene-font-katari'>そして、その音に共鳴するように</span><br><span class='scene-font-katari'>姬塔達の背後にある</span><br><span class='scene-font-katari'>コア・モノリスが明滅を始める。</span>,一行人背后的核·独石柱开始渐明渐暗地与那个声音产生共鸣。
123,,チクショウ……<br>ダメ押しかよ……！,该死......万策尽了吗......！
125,,<span class='scene-font-4'>どいてっ！</span><br>これ以上増える前に<br>コア・モノリスを壊すわ！,躲开！要赶在魔物增长之前破坏核·独石柱！
128,,<span class='scene-font-katari'>その言葉と同時にイオは、</span><br><span class='scene-font-katari'>コア・モノリスへと魔法を放つ。</span>,说着伊欧用魔法攻向核·独石柱。
131,,<span class='scene-font-katari'>しかし、その魔法は</span><br><span class='scene-font-katari'>コア・モノリスの前に張られた障壁に</span><br><span class='scene-font-katari'>防がれてしまう。</span>,然而，那个魔法被挡在张开在核·独石柱前的结界前。
132,,う、嘘っ！？,假的吧！ ？
133,,……！！,......！ ！
134,,<span class='scene-font-katari'>本能的に危機を感じ、咄嗟に</span><br><span class='scene-font-katari'>星晶獣を呼びだそうと集中するルリア。</span>,本能地感到危机迫近，露莉亚在一瞬就集中精神准备召唤星晶兽。
135,,<span class='scene-font-katari'>しかし、それを阻止するかのように</span><br><span class='scene-font-katari'>コア・モノリスから湧きだした黒い靄が</span><br><span class='scene-font-katari'>ルリアへと襲い掛かる。</span>,然而，为了阻止露莉亚，核·独石柱中涌出的黑雾攻向她。
137,,っ！？,唔！ ？
138,,<span class='scene-font-4'>ダメッ！</span>,不行！
146,,<span class='scene-font-katari'>その瞬間、グレアの右腕が</span><br><span class='scene-font-katari'>金色の光を纏い、するどい炎を放つ。</span>,那一瞬，古蕾雅的右腕缠绕上金色的光芒，释放出猛烈的火焰。
148,,<span class='scene-font-katari'>槍のように鋭く放たれた炎は</span><br><span class='scene-font-katari'>ルリアを包む靄を消し飛ばし</span><br><span class='scene-font-katari'>背後のコア・モノリスをも撃ち貫く。</span>,火焰像锐利的尖兵，打散围绕着露莉亚的黑雾，击穿后面的核·独石柱。
149,,やったか！？,成功了！ ？
153,,<span class='scene-font-katari'>グレアの一撃を受け、</span><br><span class='scene-font-katari'>砕け散るコア・モノリス。</span>,受到古蕾雅的一击，核·独石柱变得支离破碎。
154,,…………！！,............！ ！
161,,<span class='scene-font-katari'>そして、それを引き金とするように、</span><br><span class='scene-font-katari'>周囲にいた異形の者達は</span><br><span class='scene-font-katari'>煙のようになり消滅していった。</span>,之后，像是开关被触发了一样，周围的异形如烟一样消散了。
162,,え……？　消え……た？,欸......？消失了？
163,,い、一体、なにがどうなってんだ……,到、到底发生了什么......
164,,<span class='scene-font-katari'>コア・モノリスが破壊されるやいなや</span><br><span class='scene-font-katari'>あれほど苦戦した異形の者達が</span><br><span class='scene-font-katari'>消滅した。核·独石柱一被破坏，曾经与一行人缠斗的异形就消逝了。,
165,,<span class='scene-font-katari'>その事実に姬塔達は</span><br><span class='scene-font-katari'>ただただ、呆然とするのであった。</span>,一行人面对这个事实，都惊呆了。
info,,1,scene_evt170831_cp2_q4_s10