id,name,detail
npc,索利兹,3040170000
special,破岩溢冲,土属性伤害（特大）/自身剩余HP越多，攻击越大上升
skill-1,不挠不屈,敌方6次土属性伤害/自身HP回复   <span class=text-blue>◆每次使用回复量上升(最大5次)</span>
skill-2,肉弹气焰,敌方6次土属性伤害/防御下降(累积)   <span class=text-blue>◆每次使用攻击次数上升(最大10次)</span>
skill-3,男子汉的最后通牒,可以立即使用不挠不屈和肉弹气焰   <span class=text-blue>◆以这拳头起誓绝不会让你们碰小姑娘们的!(自身防御大幅上升/对女性角色保护效果/攻击上升(随队伍女性角色数量上升))</span>
support-1,老当益壮,更容易成为敌人目标但最大HP上升
support-2,肌肉反应,受到伤害「刚破」等级上升1(最大10)   <span class=text-blue>根据「刚破」等级给予伤害上升((每层+5000，最大10层50000))</span>
,,