id,name,detail
npc,美黛拉,3040072000
special,钝痛之拥,火属性伤害（特大） <span class=text-blue>◆消耗1封印造成2倍火属性伤害</span>
skill-1,耀星,5次火属性伤害，目标随机/获得5封印
skill-1+,耀星,5次0.9倍火属性伤害，目标随机/获得5封印
skill-2,绣弓落隼,对敌方单体造成2倍火属性伤害/魅惑效果<span class=text-blue>◆消耗1封印，追加缓慢效果</span>
skill-3,金火彗降,对敌方单体造成5.5倍火属性伤害/自身防御20%DOWN/敌对心UP（累积）<span class=text-blue>◆消耗1封印，免去上述负面效果</span>
support-1,非凡之相,对负面效果中的敌人攻击10%UP
support-2,魔导弓之完全形态,普攻消耗1封印，追加0.8倍火属性伤害
skill-lb,LB技能,使用技能时，有几率不完全消耗封印
,,