id,en,jp,trans
0-chapter_name,,エリカ?大神編,艾丽卡·大神篇
0-synopsis,,エリカ達の活躍により、一同は街に現れた降魔を一掃する。さらには葵叉丹の妖力の計測にも成功し、エリカの描いた真っ黒な絵から、葵叉丹の本拠地がアガスティアであることが判明する。こうして姬塔達は、大神、エリカと共に、葵叉丹の本拠地へと乗り込むことを決める。,因为艾丽卡等人的努力，在街道上出现的降魔被一扫而空。而且对葵叉丹的妖力测量也获得成功，从艾丽卡画下的纯黑的图画里，众人获知葵叉丹的大本营处于阿加斯蒂亚。于是姬塔一行人和大神、艾丽卡一同决定奔向葵叉丹的大本营。
0,,<span class='scene-font-katari'>エリカ達の活躍により、</span><br><span class='scene-font-katari'>街に出没した降魔達は撃退された。</span>,<span class='scene-font-katari'>由于艾丽卡等人的努力，</span><br><span class='scene-font-katari'>街道上出现的降魔悉数被击退。</span>
1,,<span class='scene-font-katari'>敵に居場所を悟られた大神達であったが</span><br><span class='scene-font-katari'>叉丹と接触できたのは幸運とも言えた。</span>,<span class='scene-font-katari'>对于大神等人来讲虽然被敌人得知了所在地，</span><br><span class='scene-font-katari'>但是能够与叉丹进行接触可谓幸运。</span>
2,,<span class='scene-font-katari'>これまで計測に失敗していた</span><br><span class='scene-font-katari'>葵叉丹の妖力を掴む事に</span><br><span class='scene-font-katari'>遂に成功したのである。</span>,<span class='scene-font-katari'>因为至今为止都失败了的</span><br><span class='scene-font-katari'>对葵叉丹的妖力测量</span><br><span class='scene-font-katari'>终于在这次获得了成功。</span>
3,,叉丹の妖力を計測できたのはいいが<br>整備ができていないから、<br>妖力計の精度が落ちているな……,虽然成功对叉丹的妖力进行计测<br>由于没有整备的缘故，<br>妖力计的精度下降了……
4,,…………,…………
5,,エリカくん？<br>どうしたんだい？<br>妖力計と睨み合って……,艾丽卡君？<br>你怎么了？<br>一直盯着妖力计……
6,,むむむむむ……！,姆姆姆姆姆……！
7,,はいはーい！<br>わたし、わかっちゃいました！,好的好的！<br>我明白了！
8,,エリカくん！？<br>何が分かったんだい？,艾丽卡君！？<br>你明白什么了？
9,,神さまの奇跡です！,这是神的奇迹！
10,,今、ちょっとだけ<br>サンタさんの偽物のいる場所が<br>見えたんです。,刚才我看到一眼<br>那个假圣诞老人的所在地了。
11,,なんだってぇ！？,你说什么！？
12,,すぐに絵を描きますね！<br>えっと、紙とペン、紙とペン……,我马上画下来！<br>纸和笔、纸和笔……
13,,<span class='scene-font-katari'>バタバタとせわしなく部屋を探し回る</span><br><span class='scene-font-katari'>エリカであったが……</span>,<span class='scene-font-katari'>艾丽卡慌慌张张在屋子里四处找纸笔，</span><br><span class='scene-font-katari'>但是……</span>
16,,いたたたた……<br>また、あたまぶつけちゃった……<br>うう……,好痛……<br>我又撞到头了……<br>呜呜……
17,,やれやれ、スゲエ力出したり<br>ドジ踏んだり、相変わらず<br>忙しい姉ちゃんだぜ……,真是的，突然涌出很大的力量<br>又突然很冒失，<br>真还是个忙碌的姐姐呢……
18,,<span class='scene-font-katari'>ペンを握り、紙に向かうエリカ。</span><br><span class='scene-font-katari'>しばらくののち、彼女の絵は完成し──</span>,<span class='scene-font-katari'>艾丽卡握住笔开始在纸上描绘。</span><br><span class='scene-font-katari'>过了一会儿，她的画完成了──</span>
19,,できました！　えへへ！<br>どうですか？　わかりますか？,画好了！诶嘿嘿！<br>怎么样？看得懂吗？
20,,うーん……<br>これは……,嗯……<br>这是……
21,,おいおい……<br>紙を真っ黒に<br>塗り潰しただけじゃねえか……,喂喂……<br>纸这不是完全被涂黑了吗……
22,,もう！　ダメですよ天使様！<br>せっかくわたしが描いたのに！<br>神さまの奇跡が台無しじゃないですか！,真是的！不行的哦天使大人！<br>我好不容易画好的！<br>你这话岂不是让神的奇迹没有脸面吗！
23,,い、いや……<br>姉ちゃんの絵がまずいのが<br>悪いんじゃねえか……,不、不是……<br>倒也不是姐姐的画特别差……
24,,しかし……これは難しいぞ……<br>塗り残しの形が<br>何かに見えなくもないんだが……,不过……这可真难啊……<br>从没涂黑的部分看也好像看得出什么……
25,,あー……言われて見りゃあ<br>そんな気もするなぁ。,啊……你这么一讲，<br>好像是有什么。
26,,……なあ、姬塔。<br>これ、もしかして<br>アガスティアの建物じゃねえか？,……我说姬塔。<br>这个难不成是阿加斯蒂亚的建筑物？
27,,わかったのか、ビィ！,你知道是哪了吗，碧！
28,,あの辺、あんまりいい噂聞かねえから<br>行くのも気が向かねえけど……<br>どうする？　行ってみるか？,那一块一般都没啥好消息，<br>不是很想去……<br>怎么办？要过去看看吗？
29,,そうだな……<br>この騒ぎを抑えるためには<br>叉丹を倒す必要がある。,是啊……<br>如果要终止这场骚乱，必须得打倒叉丹。
30,,すまないが、姬塔くん。<br>これから<br>敵の本拠地に乗り込むわけだが……,不好意思，姬塔君。<br>我想这就攻入敌人的大本营……
31,,この騒ぎが終わるまで、<br>もう少し力を貸してほしい。,我希望你能再帮我把手，<br>直到这场骚乱结束为止。
31-sel1_txt,,<span class='scene-font-katari'>粉骨砕身の覚悟でがんばります</span>,<span class='scene-font-katari'>我会怀着粉身碎骨的觉悟努力的</span>
31-sel2_txt,,<span class='scene-font-katari'>自信はないけど、やってみるよ</span>,<span class='scene-font-katari'>虽然没什么自信，我会试试看</span>
34,,ははは！　いい言葉を知ってるな！<br>よろしくな、姬塔くん。,哈哈哈！你还懂这个好词儿！<br>拜托你了，姬塔君。
35,,<span class='scene-font-katari'>空域にはびこる降魔の脅威が長引けば、</span><br><span class='scene-font-katari'>星の島に向かう旅も</span><br><span class='scene-font-katari'>上手くはこばないだろう。</span>,<span class='scene-font-katari'>如果在空域中降魔的威胁持续下去的话，</span><br><span class='scene-font-katari'>恐怕去星之岛的旅行也不会顺利。</span><br><span class='scene-font-katari'></span>
36,,<span class='scene-font-katari'>その事を思い、</span><br><span class='scene-font-katari'>姬塔は力強くうなずいた。</span>,<span class='scene-font-katari'>想到这里，</span><br><span class='scene-font-katari'>姬塔重重地点了头。</span>
37,,お？　自信がないだなんて<br>珍しいじゃねえか。<br>気が進まねえってのか？,哦？你说你没自信可真稀奇。<br>不是很想去吗？
38,,そうですね……その気持ちも<br>わかります。あの降魔という魔物、<br>ちょっと、怖いですもんね……,说的是呢……我懂你那种感觉。<br>毕竟那个叫降魔的魔物有点恐怖……
39,,でもほら、降魔退治の依頼って<br>結構いい金出るじゃねえか。,但是你想，击退降魔的任务不是很赚钱么。
40,,今度の報酬で、姬塔が<br>やりたがってた艇の改造なり何なり<br>できるんじゃねえか？,姬塔可以用这次的报酬<br>来做一直想做的骑空艇改造什么的<br>不也可以吗？
41,,<span class='scene-font-katari'>ビィの言葉を受け、</span><br><span class='scene-font-katari'>即座にやる気を取り戻した</span><br><span class='scene-font-katari'>姬塔。</span>,<span class='scene-font-katari'>听了碧的话后，</span><br><span class='scene-font-katari'>姬塔马上就找回了干劲。</span><br><span class='scene-font-katari'></span>
42,,<span class='scene-font-katari'>自ら大神の手を取ると</span><br><span class='scene-font-katari'>固い握手を交わすのだった。</span>,<span class='scene-font-katari'>主动向大神伸手，</span><br><span class='scene-font-katari'>两人重重地握了下去。</span>
43,,やれやれ……<br>ホンットに現金なんだもんなぁ。,真是的……<br>真的很势利眼呢。
44,,ははは。<br>頼りにしてるよ、姬塔くん。,哈哈哈。<br>就要靠你咯，姬塔君。
45,,<span class='scene-font-katari'>こうして姬塔は</span><br><span class='scene-font-katari'>大神らとともに</span><br><span class='scene-font-katari'>叉丹の本拠地へと乗り込む事になった。</span>,<span class='scene-font-katari'>于是姬塔决定和大神一起</span><br><span class='scene-font-katari'>攻入叉丹的大本营。</span><br><span class='scene-font-katari'></span>
info,,1,scene_evt160506_cp2_q2_s30
,,,