id,name,text,trans
0-chapter_name,,第1話 幾千の 闇夜を越へて,
0-synopsis,,カラクラキルは、婚約者のクラーバラ、その兄であるサビルバラと共に過ごす穏やかな過去の夢を見る。妖刀を封じる呪術を伝える一族であるカラクラキルは、過去の夢を見る頻度が増えたことから、妖刀の浸食が進んでいることを知る。しかし仇を取れるならばどうでもいい、と自分が家から持ち出した妖刀を見るのだった。,卡拉库拉奇尔梦见了与未婚妻库拉芭拉和她的哥哥萨比尔巴拉共同生活的安宁日子。作为传承封印妖刀的咒术的一族，卡拉库拉奇尔知道，频繁梦见过去意味着妖刀的侵蚀正在加重。但是为了报仇这些都无所谓，他说着看向手里那把从家里带出的妖刀。
2,サビルバラ,……どうだい、カラクラキル。<br>うちの妖刀の封印はできそうか？,……怎样，卡拉库拉奇尔。<br>我家的妖刀能封印吗？
3,カラクラキル,……たぶん、問題ないと思う。<br>俺が使える封印術で<br>力を押さえこんでおけるはずだ。,……大概，没有问题吧。<br>用我使用的封印术应该可以压制住它的力量。
4,サビルバラ,それを聞いて安心したぜよ。<br>なにせ、危なっかしいもんを<br>預かってもらうきに。,听你这么讲我就放心了。<br>毕竟是要把这么危险的东西交给你啊。
5,サビルバラ,まったく、ご先祖さんも<br>厄介なもんを遺してくれたもんだ。,真是的，先祖也是，<br>把这么麻烦的东西留下来。
6,カラクラキル,……厄介、か。<br>その厄介さは、きっと当時の人々の<br>必死さの表れなんだと思う。,……麻烦，吗。<br>之所以会这么麻烦，<br>也能反应出当时的人们有多拼命吧。
7,サビルバラ,元々は、<span class='scene-font-spword'>星の民</span>と戦うために<br>空の鍛冶師が作ったんだったか。,这东西本来是为了和星之民战斗<br>而由空之民的锻造师做出来的吧。
8,カラクラキル,ああ。<br>……言うのも憚られるような<br>危険な方法で、ね。,是啊。<br>……用不敢言传的危险方法制作的，呢。
9,カラクラキル,覇空戦争の終結後、<br>妖刀を作った鍛冶師達は<br>妖刀の製造法と共に散逸した。,霸空战争结束后，<br>制作妖刀的锻造师们<br>和妖刀的制造方法一起散逸了。
10,カラクラキル,一説によると、妖刀そのものに加え<br>製造法を忌避した人々に<br>石をもって追われたそうだよ。,也有说法是被当时忌讳妖刀的人们<br>用石头砸跑的就是了。
11,サビルバラ,使い手を蝕み、心身を浸食しながら<br>力を発揮する……<br>まあ、まともなもんじゃあないからな。,侵蚀使用者，<br>一边侵蚀身心一边发挥力量……<br>也是，实在不像什么正经东西。
12,サビルバラ,使わないで済むなら、<br>それに越したことはないぜよ。,要是能不去用的话，<br>那自然是最好的了。
14,クラーバラ,お茶が入りましたよ、<br>どうぞ召し上がれ？,茶泡好了，请用吧？
15,カラクラキル,ありがとう。<br>いただくよ、クラーバラ。,谢谢。<br>那就不客气了，库拉芭拉。
16,クラーバラ,ほほほ、粗茶ですが……,呵呵呵，粗茶不成敬意……
17,サビルバラ,……何やっとるんだ、おんしは。<br>妙にしゃちほこばって。,……话说你玩啥呢。<br>搞得那么僵硬。
18,クラーバラ,あらあらお兄様、<br>妙なことをおっしゃっているのは<br>そちらでございますことよ？,啊啦啊啦哥哥大人，<br>您才是为什么要说这么奇怪的话呢？
19,クラーバラ,うち……わたくし、<br>とっても普通でありますとも！,我……小女子现在<br>不是一如往常么！
20,カラクラキル,……いや、妙だと思うよ……？<br>どうしたのクラーバラ、その喋り方。,……不对，的确很奇怪啊……？<br>怎么了库拉芭拉，这讲话方式。
21,サビルバラ,何か拾い食いでもしよったか？,路上随便捡了啥东西吃吗？
22,クラーバラ,<span class='scene-font-4'>そんなことするわけ</span><br><span class='scene-font-4'>ないぞね！？</span>,<span class='scene-font-4'>怎么可能会去</span><br><span class='scene-font-4'>做那种事啦！？</span>
23,サビルバラ,お、戻りゆうが。,啊，变回来了。
24,クラーバラ,うぅ、折角練習してたのに……<br>丁寧な喋り方。,呜呜，难得想练习一下……<br>优雅的讲话方式。
25,カラクラキル,丁寧な喋り方？<br>……今のが？,优雅的讲话方式？……<br>刚才那个？
26,クラーバラ,うん……<br>ほら、うち訛っちょるでしょう。<br>言葉も乱暴だし……,嗯……<br>你看，我不是讲方言的吗，<br>说话也大大咧咧的……
27,サビルバラ,それがどうしたぜよ？<br>この島に住んでる連中は<br>訛っちょる奴が多いだろうに。,那又咋样啦？<br>住着岛上的家伙<br>讲方言的不是挺多的。
28,クラーバラ,でも！　カラちゃんのおうちは<br>みーんなお上品だもの！,但是！小卡拉家里<br>大家都很有格调呀！
29,カラクラキル,ああ……それは、うちの人は<br>よその島の人と<br>あれこれやり取りすることが多いから。,啊……这个嘛，<br>因为我家的人经常跟岛外面的人有交流。
30,サビルバラ,この島にある村やら街やらの<br>盟主みたいなもんだからなぁ、<br>おんしの家は。,毕竟是这个岛上的村子和城镇的<br>盟主之类的嘛，你家。
31,カラクラキル,そんなに大げさなものじゃないけど……<br>島の代表者が必要な時に、<br>たまたま白羽の矢が立っただけだよ。,并没有那么了不起就是了……<br>只不过在需要代表这个岛的时候，<br>偶然我们被选上了而已。
32,クラーバラ,ほら！　カラちゃんの<br>こういう謙虚なところが、<br>もうお上品ぞね！,你看！小卡拉这股谦逊的气质，<br>真是太有格调了！
33,クラーバラ,うちも少しはお上品になって、<br>カラちゃんが恥ずかしくないように<br>しないと……,我也想变得更有格调一些，<br>至少不能让小卡拉觉得丢脸……
34,カラクラキル,気にし過ぎだよ。<br>君が訛っていても、<br>誰も気にしたりしないよ？,你想太多了。<br>就算你讲方言，<br>也不会有人会在意哦？
35,クラーバラ,……そうかなぁ……,……真的吗……
36,カラクラキル,そうだよ。<br>いつも通りの君が一番だ。<br>そのままでお嫁においで。,真的啊。<br>平常的你就是最好的了。<br>就这样嫁过来吧。
37,クラーバラ,う～ん……<br>カラちゃんがそう言うなら……,唔嗯～……<br>既然小卡拉你都这么说了……
38,サビルバラ,カラクラキル。あんまり甘やかすと<br>跳ねっ返りが酷くなるぜよ。<br>そうでなくともお転婆……,卡拉库拉奇尔。你可别太惯着她啊，<br>不然有的你好受的。<br>而且还是个疯丫头……
40,サビルバラ,イテテッ！,好痛！！
41,クラーバラ,……あんちゃん、何か言った？,……老哥，你刚说啥了？
42,サビルバラ,イテテテテッ！<br>耳を捻るんじゃあないぜよ！,好痛痛痛！<br>不要拧我耳朵啊！
43,サビルバラ,カラクラキル！<br>笑ってないで助け……<br>イテテテテテテッ！！,卡拉库拉奇尔！<br>别光顾着笑快救……<br>好痛痛痛痛痛！！
54,カラクラキル,……夢。,……梦。
55,カラクラキル,……ゴホッ……ゴホッ……,……咳……咳……
56,カラクラキル,<span class='scene-font-kokoro'>(過去を見る夢の頻度が、増える……</span><br><span class='scene-font-kokoro'>……妖刀の浸食による記憶の崩壊直前に</span><br><span class='scene-font-kokoro'>見られる傾向だ……）</span>,<span class='scene-font-kokoro'>（梦见过去的频率增加了……</span><br><span class='scene-font-kokoro'>看起来是妖刀的侵蚀导致</span><br><span class='scene-font-kokoro'>是记忆即将崩坏的征兆……）</span>
57,カラクラキル,<span class='scene-font-kokoro'>（人格変容の兆し……</span><br><span class='scene-font-kokoro'>……体が崩れる方が早いか、</span><br><span class='scene-font-kokoro'>心が砕ける方が早いか……）</span>,<span class='scene-font-kokoro'>（人格变化的预兆……</span><br><span class='scene-font-kokoro'>是身体先崩坏呢，</span><br><span class='scene-font-kokoro'>还是心灵先碎裂呢……）</span>
58,カラクラキル,<span class='scene-font-kokoro'>（……どうでも、いい……）</span>,<span class='scene-font-kokoro'>（……都，无所谓……）</span>
59,カラクラキル,<span class='scene-font-kokoro'>（仇が、取れるなら……）</span>,<span class='scene-font-kokoro'>（只要，能报仇的话……）</span>
60,,<span class='scene-font-katari'>血の気の薄い肌をした青年は、</span><br><span class='scene-font-katari'>生家に受け継がれ我が身を蝕む</span><br><span class='scene-font-katari'>妖刀に視線を向ける。</span>,<span class='scene-font-katari'>面无血色的青年，</span><br><span class='scene-font-katari'>将视线投向自家代代相传的、</span><br><span class='scene-font-katari'>正在侵蚀自己身体的妖刀。</span>
61,,<span class='scene-font-katari'>その刃は仇の血を吸う時を、</span><br><span class='scene-font-katari'>今か今かと待ち構えていた。</span>,<span class='scene-font-katari'>它的刀刃正在跃跃欲试地等待着、</span><br><span class='scene-font-katari'>能够痛饮仇敌鲜血的那一刻。</span>
info,,,scene_evt181130_cp1_q4_s10