id,name,detail
npc,玛姬莎,3040011000
special,陨石风暴,火属性伤害(特大)/敌方全体火属性防御10%DOWN/对敌方全体造成火属性伤害
skill-1,喷发,对敌方全体造成火属性伤害/敌方攻击20%DOWN
skill-1++,喷发,对敌方全体造成火属性伤害/敌方攻防25%DOWN
skill-2,壁垒,我方全体免疫负面效果(1次)/攻防UP
skill-3,瓦尔普吉斯之夜,对敌方全体造成火属性伤害/盲暗效果/灼热效果
skill-4,制约,<div class=prt-text-small>召唤魔神摩拉克斯/再使用时解除召唤，根据摩拉克斯存在的回合数增加我方全体火属性伤害</div>
support-1,万能的魔女,对盲暗状态的敌人技能伤害上限UP/对灼热状态的敌人暴击率UP
support-2,召唤魔神摩拉克斯,摩拉克斯在场时，攻防UP/平砍顺劈必二连/每回合损失HP
skill-lb,LB技能,因负面效果无法战斗时，有几率维持1HP继续战斗
intro,,
,,