id,name,text,trans
0,ゾーイ/佐伊,メリークリスマス。<br>姬塔。,圣诞快乐。<br>姬塔。
1,ゾーイ/佐伊,空の世界で長く暮らすうちに、<br>本当に色んなことを学んだよ。,在天空世界生活了这么久，我真的学到了很多呢。
2,ゾーイ/佐伊,だから、今ではこの胸の高鳴りと<br>頬の火照りの意味も……<br>なんとなくだが、理解できる。,所以，心跳加速、脸颊发烫意味着什么……<br>我好像，也能理解了。
3,ゾーイ/佐伊,なぁ、姬塔。<br>キミは私にとって本当に、<br>掛け替えのない大切な存在だ。,姬塔。<br>你对我来说，是无可替代的存在。
4,ゾーイ/佐伊,そんなキミと聖夜を過せるなんて、<br>ふふふ、私は……幸せ者だな。,能和你一起度过平安夜，呵呵，我真的……很幸福啊。
5,ゾーイ/佐伊,私をこんなに幸せにしてくれて、<br>ありがとう、姬塔。,谢谢你能让我感到幸福，姬塔。
info,,,scene_s3_christmas_3055_v4_0_2005_1_3040150000