id,name,text,trans
0,カタリナ/卡塔莉娜,――これで一通り、<br>戦うための準備は整ったな。,――这样一来，战斗准备基本上完成了。
1,ルリア/露莉亚,武器や召喚石は、<br>手に入れるだけじゃなくて、<br>装備しなくちゃいけないんだよね。,武器和召唤石不光是要获取，还必须要装备啊。
2,ルリア/露莉亚,私、覚えたよ！,我记住了！
3,ビィ/碧,そういや、気づけば<br>さっきのちびっ子店長がいねぇな……,说起来，回过神来的时候刚才那个小个子店长就不见了……
4,カタリナ/卡塔莉娜,彼女のよろず屋は、<br>今後も幾度となくお世話になる店だ。<br>またすぐに会うことになるだろうさ。,从今往后还要受她的万事屋很长时间的照顾。肯定还会再见的。
5,カタリナ/卡塔莉娜,さぁ、ここからが旅の本番だ。<br>気を引き締めていくぞ！<br>グラン！,走吧，现在开始是真正的旅途。打起精神来出发了！古兰！
info,,,scene_tutorial06
,,,