id,name,text,trans
0-chapter_name,,第85章　少女フォリア,第85章 少女芙莉亚
0-synopsis,,姬塔達に声をかけてきた謎の少女はフォリアという名前で、西の森の近くの村に住んでいるという。村の代表として、暴走した星晶獣の潜む洞窟まで一行を案内しに来たというフォリアに、不信感を拭えない一行。しかし、レオナとフォリアは旧知の仲であるらしく、レオナはフォリアを信用の置ける人物と紹介する。結局、一行はひとりで歩き始めたフォリアの後を追うのだった。,向姬塔等人搭话的神秘少女名叫芙莉亚，告诉众人她住在森林附近的村庄，代表村庄带领众人前往星晶兽栖息的洞穴。众人对此抱有怀疑。然而雷欧娜似乎与她相识，表示她值得信任。于是，姬塔一行跟着芙莉亚继续前进。
0,,<span class='scene-font-katari'>突如現れた白い獣に</span><br><span class='scene-font-katari'>連れ去られてしまったカイン。</span>,<span class='scene-font-katari'>该隐被一头突然出现的白色猛兽带走了。</span>
1,,<span class='scene-font-katari'>突然の事態に一行が唖然としていると、</span><br><span class='scene-font-katari'>その背後から、</span><br><span class='scene-font-katari'>謎の少女が声をかけてきたのだった。</span>,<span class='scene-font-katari'>众人还没缓过神来，又有一名神秘少女向众人搭话。</span>
2,？？？,――なんじゃ、<br>呆けた顔をしおって……,——怎么了，一个个都呆住了……
3,？？？,お主らのような気の抜けた連中で、<br>本当に陛下の任をはたせるのかのう……,你们这群没有干劲的人，真的能完成陛下交给你们的任务吗……
4,,<span class='scene-font-katari'>そう口にすると、</span><br><span class='scene-font-katari'>少女は顔に似合わぬ渋い顔で</span><br><span class='scene-font-katari'>眉根を寄せる。</span>,<span class='scene-font-katari'>说着，她紧皱眉头，露出很不像少女的表情。</span>
4-sel1_txt,,<span class='scene-font-katari'>君はだれ？</span>,<span class='scene-font-katari'>你是谁？</span>
5,？？？,む？　そうか……<br>確かにいまは名乗らねばならんな。,唔？ 是么……<br>妾身还没有报上名字。
6,フォリア/芙莉亚,妾の名はフォリアという。<br>西の森の近くの村に住む、<br>見ての通りの可憐な美少女じゃ。,妾身名叫芙莉亚。<br>住在森林附近的村子里，如各位所见，是个惹人怜爱的美少女。
7,フォリア/芙莉亚,お主らは国王陛下の遣わした<br>星晶獣の討伐部隊であろう？,你们就是国王陛下派来讨伐星晶兽的队伍吧？
8,フォリア/芙莉亚,妾達の村のために<br>遠路はるばるご苦労なことじゃ。,各位为了我们的村子远道而来，辛苦了。
9,フォリア/芙莉亚,妾は村の代表での。<br>暴走した星晶獣の潜む洞窟まで<br>お主らを案内しようとやって来たのじゃ。,妾身是村里的代表。<br>接下来就带你们去星晶兽栖息的洞穴。
10,ルリア/露莉亚,わぁ！<br>ありがとうございます。<br>フォリアちゃん！,哇！<br>太谢谢你了，芙莉亚妹妹！
11,フォリア/芙莉亚,くく……<br>フォリア、ちゃん、か……<br>やはり良いものだのう……,呵呵……<br>芙莉亚妹妹，么……<br>果然很不错呢……
12,フォリア/芙莉亚,案内のことは気にせずとも良いぞ。<br>村からの厚意と思うて、<br>存分に案内されるがよい。,各位不用太在意妾身为你们带路一事。<br>这是村子能尽的一点帮助，不需要客气。
12-sel1_txt,,<span class='scene-font-katari'>助かっちゃったね</span>,<span class='scene-font-katari'>帮大忙了</span>
12-sel2_txt,,<span class='scene-font-katari'>怪しすぎる……</span>,<span class='scene-font-katari'>太可疑了……</span>
13,カタリナ/卡塔莉娜,あ、ああ……そうだな。<br>確かにこれで、<br>森の洞窟まで迷わずに済みそうだ。,是、啊……是这样。<br>这样一来我们就不用担心找不到洞穴了。
14,カタリナ/卡塔莉娜,だが、その……<br>彼女はどうにも……,可是，怎么说呢……<br>不管怎么看，她都……
15,ビィ/碧,なーんか怪しいんだよなぁ……,很可疑啊……
16,カタリナ/卡塔莉娜,む……そ、そうだな……<br>道案内をしてくれる、という子供に対し、<br>失礼なことだとは思うが……,唔……是、是啊……<br>虽然这样的小女孩为我们带路，我们还说这些，实在有点失礼……
17,ビィ/碧,なんか、どう考えても、<br>普通の奴には見えねーぜ……,但你看起来实在不像普通人啊……
18,ラインハルザ/莱茵哈萨,…………,
19,レオナ/蕾欧娜,えっと、その……<br>彼女は大丈夫です。<br>信用出来る人物ですよ。,那个……<br>没事的。<br>她不是什么可疑的人。
20,ラインハルザ/莱茵哈萨,何故そう言える？,为什么这么说？
21,レオナ/蕾欧娜,それは……<br>えーっと……,这个……<br>是因为……
22,フォリア/芙莉亚,妾とレオナは旧知の仲でのう。<br>幾度となく、<br>村や森で共に遊んだものよ……,妾身和雷欧娜是老朋友了。<br>我们两个经常在村子里森林里一起玩呢……
23,ルリア/露莉亚,レオナさんはフォリアちゃんと、<br>お友達だったんですね！,雷欧娜和芙莉亚妹妹是好朋友啊！
24,レオナ/蕾欧娜,お、お友達！？<br>そ、そうですね……<br>そう……ですよね？,好、好朋友？<br>是、是呢……<br>是……是吧。
25,フォリア/芙莉亚,じゃな。<br>女同士の仲というものじゃ。<br>そこな盗賊にはわからんかもしれんの。,对呀。<br>女孩子之间的友情，想必那边的盗贼是无法理解的呢。
26,ラインハルザ/莱茵哈萨,ほぉ……,哦……？
27,フォリア/芙莉亚,それよりも急いだほうが良いぞ。<br>仲間のひとりが、<br>あの星晶獣に攫われておったろ？,不说这些了，我们还是快点吧。<br>你们的队伍中，不是有个人被那星晶兽抓走了吗？
28,ルリア/露莉亚,はわっ！<br>そ、そうでした……！<br>早くカインさんを助けに行かないと！,哇啊！<br>差、差点忘了……！<br>要快点去救该隐才行！
29,フォリア/芙莉亚,あの星晶獣は、<br>獲物を攫っては<br>巣にため込む習性があるようでの。,抓猎物回巢是那星晶兽的习性。
30,フォリア/芙莉亚,攫った獲物をすぐに食う、<br>ということは無いようじゃが、<br>あまり悠長にもしておれんぞ。,它似乎不会很快吃掉猎物，但我们也不能太悠闲。
31,フォリア/芙莉亚,さぁ、ちんたらしていては、<br>日が暮れてしまうのじゃ。<br>妾が案内するから、ついて参れ。,再拖下去太阳就要下山了。<br>妾身给你们带路，快跟上吧。
32,,<span class='scene-font-katari'>そう告げると、</span><br><span class='scene-font-katari'>フォリアは一行を置いて、</span><br><span class='scene-font-katari'>歩き始めてしまう。</span>,<span class='scene-font-katari'>说完，芙莉亚自顾自地向前走去。</span>
33,ビィ/碧,あ、おい、待てって！<br>危ねーだろ！<br>ひとりで行くなって！,啊，喂，等一下！<br>很危险吧！<br>别一个人先走！
info,,,scene_cp85_q1_s10