id,en,jp,trans
0-chapter_name,,第3話 ひよこ班、山を登る,第3话 鸡仔班，登山
0-synopsis,,アーサーとモルドレッドは、姬塔の実力に触れて目を輝かせ夢中で話をする。トネリロは自分には姬塔の技は真似できないと嘆息するが、クルスは「自分にできることをやればいい」と声を掛ける。そこに、姬塔達を見つけたランスロットが現れる。アーサーとモルドレッドが 姬塔を質問攻めにする間、ランスロットはヴェインにひよこ班の様子を尋ねるのだった。,亚瑟和莫德雷德惊讶于姬塔的实力。托涅利罗感慨自己没法像姬塔那样，库鲁斯对他说「只需要做自己能做的就好」。兰斯洛特为见姬塔一行而来，亚瑟与莫德雷德缠着姬塔询问，兰斯洛特则询问维恩关于鸡仔班的事。
2,,わはははっ！　どうだ？<br>姬塔は強いだろ？,哇哈哈哈！怎么样？<br>姬塔很厉害吧？
3,,すごい……！<br>今の技どうやったの？,好厉害……！<br>刚刚的招式是怎么回事？
4,,さすがヴェイン班長が<br>認めるだけあるな……！,真不愧是让维恩<br>班长承认的人啊……！
5,,<span class='scene-font-katari'>姬塔の実力を目の当たりにした</span><br><span class='scene-font-katari'>ふたりは鼻息を荒くする。</span>,<span class='scene-font-katari'>亲眼见到姬塔实力的</span><br><span class='scene-font-katari'>两人都很震惊。</span>
6,,姬塔さんって<br>すっげー強いんですね！<br>俺にも今の技教えてください！,姬塔真的好强！<br>刚刚的身手也教教我吧！
7,,抜け駆けするなアーサー！<br>オレにも教えてほしい！,不要抢啊亚瑟，<br>我也想学！
8,,はははっ！<br>急に人気者だな！,哈哈哈！<br>突然就抢手了啊~
9,,来たかいがありましたね、<br>姬塔。,这次还真是没白来呢，<br>姬塔。
10,,ったく……<br>現金な奴らだぜ。,还真是势力啊。
11,,<span class='scene-font-katari'>山道を登りながら姬塔との</span><br><span class='scene-font-katari'>会話に夢中になる</span><br><span class='scene-font-katari'>アーサーとモルドレッド。</span>,<span class='scene-font-katari'>登山途中，</span><br><span class='scene-font-katari'>亚瑟和莫德雷德一直</span><br><span class='scene-font-katari'>在和姬塔聊天。</span>
12,,はぁ……<br>僕には到底真似できないや……,哈啊……<br>我实在做不到那样……
13,,……トネリロは、<br>真似しなくていい。,……托涅利罗不跟着<br>学也没什么。
14,,えっ？,诶？
15,,お前は自分にできることを<br>やればいい……,你只需要做自己做<br>得到的事就好了……
16,,自分にできること……？<br>ってなんだろう？,我能做到的事……？<br>是什么呢……
17,,……それは分からない。<br>だが、一緒に戦う方法はあるはずだ。,还不清楚……<br>不过，会有一起战斗的方法的。
18,,そ、そうだよね……<br>ありがとう、クルス。,是，是啊……<br>谢谢了，库鲁斯。
19,,大丈夫だトネリロ！<br>俺も一緒に考えるからさ！,没事的托涅利罗！<br>我和你们一起考虑这个问题！
20,,クルスもありがとな！,也多谢库鲁斯了！
21,,…………いえ。<br>自分は特に何も。,……不，<br>我没做什么。
23,,<span class='scene-font-katari'>姬塔達の姿を発見した</span><br><span class='scene-font-katari'>ランスロットが話しかけてくる。</span>,<span class='scene-font-katari'>兰斯洛特来和姬塔一行人搭话。</span>
24,,ふふっ、<br>さすが姬塔だな。,哈哈，<br>真不愧是姬塔啊。
25,,ランスロット団長！,兰斯洛特团长！
26,,ランスロット団長と<br>姬塔さんはどういう<br>関係なんですか？,兰斯洛特团长和姬塔<br>是什么关系啊？
27,,姬塔はな……,姬塔啊……
28,,フェードラッヘに起きた<br>危機を救う際、<br>力を貸してくれた恩人だ。,是在菲都拉黑危难之际<br>给予我们协助的恩人。
29,,あの黒竜騎士団団長ジークフリートや<br>副団長のパーシヴァルなんかも<br>一目置いてる人物なんだぜ！,还有那个黑龙骑士团团长齐格飞<br>和副团长帕西瓦尔，<br>也都很认同姬塔哦！
30,,なっ！　あの竜殺しのジークフリートと<br>炎帝パーシヴァルと知り合いなのか！,什！你还认识那个屠龙者<br>齐格飞和炎帝帕西瓦尔吗！
31,,えっ？　そんな人達からも<br>認められてるなんてすっごい！,诶？竟然会被那些人承认，<br>也太厉害了吧！
32,,おうよ！<br>一緒に旅したことだってあるぜ！,哦哟！<br>我们可是一起旅行过呢！
33,,<span class='scene-font-5'>すげー！</span>,<span class='scene-font-5'>好厉害！</span>
34,,二人はどんな人なの？,那两位是怎样的人呢？
35,,んー<br>お二人ともとっても強くて、<br>とっても優しい方達です。,嗯……<br>他们都是很强，<br>也很温柔的人。
36,,ねっ、姬塔？,对吧，姬塔？
36-sel1_txt,,<span class='scene-font-katari'><span class='scene-font-katari'>ジークフリートとは……</span></span>,<span class='scene-font-katari'><span class='scene-font-katari'>齐格飞他……</span></span>
36-sel2_txt,,<span class='scene-font-katari'><span class='scene-font-katari'>パーシヴァルとは……</span></span>,<span class='scene-font-katari'><span class='scene-font-katari'>帕西瓦尔他……</span></span>
37,,はい！　一緒に貝を探したり、<br>海辺で光華を見たりしましたね！,是的！我们一起寻找贝壳，<br>一起在海边欣赏风景！
38,,ああ！　迷子のお守りをしたり、<br>マルモッコを助けたりしたな！,嗯！他守护有困难的孩子，<br>还帮助了marumocco！（出自泳装活动）
39,,<span class='scene-font-katari'>姬塔は二人の騎士について</span><br><span class='scene-font-katari'>アーサーとモルドレッドから</span><br><span class='scene-font-katari'>質問を受けるのだった。</span>,<span class='scene-font-katari'>姬塔围绕着齐格飞和帕西瓦尔</span><br><span class='scene-font-katari'>回答亚瑟他们的提问。</span>
40,,<span class='scene-font-katari'>その間に、ランスロットは</span><br><span class='scene-font-katari'>ヴェインに話しかける。</span>,<span class='scene-font-katari'>这时，</span><br><span class='scene-font-katari'>兰斯洛特则与维恩对话着。</span>
41,,ヴェイン、その後、<br>モルドレッドとアーサーはどうだ？,维恩，那之后<br>莫德雷德和亚瑟怎么样了？
42,,ああ、他の仲間とも上手くやってるし、<br>何か悪いことをする気配もないぜ！,啊啊，和其他同伴相处的很好，<br>也没有要再做其他坏事的样子！
43,,そうか……<br>それは良かった。,是吗……<br>那就好。
44,,任せとけ！,交给我啦！
45,,それで……<br>ランちゃんの方はどうだ？　,那么……<br>兰酱你那边怎么样了？
46,,ひとまず試験は<br>順調に行われている。,试验进行的很顺利。
47,,これもヴェインが<br>協力してくれたおかげだ。,这也多亏了有你帮忙。
48,,色々と試行錯誤した甲斐が<br>あったな！,看来反复摸索试验的<br>方法可行呢！
49,,ふっ……そうだな。<br>引き続きよろしく頼むぞ。,呵……是啊。<br>接下来还是要拜托你了。
50,,<span class='scene-font-katari'>こうして姬塔達は</span><br><span class='scene-font-katari'>登山の間中、ひよこ班の少年達に</span><br><span class='scene-font-katari'>質問攻めにされるのだった。</span>,<span class='scene-font-katari'>就这样，姬塔一行人</span><br><span class='scene-font-katari'>在登山途中一直回答着</span><br><span class='scene-font-katari'>鸡仔班少年们的提问。</span>
info,,1,scene_evt171130_cp3_q3_s10