id,name,detail
npc,萝赛塔,3040176000
special,海滨玫瑰,土属性伤害(特大)/赋予敌人中毒效果/魅惑效果
skill-1,苍棘结界,<div class=prt-text-small>展开苍棘结界/获得自身70%HP量的屏障效果(最大4000)　<span class=text-blue>◆屏障消失时，苍棘结界解除</span></div>
skill-2,庆典,回复我方全体HP/净化1个削弱效果
skill-3,月季花,对敌方全体造成土属性伤害/可即时使用技能「苍棘结界」
support-1,秘密玫瑰园,「苍棘结界」发动时，敌对心UP/每回合按结界密度赋予我方全体强化效果
support-2,玫瑰带刺,对中毒状态的敌人暴击率UP/对魅惑转台的敌人伤害上限UP
,,