id,name,detail
npc,贞德,3040040000
special,神枪玛尔特,光属性伤害(特大)/(终突后附加)光属性攻击25%UP
skill-1,逆转,敌方单体防御25%DOWN
skill-1+,逆转,敌方单体防御25%DOWN/攻击20%DOWN
skill-2,鼓舞,我方全体攻击20%UP
skill-2+,鼓舞,我方全体攻击30%UP
skill-3,永恒降临,效果中必定三连击
skill-3+,永恒降临,效果中必定三连击/自身HP越高，攻击越高(10%~30%)
support-1,光之圣女,暴击率UP(10%几率造成1.3倍伤害)
support-2,不退转战旗,受到攻击后，该回合结束时有几率(5%)缩短1回合技能冷却时间
skill-lb,LB技能,受到致命伤害时，有极小概率维1HP继续战斗
intro,,
,,