text,trans
いよぅ！元気か相棒！,
今日も会えて嬉しいぜ！,
プレゼントがあるから受け取ってくれよ！,
今日のプレゼントは、,
「レジェンドガチャチケット」だ！,
これを使ってどんどん先へ進もうぜ！,
明日のプレゼントは、,
「カジノメダル」だ！,
こいつぁ旅で役に立つはずだぜぃ！,
5日ログインするたびに,
「レジェンドガチャチケット」が,
手に入るぜ！ 頑張っていこうな！,
今日までよく頑張ったな！,
さすがはオイラが見込んだ奴だぜ！,
また明日からもログインしてくれよな！,
,
毎日頑張ってるみてーだな！,
オイラも負けずに良いもの探してきたぜ！,
頑張ってるご褒美にプレゼントだ！,
今日のプレゼントは、,
「エリクシール」だ！,
これを使ってどんどん先へ進もうぜ！,
「宝晶石」だ！,
