id,en,jp,trans
0-chapter_name,,第3話 みんなの船はみんなの仲間？,第3話 大家的船是大家的伙伴？
0-synopsis,,,なぎさとほのかは、団員達が他の世界から来た自分達のことを自然に受け入れてくれたことに安心する。ベッドに身を横たえ、ルリア達の話を思い出しながらグランサイファーに改めて挨拶するなぎさ達。一緒にいられる時間は短くとも、せっかく出会えた仲間との時間を大事にしようと、なぎさ達は心に決めるのだった。
1,,<span class='scene-font-katari'>艇の中を見て回り、</span><br><span class='scene-font-katari'>団員たちに挨拶をしているうちに</span><br><span class='scene-font-katari'>辺りはすっかり暗くなっていた。</span>,<span class='scene-font-katari'>艇の中を見て回り、</span><br><span class='scene-font-katari'>和团员们打着招呼的时候</span><br><span class='scene-font-katari'>天色完全暗了下来。</span>
2,,<span class='scene-font-katari'>食事を済ませたなぎさとほのかは</span><br><span class='scene-font-katari'>寝床を整えるため、</span><br><span class='scene-font-katari'>艇の空き部屋を訪れた。</span>,<span class='scene-font-katari'>吃完了饭的渚和穗乃香</span><br><span class='scene-font-katari'>为了整理睡觉的地方、</span><br><span class='scene-font-katari'>来到了船上空着的房间。</span>
3,,晩ご飯、おいしかった～！<br>お腹いっぱい！,晚饭、真是好吃啊～！<br>肚子好饱！
4,,おいしかったね。<br>私もちょっと食べすぎちゃった。,是啊。<br>我也有点吃撑了。
5,,今日はオムプも張り切ってくれて<br>とっても満足だメポ！,今天欧姆普也鼓足了劲<br>非常的满足梅普！
6,,「空の園」の料理を<br>見よう見まねでおいしく作って、<br>さすがオムプミポ！,看着「空之园」的料理<br>模仿着做出来、<br>不愧是欧姆普米普！
7,,すぅ……ポポ……,嘶……波波……
8,,ポルンもはしゃぎ疲れて<br>寝ちゃったみたい。,保伦也闹累了<br>睡着了的样子。
9,,ポルンは<br>団員さんに大人気だったもんね！,保伦<br>在团员中很受欢迎啊！
10,,魔法で動くぬいぐるみだって<br>すっかり思い込んでる子もいたね。<br>まあ、気持ちはわかるけど。,一直以为是靠魔法驱动的布娃娃<br>对此深信不疑的人也有呢。<br>嘛、那个心情我也懂啦。
11,,むぅ～<br>僕たちはぬいぐるみじゃないメポ！,姆～<br>我们才不是布娃娃梅普！
12,,メップルとミップルは<br>コミューンの姿だったから、<br>機械好きな団員さんに人気だったわね。,米普鲁和梅普鲁<br>因为是控制器的外表、<br>很受喜欢机械的团员欢迎呢。
13,,機械じゃないって<br>説明するのが大変だったミポ……,为了说明不是机械<br>真是不容易米普……
14,,でも、<br>コミューンのハートが可愛いって<br>褒めてもらえてうれしかったミポ！,但是、<br>被夸奖<br>控制器的爱心很可爱了梅普！
15,,旅の一団って聞いて<br>最初はどんな人たちがいるのか<br>想像がつかなかったけど……,听说是旅行的一个团<br>最开始还想象不到都是些<br>什么样的人……
16,,色んな人たちがいて、<br>みんな優しくて、安心したわ。,有各种各样的人在、<br>大家都很温柔、真是安心了。
17,,他の世界から来た私たちのことも<br>自然に受け入れてくれたし、<br>包容力あるなーって感じだよね。,从其他世界来的我们也<br>被自然地接受了、<br>能感受到包容力呢。
18,,姬塔さんたちと一緒なら、<br>「空の園」でも楽しく過ごせそう！,和姬塔们一起的话、<br>在「空之园」的日子也能开心的度过的样子！
19,,そうだね！,就是啊！
25,,<span class='scene-font-katari'>貸し与えられたベッドにシーツを敷き、</span><br><span class='scene-font-katari'>なぎさはその上に背中を投げ出す。</span>,<span class='scene-font-katari'>在借来的床上铺好被子、</span><br><span class='scene-font-katari'>渚将身体朝上甩到了床上。</span>
26,,<span class='scene-font-katari'>耳を澄ませると、</span><br><span class='scene-font-katari'>ゆったりと心地よいプロペラの音が</span><br><span class='scene-font-katari'>遠くから聞こえてきた。</span>,<span class='scene-font-katari'>仔细一听、</span><br><span class='scene-font-katari'>恬静而舒心的螺旋桨的声音</span><br><span class='scene-font-katari'>远远地传来。</span>
27,,いい音……<br>すごく落ち着く。,声音真好听……<br>很让人安心。
28,,…………,…………
29,,<span class='scene-font-katari'>なぎさに倣い、</span><br><span class='scene-font-katari'>ほのかも自分のベッドに横になった。</span>,<span class='scene-font-katari'>学着渚的样子、</span><br><span class='scene-font-katari'>穗乃香也在自己的床上躺了下来</span>
30,,ええ……<br>とても優しい音ね。,嗯……<br>非常柔和的声音呢。
31,,グランサイファーの魂か……,格兰塞法的灵魂吗……
32,,みんなが安心して<br>空の旅を続けられるのも、<br>グランサイファーのおかげなんだよね。,大家能够安心的<br>继续着天空的旅行也是、<br>多亏了格兰塞法吧。
36,,グランサイファーは<br>私たちの大切な仲間です！<br>だから、大好きなんです！,格兰塞法她<br>是我们重要的伙伴！<br>所以、最喜欢她了！
37,,きっとグランサイファーも<br>私たちが大好きなんじゃないかって……<br>えへへ、そう思います！,格兰塞法她也一定<br>最喜欢我们了……<br>诶嘿嘿、我是这么想的！
41,,ここにはみんなの想いも、思い出も、<br>いっぱい詰まっている……,在这里承载了太多大家的<br>回忆、思念……
42,,少しの間だけど、<br>私たちもこんな温かい場所で<br>過ごすことになるのね。,虽然只是很短的时间、<br>我们也能在这么温暖的地方<br>度过呢。
43,,<span class='scene-font-katari'>これからの旅の日々を思い、</span><br><span class='scene-font-katari'>なぎさは背中に感じた大きな艇に</span><br><span class='scene-font-katari'>挨拶をする。</span>,<span class='scene-font-katari'>想着今后旅行的每一天、</span><br><span class='scene-font-katari'>渚感受着背后靠着的大大的骑空艇</span><br><span class='scene-font-katari'>打了个招呼。</span>
44,,グランサイファー<br>これから、よろしくね。,格兰塞法<br>从今往后、也请多多指教了。
45,,私も、よろしくお願いします。,我也、请多指教。
48,,<span class='scene-font-katari'>様子を見ていたメップルとミップルも</span><br><span class='scene-font-katari'>元の姿になってベッドに背中を預ける。</span>,<span class='scene-font-katari'>在旁边观察的梅普鲁和米普鲁也</span><br><span class='scene-font-katari'>恢复了原本的姿态、趟到了床上。</span>
49,,メップルのこともよろしくメポ！,梅普鲁也请多指教梅普！
50,,よろしくミポ～,请多指教米普～
51,,<span class='scene-font-katari'>彼女たちの言葉を受け止めるように、</span><br><span class='scene-font-katari'>グランサイファーのプロペラ音が</span><br><span class='scene-font-katari'>静寂の中にこだましている。</span>,<span class='scene-font-katari'>仿佛接受了少女们的话语、</span><br><span class='scene-font-katari'>格兰塞法的螺旋桨音</span><br><span class='scene-font-katari'>在一片寂静之中悠悠回荡着。</span>
53,,ナギサさん、ホノカさん、<br>今少しいいですか？,渚、穗乃香、<br>现在打扰一下可以吗？
55,,ルリアさん！<br>どうぞ、入って。,露莉亚！<br>请进。
58,,あ……もうお休みでしたか？,啊……已经休息了吗？
59,,ううん、<br>ちょっと横になってただけ。<br>どうかしたの？,没、<br>只是稍微躺了一下。<br>怎么了吗？
60,,あの……今、夜空が<br>とてもきれいに見えるんです。<br>よかったら甲板で一緒に見ませんか？,那个……现在、夜空<br>非常漂亮。<br>如果方便的话要来甲板一起看吗？
61,,ホント？<br>行く行く！,真的？<br>去去！
62,,誘ってくれてありがとう、<br>ルリアさん！,谢谢你来邀请我们、<br>露莉亚！
63,,えへへ……<br>それじゃあ、行きましょう！,诶嘿嘿……<br>那么、快走吧！
64,,<span class='scene-font-katari'>姬塔たちと</span><br><span class='scene-font-katari'>一緒にいられる時間は</span><br><span class='scene-font-katari'>短いかもしれない。</span>,<span class='scene-font-katari'>虽然和姬塔们</span><br><span class='scene-font-katari'>在一起的时间</span><br><span class='scene-font-katari'>很短暂也说不定。</span>
65,,<span class='scene-font-katari'>それでも、せっかく出会えた</span><br><span class='scene-font-katari'>仲間との時間を大切にしよう──</span><br><span class='scene-font-katari'>彼女たちはそう強く心に決めた。</span>,<span class='scene-font-katari'>就算这样、和难得邂逅的</span><br><span class='scene-font-katari'>伙伴们在一起的的时间也应该好好珍惜──</span><br><span class='scene-font-katari'>少女们坚定的下了决心。</span>
info,,1,scene_evt181014_cp3_q3_s10
,,,