id,name,detail
npc,莎拉,3040041000
special,狂怒大地,土属性伤害(特大)/自身以外的成员获得屏障效果
skill-1,忧伤,成为攻击目标
skill-2,四马战车,减免我方全体受到的伤害(50%)
skill-2+,四马战车,减免我方全体受到的伤害(50%)/我方全体防御25%UP
skill-3,真理,自身防御10倍UP
support-1,沙神格拉佛斯的慈爱,自身HP越低，攻击越高
support-2,沙神格拉佛斯的教导,<div class=prt-text-small>受伤时依次获得以下效果(将伤害转换为水属性/奥义值UP/奥义上限UP/免疫负面效果/反击效果(受伤时/3次))</div>
skill-lb,LB技能,受伤时有极小几率反击(1倍)
,,