id,name,text,trans
0-chapter_name,,永久の決闘者,永久的决斗者
0-synopsis,,淡々と帝国兵達を斬り捨てていくモルディカイ。「我が宿敵……貴様の腕なら、姫を守り切っただろう。待っているがいい」モルディカイは、生前の宿敵と決着をつけることを誓い、小さく独りごちるのだった。,淡然的斩杀掉帝国兵的莫迪凯。「我的宿敌……如果是凭你的本事，一定能保护好公主的吧。我静等便是。」生前与宿敌决斗的誓言终会实现，莫迪凯默默的自言自语到。
1,帝国兵/帝国士兵,ぐ……は……,咕……哈……
3,モルディカイ/莫迪凯,…………,…………
4,モルディカイ/莫迪凯,我が宿敵……<br>貴様の腕なら、姫を守り切っただろう。<br>待っているがいい。,我的宿敌……如果是凭你的本事，一定能保护好公主的吧。我静等便是。
12,モルディカイ/莫迪凯,……誓いは果たす。<br>決着をつける。<br>必ず……,……誓言终会兑现。决出上下。必定……
info,,,scene_evt20170222_cp7_q1_s30