path,text,trans,count
/party/content/job/,"<div class=""btn-tabs"">アビリティ</div>",<div class=btn-tabs>技能</div>,
/party/content/job/,"<div class=""btn-tabs"">サポート</div>",<div class=btn-tabs>被动</div>,
/party/content/job/,"<div class=""btn-tabs"">ボーナス</div>",<div class=btn-tabs>加成</div>,
/party/content/job/,LBを割り振ることで、ジョブを強化することができます。,可通过分配LB点数强化职业能力。,
/party/content/job/,JOB Lv20でこのジョブのLimit Bonusが解禁され<br>能力を強化することができます。,JOB Lv20后可解锁该职业的Limit Bonus<br>并对其进行强化。,
/quest/content/newassist,強敵のお出ましだぜぇー！,强大的敌人出现啦！,
/quest/content/newassist,他の騎空士たちと協力して戦うんだ！,和其他的骑空士一起合力战斗吧！,
/quest/content/newassist,バトル一覧,战斗一览,2
/quest/content/newassist,未確認バトル一覧,未结算的战斗,
/quest/content/newassist,バトル履歴,战斗日志,
/quest/content/newassist,参戦IDを入力してマルチバトルに<br>参戦します。,输入多人战的参战ID<br>即刻参战,
/quest/content/newassist,IDは大文字と小文字を区別しません。,ID的字母不用区分大小写。,
/quest/content/newassist,参加する,加入战斗,
/quest/content/newassist,未確認バトルの確認期限は、バトル終了から1週間経過後の最初の土曜日までとなります。,未结算的战斗截止日期为战斗结束一周后的第一个星期六。,
/quest/content/newassist,期限を過ぎると、確認及び報酬の受け取りができなくなりますのでご注意ください。,请注意，截止日期后您将无法结算战斗和获取奖励。,
/quest/content/newassist,見に行こうぜぇー！,快去看看吧！,
/quest/content/newassist,強敵を倒したみたいだな！,又有强敌被打倒啦！,
/quest/content/newassist,参加できるマルチバトルは,可以参加的多人战斗,
/quest/content/newassist,ここに一覧で表示されるぜ,都列在这里了,
/quest/content/newassist,未確認バトルが5件以上残っている場合、クエストの開始・マルチバトルへの参加ができなくなります。,如果积累了5场或更多未结算的战斗，你将无法发起任务或参加多人战。,
/quest/content/newassist,マルチバトル一覧,多人战列表,2
/quest/content/newassist,「四象降臨」へ,返回「四象降临」,
/quest/content/newassist,を開始するには<%= point_name %>が<%= quest_ap - sp %>足りません。,需要<%= quest_ap - sp %><%= point_name %>来开始。,
/quest/content/newassist,アイテムを使用して<%= point_name %>を回復しますか？,使用道具恢复<%= point_name %>？,
/quest/content/newassist,<span class='txt-request-name'><%= n.attributes.called_user_name %></span>さんからの救援依頼,来自<span class='txt-request-name'><%= n.attributes.called_user_name %></span>的救援请求,
/quest/content/newassist,<span class='txt-request-name'><%= raid['called_user_name'] %></span>さんからの救援依頼,来自<span class='txt-request-name'><%= raid['called_user_name'] %></span>的救援请求,
/quest/content/newassist,イベントストーリーを開始することで<br>マルチバトルに参加できるようになります。,开始活动剧情后即可参加多人战斗,
/quest/content/newassist,参加できるイベントマルチバトルはありません,没有可以加入的活动多人战,
/quest/content/newassist,クエストへ,回到任务,2
/quest/content/newassist,イベントマルチバトルは、イベントクエストを進めていくと発生します,活动多人战会在推进活动任务后出现,
/quest/content/newassist,参加条件を満たしていない場合、この一覧には表示されません,如果不符合参与条件，则不会出现在此列表中,2
/quest/content/newassist,参加できるマルチバトルはありません。,没有可以加入的多人战,
/quest/content/newassist,マルチバトルは、クエストを進めていくと発生します,多人战会在推进任务后出现,
/quest/content/newassist,イベントマルチバトルの救援依頼を表示するか显示<br>どうかそれぞれ設定することができます,可以设置是否显示活动多人战的救援请求,2
/quest/content,クエストリストへ,返回任务列表,
/archive/content/story,メインシナリオ,主线剧情,2
/quest/content/supporter_raid,サポーター召喚石選択,选择支援召唤石,
/user/content/index,で認証中,已认证,2
/user/content/index,テキスト入力,输入内容,2
/user/content/index,下記文言を含めてTwitterに投稿されます。,以下文字也会一起发布到Twitter,2
/user/content/index,投稿に失敗しました。<br>もう一度投稿するか、<br>再度認証を行ってください。,发布失败，<br>再次发布，<br>或者重新进行身份验证,
/user/content/index,アイテムはアイテム一覧に送られました。,道具已发送到道具列表。,
/user/content/index,騎空団サポート,骑空团支援效果,
/user/content/index,残り時間,剩余时间,2
/user/content/index,よろず屋サポート,万事屋支援效果,
/user/content/index,下記の騎空団サポート効果が終了しました。,以下骑空团支援效果已结束。,
/user/content/index,下記のよろず屋サポート効果が終了しました。,以下万事屋支援效果已结束,
/user/content/index,称号を獲得しました。,获得了新的称号,
/user/content/index,"カジノを遊ぶためには<br>
メインクエスト第8章「鉄の巨人」<br>
をクリアする必要があります。",前往赌场需要通关<br>主线任务第8章「铁巨人」。,
/user/content/index,武勲の輝き,武勋之辉光,
/user/content/index,デイリー,每日,
/user/content/index,ウィークリー,每周,3
/user/content/index,累計,累计,3
/user/content/index,栄誉の輝き,荣誉之辉光,
/user/content/index,騎空団ボーナス,骑空团奖励,
/user/content/index,アーカルムポイント,塔罗牌点数,
/lobby/content/room,初回消費なし,初次无消耗,3
/lobby/content/room,あと<%= can_quest_start_count %>回挑戦します（全<%= max_quest_start_count %>回）,还剩<%= can_quest_start_count %>回挑战（一共<%= max_quest_start_count %>回）,
/lobby/content/room,このクエストに挑戦します。,准备挑战这个任务,2
/lobby/content/room,マルチバトルの難易度を選択してください,请选择多人战的难度级别,
/lobby/content/room,を選択してください,请选择,
/lobby/content/room,サポーターを選択してください。,请选择支援召唤石,3
/lobby/content/room,サポーターに選択できるメンバーがいません。,没有可供选择召唤石的成员,2
/lobby/content/room,<%= set_user.name %> Rank <%= set_user.rank %> が選択,<%= set_user.name %> Rank <%= set_user.rank %> 选择任务,2
/lobby/content/room,募集Rankやコメントを変更できます,可以更改等级限制和房间简介,
/lobby/content/room,Rank制限なし,无Rank限制,3
/lobby/content/room,ルームID,房间ID,
/lobby/content/room,募集リスト,募集列表,
/lobby/content/room,掲載しない,隐藏,
/lobby/content/room,掲載する,显示,
/lobby/content/room,ボタンを押すとすぐに反映されます,按下按钮后会立即生效,
/lobby/content/room,メンバーが定員に達しているため掲載できません,房间已满，无法显示到募集列表,
/lobby/content/room,LINEに投稿する,发布到LINE,
/lobby/content/room,Twitterに投稿する,发布到Twitter,
/lobby/content/room_,ルーム情報の変更,更改房间信息,
/lobby/content/room_,マルチバトルで募集する仲間の条件と、<br>コメント(24文字以内)を入力してください。,请选择招募队友的条件<br>此外你还可以输入一段房间简介(24字以内)。,
/lobby/content/room_,入力した内容でマルチバトルの仲間を募集します。,根据输入的内容来招募多人战队友,
/lobby/content/room_,マルチバトル選択,多人战选择,
/lobby/content/room_,NORMALのルームではHIGH LEVELの<br>クエストは選べません。HIGH LEVELのルームでは<br>HIGH LEVEL以外のクエストは選べません。,在NORMAL房间里无法选择<br>HIGH LEVEL任务。在HIGH LEVEL房间里<br>无法选择HIGH LEVEL以外的任务,
/lobby/content/room_,募集Rank,募集Rank,
/lobby/content/room_,制限なし,无限制,3
/lobby/content/room_,誰でもOK,谁都可以,2
/lobby/content/room_,フレンド限定,好友限定,2
/lobby/content/room_,騎空団員限定,骑空团员限定,2
/lobby/content/room_,連続クエスト設定,连续战斗设定,2
/lobby/content/room_,設定なし,未设定,2
/lobby/content/room_,参戦人数,参战人数,
/lobby/content/room_,人までのマルチバトル,人的多人战斗,11
/lobby/content/room_,ルーム作成後は参戦人数を減らせません。,房间创建后无法降低参战人数,2
/lobby/content/room_,バトル開始承認,开始战斗的确认,
/lobby/content/room_,承認あり,需要确认,2
/lobby/content/room_,承認なし,不用确认,2
/lobby/content/room_,コメント,描述,
/lobby/content/room_,24文字以内で入力してください。,请输入24字以内的简介,
/lobby/content/room_,募集の投稿・掲載,募集的投稿・发布,
/coopraid/content/offer,ルームIDを入力、または、募集リストから<br>参加したい募集を選択してください。,请输入房间ID或者从募集列表里<br>选择你想要加入的房间。,
/coopraid/content/offer,ルームID入力,输入房间ID,
/coopraid/content/offer,ルームIDを入力してルームに参加します。,输入房间ID即可加入。,
/coopraid/content/offer,IDは大文字と小文字を区別しません。,ID的字母不用区分大小写。,
/coopraid/content/offer,参加する,参加,
/coopraid/content/offer,募集リスト,募集列表,
/coopraid/content/offer,募集数 <span class='txt-count'></span>件,房间数 <span class='txt-count'></span>,
/coopraid/content/offer,共闘TOP,共斗TOP,
/coopraid/content/offer,誰でもOK,谁都可以,2
/coopraid/content/offer,デイリーミッション,每日任务,2
/coopraid/content/offer,自分のフレンドの募集,来自好友的募集,2
/coopraid/content/offer,同じ騎空団員の募集,来自骑空团的募集,2
/coopraid/content/offer,パンデモニウム,万魔殿,2
/coopraid/content/offer,ドロップ狙い,掉落为主,2
/coopraid/content/offer,条件に一致する募集がありません。,没有符合条件的房间。,
/coopraid/content/offer,クエスト設定者がバトルを開始すると<br>ルームメンバーも自動的にバトルに参戦します,当任务设定者开始战斗时，房间成员自动加入战斗,2
/coopraid/content/offer,この募集に参加します。,加入这个房间,2
/coopraid/content/offer,参加条件を満たしていないため、<br>参加できません。,因不满足加入的条件<br>无法加入房间,2
/coopraid/content/offer,マルチバトル難易度,多人战难度,
/coopraid/content/offer,募集対象,募集对象,
/coopraid/content/offer,フレンド限定,好友限定,
/coopraid/content/offer,騎空団員限定,骑空団员限定,
/coopraid/content/offer,連続クエスト設定,连续战斗设定,
/coopraid/content/offer,連続設定あり,有连续设定,
/coopraid/content/offer,連続設定なし,无连续设定,
/coopraid/content/offer,参戦人数,参战人数,
/coopraid/content/offer,30人まで,最多30人,
/coopraid/content/offer,18人まで,最多18人,
/coopraid/content/offer,6人まで,最多6人,
/coopraid/content/offer,開始前に全員がトレジャーとAPを消費して、<br>メンバーの数だけクエストを行います,开始前所有人都会消耗AP和门票，<br>任务进行次数为房间总人数,
/coopraid/content/offer,バトル開始承認,开始战斗的确认,
/coopraid/content/offer,承認あり,需要确认,
/coopraid/content/offer,承認なし,不用确认,
/arcarum/content/stage,アーカルムの転世TOPへ,返回塔罗首页,
/arcarum/content/stage,この場所に移動します,移动到这个地点,3
/arcarum/content/stage,TPが0のため移動できません,TP为0无法继续前进了,2
/arcarum/content/stage,移動する,移动,4
/arcarum/content/stage,セフィラの封門石,,
/arcarum/content/stage,結界が奥地への進行を阻んでいる,结界阻止你继续向深处前进,
/arcarum/content/stage,アクイラ・キーストーン,,
/arcarum/content/stage,星導の天球儀,星导天球仪,
/arcarum/content/stage,挑戦するアーカルムシリーズを変更できます。,可以变更想要挑战的塔罗系列BOSS,
/arcarum/content/stage,この場所には何もないようだ,这里好像什么都没有,
/arcarum/content/stage,以下のアイテムを入手しました。,获得了以下道具。,
/arcarum/content/stage,ステータス効果,状态效果,
/arcarum/content/stage,ステータス効果が発動！,发动状态效果！,
/arcarum/content/stage,以下のステージ効果が解除されました。,以下关卡效果已解除。,
/arcarum/content/stage,キャラの編成制限,编队可选角色受限,
/arcarum/content/stage,不思議な力で封鎖されている,受到神秘力量的阻挡,
/arcarum/content/stage,使用するアイテムを選択してください,请选择要使用的道具,
/arcarum/content/stage,アイテムの効果は探索終了まで持続します,道具的效果将持续到探索结束,2
/arcarum/content/stage,強化アイテム,强化道具,
/arcarum/content/stage,所持して<br>いません,未持有这<br>种道具,2
/arcarum/content/stage,回復アイテム,回复道具,
/arcarum/content/stage,を使用します,已使用,
/arcarum/content/stage,の効果が発動中のため<br>使用できません,的效果已存在<br>无法再使用了,
/arcarum/content/stage,TPを消費してアクイラ・キーストーンを<br>破壊しますか？,,2
/arcarum/content/stage,星導の天球儀を使用して、<br>挑戦するアーカルムシリーズを変更します。,使用星导天球仪，<br>变更挑战的塔罗BOSS。,
/arcarum/content/stage,挑戦するアーカルムシリーズを選択してください,请选择想要挑战的塔罗BOSS,
/arcarum/content/stage,所持数が不足しています,持有数量不足,
/arcarum/content/stage,挑戦するアーカルムシリーズを変更します。,变更将要挑战的塔罗BOSS,
/arcarum/content/stage,アイテムを使用してアーカルムシリーズを変更した場合、討伐するまで同じ敵が出現します,使用道具变更了想要挑战的塔罗BOSS的场合，在讨伐完毕前同一个敌人会持续出现,
/arcarum/content/stage,再度アイテムを使用して変更することが可能です,可再次使用道具进行变更,
/arcarum/content/stage,挑戦するアーカルムシリーズを変更しました。,已变更将要挑战的塔罗BOSS,
/arcarum/content/stage,チェックポイントに到達しました。<br><br>進行状況を記録して探索を終了し、<br>アーカルムTOPへ戻りますか？,已到达存档点。<br><br>要记录进度后结束探索，<br>回到塔罗首页吗？,
/arcarum/content/stage,TPが不足しているためクエストを<br>開始できません。,因TP不足无法开始任务,
/arcarum/content/stage,探索を終了しますか,要结束探索吗,
/arcarum/content/stage,探索を終了した場合、チェックポイント以降の<br>進行状況は保存されません。,如选择结束探索，存档点之后的进度将不会被保存。,
/arcarum/content/stage,本当に探索を終了しますか,确定要结束探索吗,
/shop_exchange/content/list,>交換可能,>可以交换,2
/shop_exchange/content/list,回復アイテム,回复道具,2
/shop_exchange/content/list,育成アイテム,育成道具,
/shop_exchange/content/list,EXLB解放アイテム,EXLB解放道具,
/shop_exchange/content/list,共闘クエスト専用アイテム,共斗任务专用道具,
/shop_exchange/content/list,>召喚石,>召唤石,2
/shop_exchange/content/list,闇属性武器,暗属性武器,
/shop_exchange/content/list,風属性武器,风属性武器,
/shop_exchange/content/list,コスモスシリーズ,宇宙系列武器,
/shop_exchange/content/list,ローズシリーズ,玫瑰系列武器,
/shop_exchange/content/list,プライマルシリーズ,原始系列武器,
/shop_exchange/content/list,エピックウェポン,史诗武器,
/shop_exchange/content/list,>最近交換したアイテム,>最近交换过的道具,
/shop_exchange/content/list,ジーン,晶,
/shop_exchange/content/list,ダマスカス関連アイテム,黑钢相关道具,
/shop_exchange/content/list,ローズクリスタル,玫瑰水晶,
/shop_exchange/content/list,邂逅、黒銀の翼,邂逅、黑银之翼,
/shop_exchange/content/list,降臨、調停の翼,降临、调停之翼,
/shop_exchange/content/list,神撃、究極の竜,神击、究极之龙,
/shop_exchange/content/list,四象降臨,四象降临,
/shop_exchange/content/list,究竟の証,究竟之证,
/shop_exchange/content/list,ショップTOPへ,返回商店首页,
/shop_exchange/content/list,一覧に戻る,回到活动列表,
/shop_exchange/content/list,マグナアニマ,玛格纳精魄,
/shop_exchange/content/list,制限なし,没有限制,2
/shop_exchange/content/list,交換する,交换,4
/shop/content/index,いらっしゃ～い！　旅支度はシェロちゃんにお任せ～！,欢迎光临～！　旅行的准备就交给我榭洛酱吧～！,
/item/content/index,アイテム,道具,6
/item/content/index,空図の欠片,空图碎片,
/item/content/index,大事なもの,重要物品,4
/item/content/index,ショップへ,去商店,
/profile/content/index,<div class="prt-talk-title">挨拶</div>,<div class="prt-talk-title">留言</div>,
/profile/content/index,ステータス,状态,
/profile/content/index,ポイント,点数,2
/profile/content/index,フレンド,好友,2
/profile/content/index,仲間キャラ,同伴,2
/profile/content/index,サポーター専用,支援专用,
/profile/content/index,召喚石,召唤石,10
/profile/content/index,推しキャラ,喜欢的角色,
/profile/content/index,コメントが設定されていません,还没有填写任何备注,
/profile/content/index,アチーブメント,成就,2
/quest/content/newextra,デイリー,日常,
/quest/content/newextra,クエストリストに戻る,返回任务列表,
/quest/content/newextra,何だかスゲェお宝のニオイがするぜ,好像有不得了的宝物呢,
/quest/content/newextra,腕試しにチャレンジしてみようぜぇー,去挑战一下看看吧,
/archive/content/top,旅の記録をつけてるんですよ～　フフッ,我做了旅行的记录哦～ 呵呵,
/archive/content/top,いろんなことがありましたね！　これからはどんな事が起きるかな～,过去发生了很多事情呢！　将来还会发生什么样的事呢～,
/archive/content/top,私のノート！　見たいですか？,我的日记！　你想看吗？,
/archive/content/top,カタリナに頼まれて武器のことも記録してるんです。結構おもしろいです！,卡塔莉娜还拜托我做了武器的记录。很有趣哦！,
/friend/content/index,フレンド,好友,
/friend/content/index,申請中,申请中,
/friend/content/index,フレンド検索,好友搜索,
/friend/content/index,未承認,未接受,
/user/content/index,イベント・キャンペーン,活动,
/user/content/index,お知らせ・アップデート,公告・更新,
/result,アイテム,道具,19
/result,経験値,经验值,9
/result,獲得,获得,51
/result,ポイント,点数,10
/result,リサイクル化,装备回收,
/result,売却,出售,14
/result,強化,强化,12
/result,騎空艇,骑空艇,5
/result,イベントTOPへ,回到活动,2
/result,総貢献度,总贡献度,3
/result,総ダメージ,总伤害,4
/result,獲得アイテムはありません,无掉落,
/result,獲得アイテムが各種自動設定に使用されました,获得的道具会被各种自动设定所使用,
/result,四象の輝き,四象之辉光,3
/result,｢四象の輝き｣の所持上限に達しているため<br>｢四象の輝き｣を獲得することができませんでした。,｢四象辉光｣点数已达持有上限<br>因此无法再继续获得｢四象辉光｣点数了,4
/result,参戦タイミングボーナス,参战时限奖励,2
/result,貢献度ボーナス,贡献度奖励,
/result,輝きボーナスタイム,辉光奖励时间,
/result,合計,合计,4
/result,クリアボーナス,通关奖励,2
/result,獲得ルピ,获得卢比,2
/result,これ以上ルピを獲得できません,无法再获得卢比了,
/result,以下のアイテムを売却しました,出售了以下的道具,
/result,以下のアイテムを使用しました,使用了以下的道具,
/result,クエストクリア時に獲得した武器・召喚石を自動的に売却するか、騎空艇の強化ができます,任务完成时获得的武器・召唤石可以自动出售或用于骑空艇强化,
/result,売却と強化を併用することはできません,出售和强化不能同时使用,2
/result,武器の自動売却・強化設定,武器的自动出售・强化设定,
/result,武器の売却,武器的出售,
/result,自動売却する,自动出售,2
/result,騎空艇の強化,骑空艇的强化,
/result,自動強化する,自动强化,
/result,召喚石の自動売却設定,召唤石的自动出售设定,
/result,召喚石の売却,召唤石的出售,
/result,条件を設定してください,请进行条件的设定,
/result,レアリティ,稀有度,
/result,ノーマルのみ,只有 N,2
/result,レアを含む,包括 R,
/result,スキルありを含む,带有技能,2
/result,エンジェルを含む,强化专用素材,
/result,個作成されました,个已合成,2
/result,アイテムが所持上限に達しています,道具持有数已达上限,2
/result,アイテムが所持<br>上限に達しています,道具持有数<br>已达上限,
/result,以下の装備をリサイクル化に使用しました,以下装备已被回收,
/result,クエストクリア時に獲得した装備を自動的にリサイクル化、売却、騎空艇の強化ができます,任务完成时获得的装备可以自动回收出售或用于骑空艇强化,
/result,装備は先にリサイクル化へ使用されます,装备的回收会优先生效,
/result,リサイクル化自動設定,自动回收的设定,
/result,武器の所持数,武器持有数量,
/result,召喚石の所持数,召唤石持有数量,
/result,このバトルで獲得できる報酬はありません,这场战斗没有可以获取的奖励,
/result,クエストリストへ,返回任务列表,
/result,この設定をすることで、獲得した装備を<br>自動的に売却、または騎空艇強化に使用できます,这个按钮的设置可以让你在获得<br>装备时自动出售或强化骑空艇,
/result,リサイクル化に使用する装備を選択してください,请选择用于回收的装备,
/result,ボーナス値やスキル付きの装備は使用されません,不会使用带有技能的武器和带有加号的装备,
/party/content/list_subaction,アビリティを選択してください,请选择技能,
/party/content/list_subaction,EXアビリティ解除,EX技能解除,
/party/content/list_subaction,ジョブTOPに戻る,返回职业详情,
/party/content/list_subaction,全てのアビリティ,所有技能,
/party/content/list_subaction,ダメージアビリティ,伤害技能,
/party/content/list_subaction,強化アビリティ,强化技能,
/party/content/list_subaction,弱体アビリティ,弱体技能,
/party/content/list_subaction,回復アビリティ,回复技能,
/party/content/list_subaction,リミットアビリティ,LB技能,
/party/content/list_subaction,ベースアビリティ,基础技能,
/quest/content/scene,このお話のあらすじ,这一节的故事梗概,
/content,個,个,55
/content,あと,还有,30
/content,本日,今天,30
/content,騎空団,骑空团,30
/content,ヘルプへ,帮助,30
/content,在庫,库存,10
/content,その他,其他,10
/content,全て,全部,10
/content,送信する,发送,10
/content,イベント,活动,20
/content,残り,还剩,20
/content,報酬,报酬,20
/content,図鑑,图鉴,10
/content,設定する,设置,10
/content,キャンセル,取消,10
/content,マイページに戻る,返回首页,
/detail/content/detail,LB取得でClassUP,LB获得ClassUP,
/content,奥義,奥义,15
/content,上限解放する,上限解放,12
/content,強化する,强化,8
/content,強化,强化,15
/content,使用する,使用,30
/detail/content/detail,スキル,技能,5
/detail/content/detail,発動,发动,
/detail/content/detail,習得,习得,21
/detail/content/detail,変更,变更,9
/content,召喚,召唤,20
/detail/content/detail,加護,加护,4
/detail/content/detail,メイン装備時,主召唤时,
/detail/content/detail,サブ装備時,副召唤时,
/detail/content/detail,サポーター選択時,支援选择时,
/detail/content/detail,<div class="prt-title">アビリティ</div>,<div class="prt-title">技能</div>,
/detail/content/detail,トライアルキャラでは使用できないアビリティです,不能与试用角色一起使用的技能,5
/detail/content/detail,発生条件,开始条件,4
/detail/content/detail,習得クエストへ,解锁任务,8
/detail/content/detail,サポートアビリティ,被动技能,
/detail/content/detail,倉庫に預ける,存入仓库,2
/detail/content/detail,売却,出售,10
/detail/content/detail,エレメント化,分解,3
/detail/content/detail,スキン・POSE切り替え設定,皮肤・POSE切换设置,3
/detail/content/detail,保護を解除する,解除保护,
/detail/content/detail,保護する,保护,
/detail/content/detail,推しキャラに設定する,设置成喜欢的角色,
/detail/content/detail,推しキャラ設定を外す,取消喜欢的角色,
/detail/content/detail,おまかせ編成の対象から除外,从自动编成的对象里排除,
/detail/content/detail,おまかせ編成の対象に含める,包含到自动编成的对象里,
/content,閉じる,关闭,15
/content,撤退する,撤退,15
raid/,使用制限数に達しているため,因达到使用次数上限,
raid/,これ以上エリクシールを使用できません,无法再使用复活药水了,
raid/,エリクシールがありません,没有复活药水,
raid/,エリクシールを使うと、奥義ゲージが最大の<br>状態でキャラが復活し、バトルを続行できます,使用复活药水，角色会以满奥义的<br>状态复活，战斗会将会继续进行,
raid/,ショップへ,去商店,
raid/,宝晶石で交換,交换宝晶石,
raid/,使用するアイテムを選択してください,选择要使用的道具,3
raid/,エリクシール,复活药水,5
raid/,防戦アイテム,防战道具,
raid/,古戦場専用アイテム,古战场专用道具,
raid/,共闘クエスト専用アイテム,共斗任务专用道具,
raid/,を使用します,已使用,4
raid/,回復するメンバーをタッチしてください,请选择要恢复的队员,
raid/,戦闘に参加しているメンバー全員が<br>回復します,战斗中的队员都将恢复,
raid/,マイページに戻りますか,回到主页,2
raid/,タッチするとオートアタックが有効になります,通过点击屏幕可以在自动和手动攻击模式中切换,
/teamraidteaser,決戦！星の古戦場,决战！星之古战场,
/teamraidteaser,前回古戦場予選騎空団ランキング,上次古战场预选的骑空团排名,
/teamraidteaser,古戦場のバトルBGMやTOP背景を変更できます,可以更换古战场的战斗BGM和TOP背景,
/teamraidteaser,予選バトル,预选战,
/teamraidteaser,予選集計結果,预选结果计算,
/teamraidteaser,インターバル,休息时间,
/teamraidteaser,本戦バトル,本战,
/teamraidteaser,スペシャルバトル,特殊战,
/teamraidteaser,開催スケジュール,活动日程表,
/teamraidteaser,プロローグ,序幕,
/teamraidteaser,前回からの変更点,自上次以来的变动,
/coopraid/content/index,マルチバトル,多人战,5
/coopraid/content/index,共闘,共斗,2
/coopraid/content/index,マイページ,回到主页,2
/teamraid,決戦！星の古戦場,决战！星之古战场,
/quest/content,フェイトエピソード一覧,Fate章节列表,
/quest/content/newfate,たまには寄り道もイイかもなぁ,偶尔换条路走走也不错哦,
/quest/content/newfate,意外な発見があるんじゃねーか,说不定会有什么新发现呢,
/quest/content/newfate,SSレア,SSR,2
/quest/content/newfate,Sレア,SR,4
/quest/content/newfate,レア,R,4
/quest/content/newfate,クエストリストに戻る,返回任务列表,
/guild_main,騎空団チャットログ,骑空团聊天记录,
/guild_main,団長,团长,3
/guild_main,アサルトタイム,AT时间,3
/guild_main,時間帯,时间段,3
/guild_main,時間帯は団長、副団長のみ変更できます,时间段只能由团长、副团长修改,
/guild_main,イベント中、1回のみ変更できます,在活动中只能变更一次,
/guild_main,アサルトタイムについて,关于AT时间,
/guild_main,記録,记录,
/guild_main,役職,职务,
/guild_main,合計寄付ルピ,卢比捐赠总额,
/guild_main,記録,记录,
/advent/top,四象を討伐して水晶を輝かせよう,通过四象的讨伐让水晶闪耀,
/advent/top,水晶は静かに佇んでいる,水晶安静地伫立于此,
/advent/top,水晶は沈黙を保っている,水晶保持着沉默,
/advent/top,水晶から微かな力を感じる,水晶有力量隐隐传出,
/advent/top,水晶が微かな光を灯した,水晶之中微光闪烁,
/advent/top,水晶に光が灯っている,水晶开始发光,
/advent/top,水晶が淡い光を放っている,水晶散发出淡淡的光芒,
/advent/top,水晶が強い光を放っている,水晶散发着强烈的光芒,
/advent/top,水晶が輝きだした,水晶正在闪耀,
/advent/top,水晶の放つ輝きが強くなった,水晶闪耀着强烈的光芒,
/advent/top,水晶が眩い輝きを放っている,水晶闪耀着炫目的光芒,
/advent/top,水晶は神しく光り輝いている,水晶绽放着神一般的光彩,
/advent/top,バトル,战斗,20
/advent/top,四象降臨,四象降临,2
/treasureraid,オープニングをもう一度見る,再看一遍序章,
/treasureraid,一覧を開く,打开列表,3
/treasureraid,イベントスキップ設定,跳过剧情,
/treasureraid,進行状況,活动进度,
/treasureraid,ガチャの中身を確認,查看当前战货池,
/setting,フレンド申請設定,好友申请设置,
/setting,フレンド申請受付,接受好友申请,
/setting,フレンド申請の受付について設定します,设置是否接受好友申请,
/setting,受け付ける,接受,
/setting,フレンド申請,好友申请,
/setting,クエストのリザルト画面において、フレンド申請を行います,在战斗结算画面提出好友申请,
/setting,フレンド申請を行う,提出好友申请,
/setting,公開設定,公开设置,
/setting,プロフィール,个人资料,
/setting,全体に公開,对全体公开,
/setting,フレンドと騎空団に公開,对好友和骑空团公开,
/setting,フレンドにのみ公開,只对好友公开,
/setting,プロフィールの公開設定を「フレンドのみ」または「フレンドと騎空団」に設定している場合、以下の項目で「全体」を選択することはできません,个人资料的显示设置为“仅向好友公开”或“向好友和骑空团公开”的场合，以下项目都无法选择“全体”。,
/setting,挨拶,留言,
/setting,非公開,不公开,6
/setting,フレンド,仅好友,6
/setting,サポーター召喚石,好友召唤石,
/setting,推しキャラ,喜欢的角色,
/setting,属性強化スキルレベル公開,属性强化等级,
/setting,アビリティレール,技能队列,
/setting,アビリティレールの表示を設定します,设置技能队列的表示方法,
/setting,アビリティ効果表示設定,技能效果表示设置,
/setting,アビリティ効果のウインドウのサイズを変更します,变更技能效果的窗口大小,
/setting,バトルスピード,战斗速度,
/setting,バトル演出の速度を設定します,设置战斗演出的速度,
/setting,バトルスピードを上げると、演出がスキップされる場合があります,加快战斗速度会导致跳过演出,
/setting,標準,标准,5
/setting,早送り,快进,
/setting,召喚再生スピード,召唤播放速度,
/setting,フルスクリーン召喚演出の再生速度を設定します,设置全屏召唤的演出播放速度,
/setting,フルスクリーン以外の召喚演出速度は変わりません,全屏以外的召唤演出速度不会变化,
/setting,演出中のボタン表示設定,演出中的按钮显示设置,
/setting,バトルにおいて、攻撃や召喚などの演出中に表示されるチャットボタンとスタンプボタンの表示方法を設定します,设置战斗中攻击及召唤演出时周围显示的聊天按钮和表情按钮的表示方法,
/setting,マルチバトル設定,多人战斗设置,
/setting,リアルタイム通知,实时通知,
/setting,他プレイヤーのダメージやアビリティ効果、敵の状態などがリアルタイムに通知されます,实时显示其他玩家造成的伤害、技能效果、敌人状态等,
/setting,通知する,通知,2
/setting,参戦者のアビリティ使用通知,参战者使用技能通知,
/setting,参戦者に効果を付与するジョブアビリティ使用時、他の参戦者が同じアビリティを使用していた際に通知されます,使用向参战者赋予效果的职业技能时，如果其他的参战者已经使用过同一个技能，则会进行通知,
/setting,救援依頼ウィンドウの表示スキップ,跳过救援请求窗口的显示,
/setting,マルチバトル開始時の救援依頼ウィンドウ表示をスキップします,多人战开始时不自动弹出救援请求窗口,
/setting,スキップする,跳过,2
/setting,救援チャット受信,接收救援通知,
/setting,一部の端末をお使いのお客様は、12:00～13:00、18:00～24:00の時間帯は、チャット通知が行われません,对于使用部分终端的用户，将不会在12:00～13:00、18:00～24:00进行通知,
/setting,mobageのマイページにはチャットが届きます,mobage的主页上会显示通知的,
/setting,「深夜帯」とは、24:00～早朝6:59 の時間帯を指します,“深夜时间”是指24：00~隔天早上6:59,
/setting,参戦者の救援依頼,参战者的救援请求,
/setting,自分が発見したマルチバトルの参戦者に対し、救援依頼の許可を設定します,针对自己发起的多人战的参战者，设置是否允许其发出救援请求,
/setting,救援依頼を許可する,允许发出救援请求,
/setting,通知・貢献度のスキン表示,通知・贡献度处的皮肤显示,
/setting,リアルタイム通知や貢献度表示において、他の参戦者が設定しているスキンを反映するかどうか設定します,在实时通知及贡献度表示窗口中，设置是否显示其他参战者使用的皮肤,
/setting,スキンを反映する,显示皮肤,3
/setting,参戦者一覧スキン表示,参战者列表中的皮肤显示,
/setting,参戦者一覧表示において、他の参戦者が設定しているスキンを反映するかどうか設定します,在参战者列表中，设置是否显示其他参战者使用的皮肤,
/setting,共闘のスキン表示,共斗中的皮肤显示,
/setting,共闘のリスト表示において、他の参戦者が設定しているスキンを反映するかどうか設定します,在共斗列表中，设置是否显示其他参战者使用的皮肤,
/setting,各種設定に戻る,返回设置主页,
/setting,終日受け取る,全天接收,
/setting,終日受け取らない,全天不接收,
/setting,深夜帯は受け取らない,深夜时间不接收,
/setting,アイテム一覧の設定,道具列表的设置,
/setting,アイテムリストのフィルタ機能,道具列表的筛选功能,
/setting,アイテムリストのフィルタ機能を設定します,可以设置道具列表的筛选功能,
/setting,フィルタ機能を使うことで所持アイテムが探しやすくなります,使用筛选功能可以更简单的查找所持道具,
/setting,「フィルタOFF」の場合,「筛选OFF」的时候,
/setting,「フィルタ有効」の場合,「筛选启用」的时候,
/setting,マルチバトルのルーム非表示設定,不显示多人战房间的设置,
/setting,参加条件を満たしていないルームの非表示設定,不显示未满足参加条件的房间的设置,
/setting,ルームの募集Rankについて、条件を満たさないルームを非表示にできます,不显示不满足房间的招募rank条件的房间,
/setting,非表示にする,不显示,2
/setting,武器・召喚石のリサイクル化設定,武器·召唤石的回收设置,
/setting,武器、召喚石のリスト所持数が指定値以上の場合、クエストクリア時に獲得した装備を、自動的にリサイクル化に使用できます。,武器・召唤石的清单内所持数量达到指定数量以上时，任务结束后获得的装备自动回收。,
/setting,リサイクル化へ使用された後、自動売却・強化へ使用されます,先回收，再自动出售・强化,
/setting,リスト所持数の指定について,列表内所持数量指定,
/setting,武器の所持数,武器所持数,
/setting,召喚石の所持数,召唤石所持数,
/setting,現在リサイクル化が有効になっています,目前回收设置有效,
/setting,自動売却・騎空艇の自動強化設定,自动出售・自动强化骑空艇的设置,
/setting,クエストクリア時に獲得した武器・召喚石を自動的に売却するか、騎空艇の強化ができます,任务完成时获得的武器・召唤石可自动出售或强化骑空艇,
/setting,売却と強化を併用することはできません,出售和强化无法同时使用,
/setting,武器の自動売却・強化設定,武器的自动出售·强化设置,
/setting,武器の売却,武器的出售,
/setting,自動売却する,自动出售,2
/setting,騎空艇の強化,强化骑空艇,
/setting,自動強化する,自动强化,
/setting,召喚石の自動売却設定,召唤石的自动出售设置,
/setting,召喚石の売却,召唤石的出售,
/setting,購入金額通知機能の表示設定,购入金额通知功能的显示设置,2
/setting,毎月、一定額以上のモバコインを使用した場合に、その旨のポップアップを表示できます,每月使用了一定数额以上的moba硬币时，使用弹出窗口通知此事,
/setting,表示する,显示,
/setting,今日からはじめるグラブルアイコンの非表示,不显示“今天开始玩碧蓝”图标,
/setting,「今日からはじめるグラブル」アイコンを非表示にします,不显示“今天开始玩碧蓝”图标,
/setting,アイコンの非表示設定,不显示图标的设置,
/setting,アイコン表示Rankを超えると、設定内容に関わらず非表示になります,超过图标显示rank后，无论设置内容为何都不会再显示,
/setting,表示される内容,显示时的界面,
/setting,アイコン表示位置,图标位置,
/setting,リサイクル化に使用する装備を選択してください,请选择用于回收的装备,
/setting,ボーナス値やスキル付きの装備は使用されません,带+号的，有技能的装备不会被回收,
/setting,条件を設定してください,请设置条件,
/setting,レアリティ,稀有度,
/setting,ノーマルのみ,仅N,2
/setting,レアを含む,含R,2
/setting,スキルありを含む,含有技能武器,2
/setting,エンジェルを含む,含天使系武器,2
/setting,会話シーン設定,剧情的设置,
/setting,演出の自動再生,剧情自动播放,
/setting,会話シーンでの演出が自動で進みます,看剧情时会自动播放,
/setting,自動再生する,自动播放,
/setting,テキストの一括表示,剧情文本直接显示,
/setting,テキストが文字送りされず一括で表示されます,文本内容将不会逐字显示而是直接显示,
/setting,一括表示する,直接显示,
/setting,クエスト設定,任务设置,
/setting,クエストのイベントスキップ,任务的活动Skip,
/setting,クリア済みクエストの会話シーンをスキップします,跳过已完成的任务的剧情,
/setting,アドベンチャーパートのスキップ,跳过冒险部分,
/setting,クエスト中のアドベンチャーパートをスキップします,跳过任务中的冒险部分,
/setting,スキップしない場合、演出が表示されます,不跳过时会有演出,
/setting,スキップする場合、アイテムの入手結果のみ表示されます,跳过时只显示获得道具的结果,
/setting,バトル開始時の編成内容の表示,战斗开始时编队内容处的显示内容,
/setting,バトル前のパーティ選択画面に表示する情報を変更します,变更战斗前选择队伍画面处的情报内容,
/setting,アビリティ,技能,
/setting,加護効果,加护效果,
/setting,「アビリティ」設定の場合,设置为“技能”的时候,
/setting,「加護効果」設定の場合,设置为“加护效果”的时候,
/setting,敵が特殊な能力を持つ場合の警告表示,敌人有特殊能力时显示警告,
/setting,特定の属性ダメージへの耐性を持つ敵が登場するクエストに表示される、バトル開始時の警告表示の設定を変更できます,变更任务中有拥有特定属性伤害耐性的能力的敌人登场时，在战斗开始前显示的的警告的设置,
/setting,メインのみ,仅主要队员,
/setting,サブ含む,含后备队员,
/setting,編成の中で「メインメンバー」または「サブ含む全メンバー」に、不利になってしまう属性のキャラが含まれている場合に警告が表示されます,编队中“主要队员”或“含后备队员的全部队员”中如果包括属性不利的角色，则显示此警告,
/setting,クエストが未クリアの場合、設定内容にかかわらず表示されます,任务未完成的场合，无论设置内容为何都会显示,
/setting,バトル前画面でのAUTO切り替え,战斗前画面中切换AUTO,
/setting,バトル前画面において、AUTO切り替えを使用するかどうか設定します,设置是否在战斗前画面使用AUTO战斗切换功能,
/setting,常にON,一直ON,
/setting,「ON」の場合、バトル前画面を1回タッチすると確認が表示され再度タッチするとオートアタックが有効になります,设置为“ON”时，在战斗前画面点击屏幕一次会显示确认是否需要AUTO战斗，再点击一次AUTO战斗功能启动,
/setting,「常にON」の場合、バトル前画面を1回タッチするとオートアタックが有効になります,设置为“一直ON”时，在战斗前画面点击屏幕一次AUTO战斗功能即可启动,
/setting,チャット・スタンプ設定,聊天・表情设置,
/setting,チャットの表示,聊天图标显示,
/setting,「簡易」設定の場合、画面スクロール時にチャットウインドウが非表示になります,设置为“简易”的场合，滑动画面时聊天窗口会自动隐藏,
/setting,チャットボタン表示位置,聊天按钮位置,
/setting,騎空団チャット通知設定,骑空团聊天通知设置,
/setting,騎空団チャットに投稿があった際、マイページの新着通知に表示します,骑空团聊天版有新信息时，在首页显示通知,
/setting,アクティブ通知設定,主动通知设置,
/setting,騎空団チャット投稿をポップアップで通知します,用弹出窗口通知骑空团聊天版消息,
/setting,スタンプセット表示設定,表情组显示设置,
/setting,スタンプセットの表示方法を選択します,选择表情组的显示方法,
/setting,スタンプの表示順、絵柄を入れ替えることができます,可变更表情的显示顺序，表情图标,
/setting,ページ,页,9
/setting,履歴なし,无最近使用,
/setting,スタンプの表示,显示表情,
/setting,マルチバトルにおける他プレイヤーのスタンプ表示の有無を設定します,设置多人战中是否显示其他玩家的表情,
/setting,スタンプを表示,显示表情,
/setting,ボイススタンプ設定,有声表情设置,
/setting,マルチバトルにおいて、ボイス対応スタンプを送信・または受信した際の音声再生の有無を設定します,设置多人战中自己发出或收到的有声表情是否播放声音,
/setting,音声を再生する,播放声音,
/setting,最近使ったスタンプが表示されます<br>この部分は編集できません,最近使用的表情显示于此<br>本部分无法编辑,2
/setting,最近使ったスタンプ,最近使用的表情,9
/setting,<%= stamp.priority %>番目に設定しているスタンプを変更します,更改第<%= stamp.priority %>个表情,
/setting,順番変更,交换位置,
/setting,絵柄入れ替え,更换表情,
/setting,スタンプセットを3ページにします,表情组限制为3页,
/setting,1ページ目に最近使ったスタンプを最大4個表示します,第一页上最多显示4个最近使用的表情,
/setting,スタンプセットを5ページにします,表情组限制为5页,
/setting,1ページ目に最近使ったスタンプを最大12個表示します,第一页上最多显示12个最近使用的表情,
/setting,スタンプセットを4ページにします,表情组限制为4页,
/setting,最近使ったスタンプは表示しません,不显示最近使用的表情,
/setting,バトル中のアクティブ通知,战斗中的主动通知,
/setting,バトル中に騎空団チャットのアクティブ通知を受け取ります,在战斗中接收骑空团的主动通知,
/setting,通知を受け取る,接收通知,
/setting,マイページ設定,主页设置,
/setting,ボタン設定,按钮设置,
/setting,マイページにおける「強化」ボタンと「共闘」ボタンの表示を切り替えます,切换主页上显示的“强化”按钮和“共斗”按钮,
/setting,マイページのBGM設定,主页BGM设置,
/setting,マイページに表示しているキャラクターやスキンに専用のBGMが設定されている場合、専用BGMを再生するかどうか設定します,设置主页上显示的角色或皮肤带有专用BGM的场合是否播放专用BGM,
/setting,専用BGMを再生,播放专用BGM,
/setting,マイページバナー表示設定,主页横幅显示设置,
/setting,「アーカルムの転世」のバナーをマイページに表示します,在主页上显示“阿尔卡那的转世”的横幅,
/party,ジョブチェンジへ,切换职业,
/party,おまかせ装備,自动装备,
/party,編成<br>切り替え,队伍<br>切换,
