id,name,detail
npc,布洛蒂亚,3040158000
special,刃镜螺旋,土属性伤害(特大)/消去敌方单体1个强化效果/展开1刃镜
skill-1,不可侵神域,减免我方全体所受伤害(70%)
skill-2,尼伯龙根之盾,对敌方全体造成土属性伤害(2.5倍)/我方全体免疫伤害(1次)/免疫负面效果(1次)
skill-3,拉格尔夫之剑,对随机目标敌方造成6次土属性伤害(单次1.5倍)/展开1刃镜
support-1,刃镜展开,根据刃镜展开数量攻防UP/奥义性能UP(最大5刃镜)
support-2,神域的守护者,我方全体的强化效果「土属性攻击UP」效果UP(30%)
skill-lb,LB技能,水属性伤害减轻
active,1,
,,