id,en,jp,trans
0-chapter_name,,迫る影,影烛
0-synopsis,,ソーンは騎空団での生活にも慣れ、楽しく毎日を過ごしていた。ある夜、ソーンは街が魔物達に襲われる夢を見る。夢の中、ソーンは魔物に囲まれていた砲手を助けるが、砲手はソーンの力に慄き、「バケモノ」と言い放つ。目覚めたソーンは、姿なき何者かの声を聞く。次の頂を目指せとささやく声に従い、ソーンは自身の強さを確かめるべく姬塔に戦いを挑む。,索恩逐渐习惯了骑空团的生活，快乐的度过着每一天。一天夜里，索恩梦见了街区被魔物袭击的样子。梦中，身陷重重魔物的炮手在得救之后，愕然于索恩的力量，将其称为怪物。梦中惊醒的索恩，听到了不知从何而来的低语声。听从迈向更高顶峰的低语的索恩，为了确认自身的力量再次向姬塔发起挑战。
0,,<span class='scene-font-katari'>全空最強の弓使いと謳われたソーン。</span><br><span class='scene-font-katari'>彼女が姬塔の団に入って</span><br><span class='scene-font-katari'>しばしの時間が流れた。</span>,<span class='scene-font-katari'>被誉为全空最强掌弓者的索恩。</span><br><span class='scene-font-katari'>从她加入姬塔的骑空团开始，</span><br><span class='scene-font-katari'>已经过去了很长时间。</span>
1,,ねえ、姬塔さん、<br>ルリアちゃん。この街の喫茶店、<br>評判いいんですって。行ってみない？,呐，姬塔，露莉亚。<br>这条街上的咖啡店<br>听说评价不错哦。去看看吗？
2,,わあい！<br>行きます行きます！<br>どんなお店なんですか？,噢噢！<br>我去、我去！<br>是什么样的店啊？
3,,ふふ……なんとケーキが食べ放題で、<br>おまけに種類も多いんですって。<br>それから……,哈哈……据说点心可以随便吃，<br>而且种类也非常多。<br>还有……
4,,やれやれ……また食い過ぎで<br>夕飯食えなくなっちまうような事に<br>ならなきゃいいんだけどな！,呀嘞呀嘞……别又变成因为吃太多，<br>结果吃不下去晚饭<br>那样就好了！
5,,<span class='scene-font-katari'>楽しい日々を送っているソーン。</span><br><span class='scene-font-katari'>他の団員達とも順調に親睦を深め、</span><br><span class='scene-font-katari'>すっかり輪の中心になっていた。</span>,<span class='scene-font-katari'>欢快度日的索恩</span><br><span class='scene-font-katari'>与其他团员们的关系越来越和睦，</span><br><span class='scene-font-katari'>完全成为了大家的中心。</span>
7,,<span class='scene-font-katari'>しかし──</span>,<span class='scene-font-katari'>然而──</span>
11,,…………,…………
12,,あっ！　シルヴァさんも<br>喫茶店、一緒にどうですか？<br>ソーンさんが教えてくれた……,啊！　席尔瓦姐也<br>一起去咖啡店怎么样？<br>就是索恩姐告诉我的那个……
13,,あ……いや、私は……<br>銃の、整備を……しなければ。<br>すまない。,啊……不了，我……<br>必须得去做枪的保养……<br>抱歉。
14,,<span class='scene-font-katari'>そして、シルヴァはそそくさと</span><br><span class='scene-font-katari'>立ち去ってしまう。</span>,<span class='scene-font-katari'>然后，席尔瓦就慌慌张张地</span><br><span class='scene-font-katari'>离开了。</span>
15,,…………,…………
16,,<span class='scene-font-katari'>ソーンは一瞬、寂しげに</span><br><span class='scene-font-katari'>シルヴァの背中を見送って</span><br><span class='scene-font-katari'>ルリア達に向き直る。</span>,<span class='scene-font-katari'>索恩看着席尔瓦离开的背影。</span><br><span class='scene-font-katari'>在露出了一瞬寂寞的表情后，</span><br><span class='scene-font-katari'>又将视线重新转回露莉亚们。</span>
17,,あの……どうしたんですか？<br>ソーンさん。,那个……怎么了？<br>索恩姐。
18,,ううん、なんでもないの。<br>さ、準備して街に行きましょう？<br>姬塔さんも一緒にね？,没，没什么。<br>让我们去准备一下吧？<br>姬塔也要一起来哟！
19,,はいっ！,好的！
20,,<span class='scene-font-katari'>ルリアとソーンは準備のため、</span><br><span class='scene-font-katari'>部屋へと戻っていく。</span><br><span class='scene-font-katari'>それを見守るビィが首をかしげていた。</span>,<span class='scene-font-katari'>露莉亚和索恩为了做好出门的准备，</span><br><span class='scene-font-katari'>回到了各自房间。</span><br><span class='scene-font-katari'>看着两个人离开的碧一脸疑惑。</span>
21,,……なあ、姬塔。<br>ソーンてシルヴァと仲悪いのか？,……呐，姬塔。<br>索恩和席尔瓦的关系很差吗？
22,,ソーンは誰とでも仲良くしたがるのに、<br>なんでなんだろうな？,索恩明明和谁都关系都很好，<br>为什么会变成这样？
23,,<span class='scene-font-katari'>姬塔自身もそれを</span><br><span class='scene-font-katari'>感じてはいた。しかし、</span><br><span class='scene-font-katari'>どうにも触れづらい話題である。</span>,<span class='scene-font-katari'>姬塔自己也感觉到了异样。</span><br><span class='scene-font-katari'>但是，无论从哪来看这都是很难处理的问题。</span>
24,,<span class='scene-font-katari'>団員同士の関係に</span><br><span class='scene-font-katari'>あまり干渉するわけにもいかず、</span><br><span class='scene-font-katari'>姬塔は見守る事を選択した。</span>,<span class='scene-font-katari'>在对于处理团员之间的关系这方面</span><br><span class='scene-font-katari'>不能进行过多的干涉，</span><br><span class='scene-font-katari'>因此姬塔选择默默注视事态的发展。</span>
25,,それじゃあ、<br>さっそく準備して向かいましょう？<br>姬塔さんも一緒にね？,那么这样的话，<br>让我们快点去准备一下吧？<br>姬塔也要一起来哟！
26,,はいっ！,好的！
27,,<span class='scene-font-katari'>ルリアとソーンは準備のため、</span><br><span class='scene-font-katari'>部屋へと戻っていく。ビィはそのさまを</span><br><span class='scene-font-katari'>微笑ましげに眺めていた。</span>,<span class='scene-font-katari'>露莉亚和索恩为了做好出门的准备，</span><br><span class='scene-font-katari'>回到了各自房间。</span><br><span class='scene-font-katari'>碧看着的两人露出了微笑。</span>
28,,ははっ！<br>あのふたり、すっかり仲良しだな！,哈哈！<br>那两个人，关系已经这么好了！
29,,最初はオイラ、ソーンが自分の事を<br>化け物とか言ってやがったから、<br>おっかねえ奴って思ってたけど……,刚开始时，我听到索恩把自己称作怪物的时候。<br>我还以为她是个可怕的人呢……
30,,今じゃ、そのへんにいる<br>若い姉ちゃんにしか見えねえや。<br>たまに十天衆って事、忘れちまうぜ。,现在的话，在这里能看到的<br>只是一个年轻姐姐的样子。<br>有时候甚至忘了她还是十天众的事。
31,,<span class='scene-font-katari'>姬塔もそれに同意し、</span><br><span class='scene-font-katari'>ビィと顔を見合せて笑った。</span>,<span class='scene-font-katari'>姬塔也很同意他的说法，</span><br><span class='scene-font-katari'>和碧露出了欣慰的笑容。</span>
36,,<span class='scene-font-katari'>こうして姬塔らは</span><br><span class='scene-font-katari'>ソーンとともに街へと繰り出し、</span><br><span class='scene-font-katari'>評判の喫茶店で楽しい時を過ごし──</span>,<span class='scene-font-katari'>就这样姬塔们</span><br><span class='scene-font-katari'>和索恩一起向街道出发，</span><br><span class='scene-font-katari'>在那家有名的咖啡店度过了快乐的时光──</span>
37,,<span class='scene-font-katari'>そして、その夜は訪れた。</span>,<span class='scene-font-katari'>时光飞逝，夜幕降临。</span>
39,,ふふ、今日も楽しかった……<br>ルリアちゃんも、姬塔さんも<br>喜んでくれたし……,哈哈，今天也好开心……<br>露莉亚、姬塔也都非常开心……
40,,……嬉しい。<br>ここでなら、私ができなかった事……<br>全部……できそうな気が、する……,……真开心啊。<br>现在的我的话，原来做不到的事情……<br>感觉全都……能做到了呢……
41,,くぁ……<br>今日は、もう……寝よう……,哈啊……<br>今天就先……睡吧……
42,,<span class='scene-font-katari'>ベッドにもぐり、</span><br><span class='scene-font-katari'>満足げな笑みを浮かべて</span><br><span class='scene-font-katari'>目を閉じるソーン。</span>,<span class='scene-font-katari'>蜷缩在床上满面悦色的索恩睡意渐浓。</span>
47,,<span class='scene-font-katari'>それから彼女が眠りにつくまで、</span><br><span class='scene-font-katari'>さしたる時間はかからなかった。</span>,<span class='scene-font-katari'>在那之后没过多久，</span><br><span class='scene-font-katari'>索恩就进入了梦乡。</span>
50,,何っ！？<br>この音……艇が、襲われてる！？,怎么了！？<br>这个声音……难道，艇正在被袭击！？
55,,艇の周りに敵はいない……<br>姬塔さん達が追い払ったの？,艇的周围并没有敌人……<br>是被姬塔他们赶跑了吗？
56,,団のみんなはどこに……<br>ルリアちゃん……！,大家都在哪啊……<br>露莉亚……！
57,,<span class='scene-font-katari'>艇を出て姬塔らが</span><br><span class='scene-font-katari'>どこへ向かったのか──そう思い、</span><br><span class='scene-font-katari'>街に目を向けたソーンの顔色が変わる。</span>,<span class='scene-font-katari'>她觉得姬塔们应该是</span><br><span class='scene-font-katari'>离开艇去了哪里。</span><br><span class='scene-font-katari'>当把视线转向街上时，索恩大惊失色。</span>
58,,…………！<br>魔物が……街に溢れてる！,…………！<br>街上充满了……魔物！
63,,<span class='scene-font-4'>ギャオオオオオッ！</span>,<span class='scene-font-4'>嘎哦哦哦哦！</span>
65,,そこまでよ。,到此为止了哟。
77,,グギャアッ！,啊唔！
80,,……一匹だって逃がしはしないわ。<br>恨むなら、十天衆のいる街を襲った<br>自分達を恨むのね。,……一只也别想跑。<br>要恨的话，就去恨袭击<br>十天众居住的街区的自己吧。
84,,<span class='scene-font-katari'>ソーンは空を飛び、</span><br><span class='scene-font-katari'>街を埋め尽くす魔物達を</span><br><span class='scene-font-katari'>端から射抜きつつ姬塔らを探す。</span>,<span class='scene-font-katari'>在空中飞行的索恩</span><br><span class='scene-font-katari'>一边向街上铺天盖地的魔物一端射击，</span><br><span class='scene-font-katari'>一边寻找姬塔们的踪影。</span>
85,,<span class='scene-font-katari'>しかし、姬塔らはおろか、</span><br><span class='scene-font-katari'>街の住民さえ見つける事ができない。</span>,<span class='scene-font-katari'>然而，别说是姬塔他们。</span><br><span class='scene-font-katari'>就连一个街上的居民都找不到。</span>
86,,まさか、みんな魔物に……！？,难道，大家都被魔物……！？
87,,<span class='scene-font-katari'>焦りを募らせるソーン。</span><br><span class='scene-font-katari'>すると、そこへ──</span>,<span class='scene-font-katari'>此时的索恩心急如焚。</span><br><span class='scene-font-katari'>紧接着，就在这时──</span>
89,,！！<br>銃声……！　誰かいる！,！！<br>枪声……！　有人在那！
91,,この音……まさか……！,这个声音……莫非是……！
93,,<span class='scene-font-katari'>響く銃声に覚えがある様子のソーン。</span><br><span class='scene-font-katari'>空高く飛び上がり、どこかで魔物と</span><br><span class='scene-font-katari'>交戦している砲手を探す。</span>,<span class='scene-font-katari'>对枪声略有印象的索恩飞向高空，</span><br><span class='scene-font-katari'>寻找正在与魔物交战的炮手。</span>
98,,……あそこ！,……就在那！
99,,<span class='scene-font-katari'>はるか遠く、塵のように小さく見える</span><br><span class='scene-font-katari'>砲手の姿をとらえたソーン。</span>,<span class='scene-font-katari'>就在很远的地方，索恩发现了</span><br><span class='scene-font-katari'>如尘粒一般的炮手的身影。</span>
100,,<span class='scene-font-katari'>無数の魔物に包囲された</span><br><span class='scene-font-katari'>砲手を救うため、すぐさま矢をつがえて</span><br><span class='scene-font-katari'>乱れ撃った。</span>,<span class='scene-font-katari'>为了拯救被无数魔物包围的炮手，</span><br><span class='scene-font-katari'>慌忙之中的索恩立刻搭弓射箭。</span>
110,,させない……させない！,休想得逞……休想得逞！
119,,<span class='scene-font-katari'>集中を欠き、魔力の調整もきかぬまま</span><br><span class='scene-font-katari'>放った矢は、過剰な威力で魔物達の体を</span><br><span class='scene-font-katari'>次々と粉砕し──</span>,<span class='scene-font-katari'>慌乱之中的索恩无法集中精力调整魔力。</span><br><span class='scene-font-katari'>结果，由于放出的箭魔力过剩，</span><br><span class='scene-font-katari'>魔物们逐一粉身碎骨──</span>
122,,はぁ、はぁ……<br>……無事、みたいね……よかった……,哈啊、哈啊……<br>……她，好像得救了……太好了……
123,,<span class='scene-font-katari'>砲手は呆然と、魔物の血に染まった</span><br><span class='scene-font-katari'>地面に立ち尽くしていた。</span>,<span class='scene-font-katari'>一脸茫然的炮手，</span><br><span class='scene-font-katari'>呆呆地站在被魔物血染红的地面上。</span>
124,,<span class='scene-font-katari'>そして砲手は、自分を救った魔導の矢が</span><br><span class='scene-font-katari'>人の目では捉えられぬほどの距離から</span><br><span class='scene-font-katari'>放たれていた事を知る。</span>,<span class='scene-font-katari'>炮手在茫然之中明白了一个可怕的事实，</span><br><span class='scene-font-katari'>救了自己的魔导箭是从人类的眼睛</span><br><span class='scene-font-katari'>无法捕捉到的距离射过来的。</span>
125,,<span class='scene-font-katari'>砲手は頬に冷や汗を垂らし、</span><br><span class='scene-font-katari'>驚愕の表情でつぶやいた。</span>,<span class='scene-font-katari'>汗流至踵的炮手，</span><br><span class='scene-font-katari'>愕然失色地自言自语道。</span>
126,,バケモノ──,怪物──
129,,はっ！？,啊！？
130,,夢……,原来是梦……
132,,<span class='scene-font-gray'>汝、魔眼の射手よ。</span><br><span class='scene-font-gray'>問おう。汝の安寧を誰が望むか？</span>,<span class='scene-font-gray'>汝，魔眼之射手。</span><br><span class='scene-font-gray'>问，孰望汝之安？</span>
133,,…………！？<br>誰……！？,…………！？<br>是谁……！？
135,,<span class='scene-font-gray'>汝の名は、魔眼のもたらせしもの。</span><br><span class='scene-font-gray'>汝が立つ頂は、幾多の悲嘆の山にある。</span>,<span class='scene-font-gray'>汝名，得于目。</span><br><span class='scene-font-gray'>汝穷顶与众山之悲。</span>
136,,<span class='scene-font-gray'>人の身を捨て、目指すのだ。次の頂を。</span><br><span class='scene-font-gray'>汝の安寧は踏みにじってきた全ての者、</span><br><span class='scene-font-gray'>才なき者への裏切りだ。</span>,<span class='scene-font-gray'>绝人心，临神顶。</span><br><span class='scene-font-gray'>背众弱，离繁庸。</span><br><span class='scene-font-gray'>其者，安哉。</span>
137,,裏切り……,背叛吗……
138,,<span class='scene-font-katari'>部屋に響く何者かの声は、</span><br><span class='scene-font-katari'>それを最後に途切れた。</span>,<span class='scene-font-katari'>房间内回响着的来历不明的声音，</span><br><span class='scene-font-katari'>最终消失于空气之中。</span>
139,,……シルヴァ……,……席尔瓦……
140,,<span class='scene-font-katari'>ソーンはベッドの上でうつむき、</span><br><span class='scene-font-katari'>そのまま動けずにいた。</span>,<span class='scene-font-katari'>在床上纹丝不动的索恩低头思索着什么。</span>
145,,<span class='scene-font-katari'>やがてソーンは何かを思い立ち、</span><br><span class='scene-font-katari'>部屋を出て姬塔に声をかける。</span>,<span class='scene-font-katari'>最终索恩好像决定了什么一样，</span><br><span class='scene-font-katari'>冲出房间找到了姬塔。</span>
151,,ここでいい……かな。<br>急にごめんね、姬塔さん。,这里的话……就可以了吧。<br>这么突然很抱歉，姬塔。
152,,<span class='scene-font-katari'>ソーンに連れられて歩く姬塔。</span><br><span class='scene-font-katari'>それをルリアとビィが物陰から</span><br><span class='scene-font-katari'>伺っていた。</span>,<span class='scene-font-katari'>露莉亚和碧跟随带着姬塔离开的索恩，</span><br><span class='scene-font-katari'>躲在隐蔽的地方偷听两人的对话。</span>
153,,<span class='scene-font-2'>なあルリア、ソーンと姬塔、</span><br><span class='scene-font-2'>急に二人っきりで出てったと思ったら</span><br><span class='scene-font-2'>ありゃ何してんだ？</span>,<span class='scene-font-2'>呐，露莉亚。索恩和姬塔，</span><br><span class='scene-font-2'>就他们俩突然要出去。</span><br><span class='scene-font-2'>他们是打算干什么去？</span>
154,,<span class='scene-font-2'>しっ！　聞こえちゃいますよ！</span><br><span class='scene-font-2'>わかりません……もしかすると、私達に</span><br><span class='scene-font-2'>内緒で何か食べに行くのかも……</span>,<span class='scene-font-2'>嘘！　要被听到了哟！</span><br><span class='scene-font-2'>我也不知道……说不定是背着我们</span><br><span class='scene-font-2'>打算去哪里吃东西呢……</span>
155,,私、どうしても確かめたい事があって。,我，有个无论如何都想确认的事情。
156,,<span class='scene-font-2'>確かめたい事……？</span>,<span class='scene-font-2'>想要确认的事情……？</span>
157,,<span class='scene-font-2'>うーん……何確かめようってんだ？</span>,<span class='scene-font-2'>嗯……她到底想要确认什么呢？</span>
162,,あのね。,我说啊。
166,,<span class='scene-font-katari'>振り向きざま、瞬時に魔導弓を構え</span><br><span class='scene-font-katari'>姬塔の足元を撃ち抜くソーン。</span>,<span class='scene-font-katari'>索恩回头的瞬间，架起魔导弓</span><br><span class='scene-font-katari'>向姬塔的脚下射了过来。</span>
167,,きゃあっ！　ソーンさん！？<br>なんで姬塔を撃つんですか！,呀啊！　索恩姐！？<br>为什么突然朝姬塔射过来啊！
168,,い……いきなりかよ！<br>おい！　ソーン！<br>どういうつもりだよ！,一下……猛地射过来！<br>喂！　索恩！<br>你到底想干什么！
169,,言ったでしょ？<br>私は確かめなきゃいけないの。<br>私が、どれほど強いのかをね。,我不是说了吗？<br>这件事我不去确认一下是不行的。<br>那就是，我，到底有多强。
170,,も……問答無用って感じだぞ！<br>姬塔！　早く構えろ！,看来……说什么都没有用了！<br>姬塔！　快点准备迎击！
info,,1,scene_ult_chr129_q1_s10