id,en,jp,trans
0-chapter_name,,その威を示し、王たれと,王者，示其威也。
0-synopsis,,戦いを終えたニオは、ソーンが二王弓の言葉に救いを見出したことを感じ取る。去っていくソーンの後ろ姿を見ながら、ニオは「内と外に流れる旋律、全てを断ち切る事が……それが、貴方の救いなの？」と、ソーンの選択を疑問視するのだった。,战斗结束后的妮欧看出，索恩从二王弓的话中得到了救赎。看着逐渐远去的索恩的背影，说着「切断一切由内向外流动的旋律内……就是你的救赎吗？」的妮欧，对索恩的选择产生了疑问。
0,,迷って、苦しんで……<br>ようやく救いを見出したの？<br><span class='scene-font-spword'>二王弓</span>の言葉で。,在迷茫着、痛苦着的你……<br>通过<span class='scene-font-spword'>二王弓</span>的话终于找到救赎了吗？
1,,貴方がそう感じたのなら、<br>そうなのかもしれないわね。,如果你是这么认为的话，<br>也许就是这样的呐。
4,,ひとりになって、<br>全てを捨てて……,变成一个人，<br>舍弃其他一切……
5,,内と外に流れる旋律、<br>全てを断ち切る事が……それが、<br>貴方の救いなの？　ソーン……,切断一切由内向外流动的旋律……<br>就是你的救赎吗？　索恩……
info,,1,scene_ult_chr129_q4_7_s20