id,en,jp,trans
0-chapter_name,,第72章　騒乱のアガスティア,第72章混乱的阿加丝提亚
0-synopsis,,アガスティアに到着したフリーシアはオルキスを連れ、寂れた廃墟を訪れる。そこにはかつてリアクターの初期の被験者となり精神を抜き取られ廃人と化した兵士達が居り、フリーシアが自身から立ち上る禍禍しい瘴気をその兵士達へ注ぎ込むと、瘴気を得た兵士達は操り人形のように動き出すのだった。,抵达阿加丝提亚的芙莉西雅和奥尔琪斯，来到了一处寂静的废墟。那里曾经是芙莉西雅过去最早进行反应炉精神剥离实验的地方，被废人化的士兵到处都是。芙莉西雅将从自己身上散发出的不详的瘴气注入到士兵体内，士兵们像是牵线人偶一般行动了起来。
1,,…………,............
2,,…………,............
3,,<span class='scene-font-place'>メフォラシュ</span><span class='scene-font-katari'>の宮殿より誘拐され、</span><br><span class='scene-font-place'>アガスティア</span><span class='scene-font-katari'>へと連れてこられた</span><br><span class='scene-font-katari'>オルキス。</span>,<span class='scene-font-katari'>奥尔琪斯从</span><span class='scene-font-place'>美佛拉修</span><span class='scene-font-katari'>的王宫中被诱拐到</span><span class='scene-font-place'>阿加丝提亚</span><span class='scene-font-katari'>。</span>
4,,<span class='scene-font-katari'>しかし、オルキスを連れたフリーシアは、</span><br><span class='scene-font-katari'>指定したタワーではなく、</span><br><span class='scene-font-katari'>とある薄暗い、寂れた廃墟を訪れていた。</span>,<span class='scene-font-katari'>但是芙莉西雅却把她带到了某处昏暗的废墟而不是之前约定的塔中。</span>
5,,ここは……？,这里是？
6,,黙りなさい。<br>喉を潰されたいのですか。,闭嘴，不听话就毁了你的喉咙。
7,,っ……,っ……
8,,<span class='scene-font-katari'>その瞳に爛々と狂気を湛え、</span><br><span class='scene-font-katari'>フリーシアはオルキスを引っ張り、</span><br><span class='scene-font-katari'>廃墟の奥へと進んでいく。</span>,<span class='scene-font-katari'>瞳孔中散发出狂气的芙莉西雅将奥尔琪斯带到了废墟的深处。</span>
13,,<span class='scene-font-katari'>暗闇に目が慣れ、目を凝らすと、</span><br><span class='scene-font-katari'>オルキスの眼前に、</span><br><span class='scene-font-katari'>異様な光景が広がる。</span>,<span class='scene-font-katari'>习惯了暗处之后，奥尔琪斯眼前看到了异样的光景。</span>
14,,<span class='scene-font-katari'>廃墟の床には、</span><br><span class='scene-font-katari'>鎧を着た兵士達が幾重にも積み重なり、</span><br><span class='scene-font-katari'>無造作に放置されていた。</span>,<span class='scene-font-katari'>废墟的地板上，诸多士兵被杂乱地“堆积”在那里。</span>
15,,これは……<br>こ、この人達……<br>まさか……！,这是...这些人...难道是！
16,,死んではいません。<br>まぁ、もっとも、<br>生きているとも言えませんが……,他们并没有死，嘛，话虽如此也不能说他们还活着。
17,,……？,......？
18,,彼らはリアクターを作る際の、<br>初期の実験の被験者達です。,他们是制作“反应炉”之前最早的一批实验者。
19,,リアクターは、<br>星晶獣デウス・エクス・マキナの持つ<br>精神に干渉する能力を利用しています。,反应炉是是为了利用星晶兽机械降神所拥有的精神干涉的能力。
20,,そのため、実験の初期段階では、<br>彼らのように完全に精神を<br>抜き去られてしまった者が続出しました。,为此，实验的初期，像他们这样精神被完全剥离的人也不少。
21,,決して死んではいませんが……<br>しかし、<br>二度と意識を取り戻すことはない……,虽然绝没有死，但是也不可能再次取回意识了。
22,,生きる人形となってしまった彼らに、<br>もはや利用価値は<br>無いと思っていましたが……,虽然我过去认为已经成为人偶的他们是没有利用价值的了......
23,,しかし……！,但是......！
25,,<span class='scene-font-katari'>フリーシアは</span><br><span class='scene-font-katari'>自らの身体から立ち上る禍々しい瘴気を、</span><br><span class='scene-font-katari'>積み重なる兵士達に注ぎ込んでいく。</span>,<span class='scene-font-katari'>芙莉西雅将从自己身上散发出的瘴气注入到堆积着的士兵的体内。</span>
26,,…………,............
27,,<span class='scene-font-katari'>フリーシアに瘴気を与えられた兵士達は、</span><br><span class='scene-font-katari'>糸に釣られる人形のように、</span><br><span class='scene-font-katari'>虚ろに立ち上がるのだった。</span>,<span class='scene-font-katari'>被注入瘴气的士兵像是牵线人偶一般，以一副空洞无神的模样站了起来。</span>
28,,くくく……<br>そう、そうです！　それでいい！,哼哼哼……是的，这样就好！
29,,精神を失ってなお、<br>忠実な駒として、<br>私に仕え続けなさい！,作为失去了精神的忠实的棋子为我效劳吧！
30,,ひどい……！！<br>ただでさえ、犠牲になった人達に、<br>こんな……こんな仕打ち……！！,太过分了！对这些本来就已经牺牲的人做出这样的事！
31,,貴女はかつて<br>エルステを治めた身でありながら<br>兵を……民をなんだと思ってるの！？,你作为过去埃尔斯特的官员，对士兵...对人民到底是怎么看待的！？
32,,<span class='scene-font-katari'>激昂するオルキスに対し、</span><br><span class='scene-font-katari'>フリーシアは怒りを返さない。</span>,<span class='scene-font-katari'>芙莉西雅并没有回应奥尔琪斯的愤怒。</span>
33,,<span class='scene-font-katari'>しかし、代わりに向けられた瞳には、</span><br><span class='scene-font-katari'>虚ろな憐れみが湛えられていた。</span>,<span class='scene-font-katari'>然而，芙莉西雅注视着奥尔琪斯的双眼中，却包含着虚幻和可怜。</span>
34,,嗚呼……<br>ヴィオラ様……<br>違う、違うのです……,啊，薇奥拉陛下，不是的...不是这样的......
35,,ヴィオラ……？<br>ち、違う……<br>私はお母さんじゃ……,薇奥拉？不是的，我并不是母上......
36,,私とて民の犠牲に、<br>心を痛めていないわけでは<br>ありません……,我也并不是不为民众的牺牲感到心痛。
37,,ですが……嗚呼、ヴィオラ様……<br>どうして貴女は星の民の男などを<br>お選びになったのですか……？,但是......啊...薇奥拉陛下，为什么您会选择那个身为星之民的男人？
38,,<span class='scene-font-katari'>フリーシアはすがりつくように</span><br><span class='scene-font-katari'>オルキスの手を取り、</span><br><span class='scene-font-katari'>滔々と言葉を続ける。</span>,<span class='scene-font-katari'>芙莉西雅紧紧抓住奥尔琪斯的手，止不住地说道。</span>
39,,ええ、ええ……もちろん存じております。<br>ヴィオラ様はあの男に、<br>誑かされてしまったのだと……,诶...我当然知道，薇奥拉陛下只是被那个男人诓骗了而已。
40,,全ては……全ては星の民が悪いのです。<br>あの者達さえいなければ……,这一切都是星之民的错。
41,,星の民が居なければ、<br>エルステが凋落することもなかった……,没有星之民的话，埃尔斯特也不会衰微......
42,,星の民が居なければ、<br>貴女があんな男に<br>誑かされることもなかった……,没有星之民的话，您也不会被那个男人诓骗......
43,,星の民が居なければ、<br>貴女が星晶獣の<br>犠牲となることもなかった……,没有星之民的话，您也不会因为星晶兽而牺牲......
44,,星の民が……<br>星の民さえ居なければ、<br>貴女はきっと私を選んでいた……,如果没有星之民的话，您一定就会选择我了吧......
45,,そうでしょう……？<br>ヴィオラ様……,是这样的吧，薇奥拉陛下？
46,,…………,............
47,,フリーシア……<br>貴女は……,芙莉西雅...你......
48,,<span class='scene-font-katari'>オルキスの言葉を遮るように</span><br><span class='scene-font-katari'>フリーシアは踵を返し、</span><br><span class='scene-font-katari'>寂れた廃墟の出口へと向かっていく。</span>,<span class='scene-font-katari'>像是要阻止奥尔琪斯继续说下去，芙莉西雅走向了废墟的出口。</span>
49,,私は……<br>確かにかつては、<br>エルステを治める立場にありました。,我过去确实也处于埃尔斯特的管理者的立场。
50,,しかし、私が……<br>私が本当に愛していたのは、<br>あのお方の居るエルステだったのです。,但是，我......我真正爱着的是那位大人所在的那个埃尔斯特罢了。
51,,いまのエルステになど、<br>何の価値も無い……<br>もちろん、お前の存在も認めはしない。,现在的埃尔斯特毫无价值，当然，我也不会认可你的存在。
52,,命ある限り、<br>私はこの何の価値も無い世界を否定し、<br>抗い続けましょう……,只要这条命还在，我就会否定这没有任何价值的世界，与之抗争到底。
54,,<span class='scene-font-katari'>フリーシアは魔晶の力で操る兵士に</span><br><span class='scene-font-katari'>オルキスを拘束させ、</span><br><span class='scene-font-katari'>兵士達を率いて寂れた廃墟を出る。</span>,<span class='scene-font-katari'>芙莉西雅用魔晶之力操控士兵将奥尔琪斯绑在那里，然后带着士兵们离开了这个寂静的废墟。</span>
55,,<span class='scene-font-katari'>群れなす軍靴の音に</span><br><span class='scene-font-katari'>僅かな後悔と孤独を紛らわせながら、</span><br><span class='scene-font-katari'>フリーシアはタワーへと向かうのだった。</span>,<span class='scene-font-katari'>伴随着诸多军靴的声音，芙莉西雅向着塔去了。</span>
info,,1,scene_cp72_q3_s10
,,,