id,en,jp,trans
0-chapter_name,,その威を示し、王たれと,王者，示其威也。
0-synopsis,,オクトーは、ソーンとの戦いの中で、覚醒した天星器の強さを実感する。そして、立ち去るソーンの後ろ姿を見送りながら、「この身が枯れ、刀を握る力を失くせば、我もその道を辿るやもしれぬ」と、ソーンの選択に対して同情を寄せるのだった。,欧克托在于索恩交战的过程中，切实感到了觉醒的天星器的强大。接着，看着索恩离去背影的欧克托，说着「如果舍弃拿起刀的力量和我的身体的话，也许我也能到达这种境界。」对索恩的选择表示同情。
19,,うむ……ッ！<br>これが覚醒せし<span class='scene-font-spword'>天星器</span>……！<br>人を捨てし力か……！,噢……！<br>这就是觉醒的<span class='scene-font-spword'>天星器</span>……！<br>舍弃人身的力量吗……！
22,,貴方にそう言わせるのだから、<br>私の力は本物ということね。<br>安心したわ。,既然被你这么说了的话，<br>看来我的力量是真的。<br>让我放心了。
27,,ソーンよ、<br>いずれ我もうぬの意を知ろう。,索恩啊，<br>改日让我知道你的想法吧。
28,,この身が枯れ、<br>刀を握る力を無くせば、<br>我もその道を辿るやもしれぬ。,如果舍弃拿起刀的力量和我的身体的话，<br>也许我也能到达这种境界。
info,,1,scene_ult_chr129_q4_6_s20