id,name,detail
npc,奥莉薇尔,3040145000
special,D天剑,暗属性伤害(特大)/暗属性攻击30%UP/下一次使用技能「大罪」时，技能发动2次
skill-1,银湖,对敌方全体造成3倍暗属性伤害/二连击率DOWN/黑暗的恐怖效果
skill-2,大罪,对敌方单体造成5倍暗属性伤害/缓慢效果
skill-3,永不超生,三连击率30%UP/必定1.3倍暴击/负面效果命中率10%UP
support-1,对新世界的渴望,对光属性防御力每回合下降3%/暗属性伤害每回合上升3%
support-2,堕天司,当自身有「暗属性攻击UP」效果时，对光属性敌人造成更高伤害
skill-lb,LB技能,使用技能时奥义值上升
,,