id,en,jp,trans
0-chapter_name,"83: Old Battles, New Paths",第83章　決着と新たな旅路,第83章 了结与新的旅途
0-synopsis,"The crew hurries back to the village to help Cain, after which he explains that Leona and the soldiers are his Idelva Army allies. But soon more of Reinhardtzar's men appear and a battle begins.",上空から一人村の様子を伺っていたビィにより、何か異変が起きている事を知った姬塔達は、封印を離れ村へと向かう。すると、村には既にイデルバ王国軍が押し寄せ緊迫した空気が流れていた。「もう終わりにしよう」と改めて降伏を促すカインだったが、ラインハルザはそれを拒絶し、盗賊達と共にイデルバ王国軍へと戦いを挑む。,碧在上空观察村中的情况，并将村中发生某种突发情况一事告知姬塔等人，然后他们离开封印地点向村中赶去。同时伊迪尔瓦王国军抵达村中，气氛愈加紧张。“就到此为止吧”——该隐再次劝降莱茵哈萨，但是他拒绝了，之后莱茵哈萨带着盗贼们与伊迪尔瓦王国军发生了战斗。
0,Whoa... What's going on?,んなっ……<br>ど、どうなってんだ……？,嗯呐，到...到底发生什么了
1,"While flying high above the village, Vyrn gets a shock watching the scene below.",<span class='scene-font-katari'>上空から</span><br><span class='scene-font-katari'>村の様子をうかがっていたビィは、</span><br><span class='scene-font-katari'>一人、驚きの声をあげる。</span>,<span class='scene-font-katari'>在空中观察村中情况的碧突然惊讶地说道。</span>
7,"He hurries back down to 姬塔 and the crew, who are eager to hear from him.",<span class='scene-font-katari'>慌てた様子で降りてきたビィに、</span><br><span class='scene-font-katari'>姬塔達は、</span><br><span class='scene-font-katari'>不思議そうに声をかける。</span>,<span class='scene-font-katari'>对事态感到奇怪的碧慌忙地降落下来询问姬塔等人。
8,What happened? It sounded like you were yelling something.,どうしたんだ？<br>先ほど、<br>何か驚いたような声をあげていたが……,怎么了？刚刚我好像有听到你惊慌的声音。
9,And there was a loud noise coming from the village just now too...,それにさっき、<br>村があるほうから、<br>おっきな音が……,而且刚刚从村子那边传来了很大的声响。
10,"I-I'm not really sure... But some lady showed up all of a sudden, and well...",オ、オイラもよくわかんねーんだ……<br>いきなり知らねー姉さんが出てきて、<br>何がなんだか……,我也不是很明白...突然一个不认识的大姐姐出现，到底发生了什么我也不太明白。
10-sel1_txt,Let's check it out.,<span class='scene-font-katari'>行ってみよう</span>,去看看吧
10-sel2_txt,Let's wait here.,<span class='scene-font-katari'>まだ待機してよう</span>,还是继续等着吧
11,I agree... Something might be happening that even Cain didn't predict.,そうだな……<br>何かカインも予想しない事態が<br>起きたのかもしれない……,是啊，也许发生了什么该隐都没有预想到的事态。
12,I don't know... I'm curious about this woman who's appeared.,いや……<br>その新しく現れた女性<br>というのも気になる。,不，我对那个新出现的女性也很好奇。
13,"If she's an enemy of Cain's, then he'll need reinforcement.",もしその女性がカインの敵ならば、<br>いま彼は助けを必要としているはずだ。,如果她是该隐敌人的话，该隐现在应该急需帮助。
14,姬塔 and the crew decide to leave the seal and head for the village.,<span class='scene-font-katari'>相談の末、</span><br><span class='scene-font-katari'>姬塔達は封印を離れ、</span><br><span class='scene-font-katari'>村へと駆けだしていく。</span>,<span class='scene-font-katari'>交谈结束后，姬塔等人离开了封印地点，向着村子赶去。</span>
17,"Meanwhile in the village, the sound of footsteps fills the air.",<span class='scene-font-katari'>一方その頃、</span><br><span class='scene-font-katari'>カイン達のいる村には、</span><br><span class='scene-font-katari'>更なる足音が増えつつあった。</span>,<span class='scene-font-katari'>另一方面，越来越多的脚步声汇聚于该隐所在的村子中。</span>
18,The road from the port to the village has been secured!,港からこの村までの道を<br>確保致しました！,从港口到村中的路线已经确保完毕。
19,"The outlaws we engaged on the way here have been apprehended, and the entire army should arrive any moment.",道中、<br>交戦した盗賊達は全て拘束しており、<br>じき全軍が到着致します！,已将途中发生交战的盗贼全数抓捕，片刻之内全军即可到达。
20,"Good work. Hurry and move them to the village, but remain vigilant.",ご苦労。<br>周囲への警戒は続けつつ、<br>村への移動を急がせてください。,辛苦了，继续警戒周围情况，请速令他们向村子移动。
21,Roger!,はっ！,哈！
22,Reinhardtzar seems bewildered for a moment before his expression twists into rage.,<span class='scene-font-katari'>困惑の表情を浮かべていた</span><br><span class='scene-font-katari'>ラインハルザだったが、</span><br><span class='scene-font-katari'>やがてその顔には憤怒の色が浮かぶ。</span>,<span class='scene-font-katari'>莱茵哈萨脸上一时充满困惑，但没多久就转变为愤怒。</span>
23,"You... You're with the Idelva Army, aren't you!",てめぇ……<br><span class='scene-font-4'>イデルバ王国軍か！！</span>,混蛋，你是<span class='scene-font-4'>伊迪尔瓦王国军的吗！！</span>
24,"But the woman ignores him, her eyes drawn to Cain who has jumped in between a villager and Reinhardtzar.",<span class='scene-font-katari'>しかし、女性は応じることなく、</span><br><span class='scene-font-katari'>村人とラインハルザの間に、</span><br><span class='scene-font-katari'>飛び込もうとしていたカインを見やる。</span>,<span class='scene-font-katari'>但是女性没有回应，她跳到该隐和村民中间然后看向该隐。</span>
25,Cain...,カイン……,该隐...
26,"Whew... You saved me back there, Leo.",ふぅ……助かったぜ、レオ姉。,哈，蕾欧姐，帮大忙了呀。
27,Cain. You're getting a long lecture after this.,カイン……<br>あとでお説教だからね。,该隐，待会要好好说教你了。
28,What!,うぇっ！？,呜诶！？
29,Reinhardtzar raises his voice at Cain.,<span class='scene-font-katari'>間の抜けた声を上げるカインに対し、</span><br><span class='scene-font-katari'>ラインハルザは声を荒げる。</span>,<span class='scene-font-katari'>该隐装出一副不明所以的样子大声叫道。</span>
30,Cain! You coward... You were buying time all along!,カイン、てめぇ……！<br>全部時間稼ぎだったってのか！？,该隐，你这混蛋！这一切都是为了拖延时间吗！？
31,Nope... I had my own plans. But it was only a matter of time before the army showed up.,いや……本気だったぜ。<br>ただ、軍が動くのも、<br>もう時間の問題だった。,不，我是认真的。只是军队行动起来也不过是时间的问题。
32,"If I could, I would've wanted to avoid the head-to-head clash we've got here.",出来る事なら、<br>全面衝突を避けたかったんだよ。,如果可以的话我还是想避免全面冲突的。
33,"I knew if you and the Idelva Army went at it full speed, neither one of you would get away with just a scratch...",イデルバ王国軍とお前らが<br>全力でぶつかったら、<br>どっちもただじゃすまねぇからな。,如果伊迪尔瓦王国军与你互相全力对抗，恐怕双方都会元气大伤。
34,...,…………,............
35,"As Cain and Reinhardtzar glare at each other, soldiers continue pouring into the village.",<span class='scene-font-katari'>カインとラインハルザが</span><br><span class='scene-font-katari'>睨み合っている間にも、</span><br><span class='scene-font-katari'>続々と兵士達が村へと駆けつける。</span>,<span class='scene-font-katari'>就在该隐和莱茵哈萨对视期间，士兵们已经接连赶到村内。</span>
36,"Just as tension fills the air, 姬塔 and the crew arrive on the scene.",<span class='scene-font-katari'>そして、</span><br><span class='scene-font-katari'>緊迫した空気の村に、</span><br><span class='scene-font-katari'>今度は姬塔達が現れる。</span>,<span class='scene-font-katari'>村中的气氛越发紧张，而此时姬塔等人现身了。</span>
37,Cain! Are you all right?,カインさん！<br>大丈夫ですかっ！？,该隐！你没事吧！？
38,"Cain, who are all these people?",カイン、彼らは……？,该隐，他们是？
39,Katalina stays on her guard as she looks around at the soldiers gathering in the village.,<span class='scene-font-katari'>カタリナは警戒した様子で、</span><br><span class='scene-font-katari'>集まりつつある兵達について問う。</span>,<span class='scene-font-katari'>卡塔莉娜警戒着问着逐渐聚集的士兵的事情。</span>
40,No need to fret. Leo and the soldiers are all my allies.,心配いらねぇよ。<br>レオ姉もそいつらも、<br>俺達の味方だ。,不用担心，蕾欧姐和他们都是我们的同伴。
41,Cain then turns to speak to Reinhardtzar.,<span class='scene-font-katari'>そう答えるとカインは、</span><br><span class='scene-font-katari'>今度はラインハルザへと向き直る。</span>,<span class='scene-font-katari'>该隐回答道，然后他转向莱茵哈萨。</span>
42,"So... let's end this, shall we? The stalemate's over. And it's your loss, Reinhardtzar.",なぁ……もう終わりにしようぜ。<br>もう状況は五分じゃない。<br>お前の負けだ、ラインハルザ。,呐，就到此为止吧。局势已经不是对半开了，你输了，莱茵哈萨。
43,No... We haven't lost yet.,いいや……<br>まだオレ達は負けてねぇ。,不，我们还没有失败。
44,Reinhardtzar then sets his gaze toward the fortress.,<span class='scene-font-katari'>そう言って、</span><br><span class='scene-font-katari'>ラインハルザは</span><br><span class='scene-font-katari'>砦のある方向へと目をやる。</span>,<span class='scene-font-katari'>莱茵哈萨说道，然后他的目光投向要塞所在之处。</span>
46,Tzar!,キング！！,老大！！
47,A swarm of outlaws comes rushing in with a fiery bloodlust in their eyes.,<span class='scene-font-katari'>そこには、</span><br><span class='scene-font-katari'>アジトから駆けつけたであろう盗賊達が</span><br><span class='scene-font-katari'>殺気立った様子でひしめいていた。</span>,<span class='scene-font-katari'>从要塞赶来的盗贼们杀气腾腾地蜂拥而来。</span>
48,You can see the whole island from that fortress. Your army here's not the only backup that's arrived.,あの砦からは、<br>この島の全てが見えるからな。<br>援軍が来たのはお前達だけじゃねぇ。,从那座要塞可以看到这座岛全境，有援军的可不只有你们。
49,We won't run. And we're not scared to fight... unlike you.,オレ達は逃げねぇ……<br>戦うことを恐れねぇ……<br>お前と違ってな。,我们不会逃避，也不会畏惧战斗...和你可不一样啊。
50,...,っ……,っ……
52,"If you want to defeat us, you'd better give it all you've got!",<span class='scene-font-4'>止めたければ</span><br><span class='scene-font-4'>力づくでやってみせろ！</.span>,<span class ='scene-font-4'>想阻止我们的话就全力以赴啊！</span>
53,You're never gonna stop us!,<span class='scene-font-4'>もうオレ達は、</span><br><span class='scene-font-4'>止まるわけにはいかねぇんだ！</span>,我们已经，不可能停步于此了！
info,1,1,scene_cp83_q1_s10
,,,