id,en,jp,trans
0-chapter_name,,第112章　父の足跡,第112章父亲的足迹
0-synopsis,,「神火」を用いて空の世界に戻る準備に勤しむ中で、姬塔達は境界の民と交流していた。境界の民はほとんどが空の民で、福音の民の大半は星の民だという。また、シトリとミカは境界に来る前の記憶を失っており、いつの時代の生まれかもわからないらしい。一方、脱出の準備を進める一行の影で、ロキもまた着々と己の計画を進めているのだった。,在进行使用“神火”返回空之世界的准备时，姬塔与境界之民进行了交流，了解到境界之民几乎全是空之民，而福音之民则大多是星之民。另外还知晓了志鸟和米卡失去了来到境界前的记忆，连自己是哪个年代出生的都不清楚。另一方面，在姬塔她们在进行准备时，洛基也在暗中慢慢推进自己的计划。
1,,<span class='scene-font-katari'>「神火」を使い、命を懸けて</span><br><span class='scene-font-katari'>空の世界に戻ることを決意した</span><br><span class='scene-font-katari'>姬塔一行。</span>,姬塔一行人决定堵上性命，使用“神火”回到天之世界。
2,,<span class='scene-font-katari'>一行はその準備として、</span><br><span class='scene-font-katari'>騎空艇グランサイファーの</span><br><span class='scene-font-katari'>修繕に勤しんでいた。</span>,作为准备的一环，一行人正忙于修理骑空艇格兰赛法。
4,,うし！　次はこっちだ！<br>支えが必要になるから、<br>誰か手ぇ貸してくれ！,好嘞！接下来是这边！有谁能来帮忙支持下吗！
4-sel1_txt,,<span class='scene-font-katari'>すぐ行きます！</span>,马上就来！
4-sel2_txt,,<span class='scene-font-katari'>ビィ、任せた！</span>,阿碧，交给你了！
5,,ふふ……<br>姬塔さん、<br>張り切ってるみたいね。,呵呵......姬塔很努力呢。
6,,おうさっ！<br>高い場所なら、オイラの出番だぜ！,好的！高的地方就轮到咱出场了！
7,,ふぅ……<br>ちょっとツギハギだけど、<br>だいぶ綺麗になったんじゃない？,呵......虽然到处都是修修补补的地方，不过已经干净不少了嘛？
8,,外はな……<br>だが、中はさすがに手が回らねぇ。,外面是这样......但是里面实在修理不来。
9,,<span class='scene-font-place'>ガロンゾ</span>に居るような<br>職人じゃねぇと<br>手が出せねぇ部分も多いしな。,有挺多不是加隆佐那儿的工匠就修理不来的部分。
10,,まずは外張りの強化が優先だ。<br>とにかく強度を上げなければ……,优先进行外层的加固。总之要先改善下船体的强度......
11,,時間は、<br>あんまりないんだもんね……,也没有太多时间了......
12,,<span class='scene-font-katari'>姬塔一行は、</span><br><span class='scene-font-katari'>各々手を動かしながら、</span><br><span class='scene-font-katari'>昨日の話を思い出していた。</span>,众人一边动手，一边想起了昨天的话。
18,,──すぐには脱出できない？,──不能马上脱离吗？
19,,そうだ。<br>「神火」は星晶獣の起こす<br>自然現象のようなもの。,是的。 “神火”是星晶兽引起的类似自然现象的东西。
20,,基本的に我々は、<br>「神火」を起こすのではなく、<br>起きるのを待つしかない。,所以我们无法引发“神火”，只能等待它的发生。
21,,そういえば、この子……<br>星晶獣ヱビスは、<br>私でも何も掴めませんでした……,说起来，这孩子......星晶兽惠比寿，我也完全无法理解它......
22,,ヱビスは福音を司る星晶獣ゆえに、<br>福音、幸運、運命そのものと<br>同じ性質を持ってしまったらしい。,由于惠比寿是司长福音的星晶兽，好像和福音、幸运、命运这些东西有些相同的性质。
23,,運命は誰にも支配出来ない。<br>同じように、<br>星晶獣ヱビスも誰の支配も受けない。,谁都无法控制命运。同样，星晶兽惠比寿也不会受任何人的控制。
24,,<span class='scene-font-spword'>星の民</span>であっても例外は無い。<br>ゆえにヱビスは誰にも制御できず、<br>こうして境界を漂っているんだ。,即使是星之民也不例外。因此，惠比寿不受控于任何人，就这样在境界上漂流。
25,,なぁ……<br>ひとつ、気になってたんだが……,呐......有一件事有点担心......
26,,あんた、その口ぶりからするに、<br>この境界に来る前は、<br>空の民だったのか？,以你的口调来看，在来境界之前是空之民吧？
27,,<span class='scene-font-katari'>ラカムの問いに対し、</span><br><span class='scene-font-katari'>境界の民はこともなげに頷く。</span>,对拉卡姆的提问时，他毫不介意地点头。
28,,そうだ。<br>境界の民を名乗っている者は、<br>そのほとんどが空の民なんだ。,是的。自称境界之民的人，几乎全都是空之民。
29,,逆に、福音の民は大半が<span class='scene-font-spword'>星の民</span>だ。<br>空の世界から姿をくらました連中の<br>一部というわけさ。,相反，福音之民的大半都是星之民。就是当时从空之世界失踪的一部分星之民。
30,,そう、あの襲撃を仕掛けてきた者もね。,哦对，昨天的那个袭击也是星之民。
31,,どうりで……,怪不得...
32,,向こうはすぐに<br>ビィ君とルリアちゃんに気付いたけど、<br>こっちでは誰もふれなかったものね。,虽然对方很快注意到了阿碧和露莉亚，但这边却谁都没发现。
33,,元々空の民は<span class='scene-font-spword'>星の民</span>に比べ、<br>世界の根幹について<br>知らないことが多い。,本来空之民和星之民比起来，对世界的本质了解的就不是太多。
34,,「小さな赤き竜」と「蒼の少女」<br>についても、<br>私達はあまり多くは知らないんだ。,对于“赤红幼龙”和“苍之少女”我们也不太了解。
35,,ただ、両者をつなぐ架け橋は、<br>世界の<span class='scene-font-spword'>“特異点”</span>となり、<br>その命運を左右する、とだけ……,我们仅仅知道，连接两者的桥梁，会成为世界的“特异点”，左右世界的命运......
36,,詳しいことが知りたきゃ、<br>アイツらに聞くしかねぇ、ってことか。,就是说想知道详情的话就去找那帮人吗。
37,,…………,............
38,,気にはなるが……<br>いま彼らに接触するのは、<br>あまり得策とは思えないな……,虽然有点在意......但现在去和他们进行接触并不是上策呢......
39,,あの様子だと、聞きに行ったからって、<br>そう簡単に教えてくれるとも<br>思えないもんね……,看那这样，就算去问他们，也不会这么简单就回答我们吧......
40,,だよなぁ……<br>それにいまは、空に戻ることで<br>いっぱいいっぱいだぜ……,就是啊......而且现在光是为了回到天上就手忙脚乱的......
41,,<span class='scene-font-katari'>ビィの言葉に、</span><br><span class='scene-font-katari'>ラカムは思い出したように手を打つ。</span>,听到碧的话，拉卡姆突然反应过来什么说道。
42,,おお、そうだ。それで？<br>誰にも支配出来ないヱビスの<br>「神火」をどうやって利用するんだ？,哦，对了。那什么？谁也无法控制惠比寿的话，该怎么利用“神火”呢？
43,,外側から刺激を与えて、<br>「神火」を誘発させる。,从外部给予刺激来诱发“神火”。
44,,星晶獣としては誰も支配出来ないが、<br>全く何の影響も<br>受けないわけではないからね。,虽然作为星晶兽来说，它不受任何人的控制，但并非不受任何外界影响。
45,,火山と同じ考え方でいいなら、<br>ただ待っててもいいんじゃないの？,把它当火山来考虑就好了，只是等待喷发的话不也可以吗？
46,,だって、ああいう火山って、<br>ある程度周期的に、<br>噴火を繰り返すものでしょ？,因为那种火山会周期性地进行喷发吧？
47,,お前……詳しいな。,你......真了解啊。
48,,ふふん……<br><span class='scene-font-place'>バルツ</span>の女を舐めないでよね！,呵呵...不要小瞧瓦尔兹的女人噢！
49,,<span class='scene-font-katari'>しかし、イオの提案に対し、</span><br><span class='scene-font-katari'>シトリは気まずそうに口を開く。</span>,然而，对伊欧的提案，志鸟尴尬地开口。
50,,この境界では誰も歳を取らない。<br>だから、待てなくはないだろうけど……,在这个境界，所有人的年纪都不会增长，光等也不是不行......
51,,ただ待っていたんじゃ、<br>かなり長い間、待ち続けることになる。,但那样会要等相当长一段时间。
52,,そして、話した通り、<br>境界が断絶されてるのは、<br>空間だけじゃなく時間もだ。,而且，正如之前所说，境界与外界所隔绝的，不仅是空间，也包括时间。
53,,自分の居た時代に戻りたいのなら、<br>あまり長居はおすすめ出来ない。,如果想回到自己的年代，最好不要呆太久。
54,,空の世界と時間がどうズレてしまうか、<br>わからないから…… <br>,因为不知道这里和空之世界的时间会怎样发生偏差......
55,,おじさんが「神火」でここを出たの、<br>貴方達が来る、<br>ほんのちょっと前だったんだよ。,大叔用“神火”脱离这里，就是你们来之前不久的事。
56,,だからあたし、<br>おじさんが戻ってきてくれたのかも、<br>って思ったもん。,所以我还以为是大叔回来了呢。
57,,ねぇ……<br>それってまさか……,呐......难道说......
57-sel1_txt,,<span class='scene-font-katari'>すれ違った、かも……</span>,说不定擦身而过了......
58,,君達の来たタイミングから考えると、<br>それは大いにあり得る。,从你们到达的时机来看，很有可能呢。
59,,<span class='scene-font-kokoro'>（あの時の感覚……</span><br><span class='scene-font-kokoro'>あれは間違いじゃなかったのね……）</span>,（当时的感觉......果然没错......）
60,,<span class='scene-font-kokoro'>（あの突き上げる突風……</span><br><span class='scene-font-kokoro'>あそこには、確かにあの人が……）</span>,（那阵向上的风......那个人确实就在那里......）
61,,で、でもよぅ！<br>そうすると、色々おかしくねーか？,但是！那样的话不是很奇怪吗？
62,,だって親父さんはここを出た後、<br><span class='scene-font-spword'>星の島</span>まで行って、<br>手紙を出して……,因为老爹是在离开这里之后才到达星之岛的，从那里寄出了信......
63,,でも、あそこでスレ違ったオイラ達は、<br>もうその手紙を持ってて……？,但是，在那里擦身而过的我们，已经有那封信了......？
64,,<span class='scene-font-katari'>混乱するビィを諭すように、</span><br><span class='scene-font-katari'>境界の民は優しく説明する。</span>,境界之民温柔地跟混乱的阿碧讲解。
65,,そういうことが、<br>この境界では起こり得るんだ。,这种情况在这个境界也是可能的。
66,,現に私は、<br>君達が覇空戦争と呼ぶ戦いの最中、<br>この境界に落ちてきたからね。,实际上，我就是在被你们称为霸空战争的战斗中，落到这个境界的。
67,,覇空戦争時代の住人だと……！？,竟然是霸空战争时代的住民......！ ？
68,,そこのシトリとミカも、<br>君達より、<br>ずいぶん前からここに居るが……,那边的志鸟和米卡，也比你们早很久就在这里了......
69,,もしかすると、<br>意外に君達と<br>同じ時代の生まれかもしれないよ。,但说不定是和你们同一时代出生的呢。
70,,あれ……？<br>かもしれない、って……,什么......？说不定是指......
71,,私とミカには、<br>境界に来るより前の記憶が無いんだ。,我和米卡，没有来到境界前的记忆。
72,,私はかろうじて、<br>一緒に流れ着いた<br>ミカのことを覚えていたけれど……,我只记得和我一起漂流到这儿的米卡的事了......
73,,あたしは、<br>この境界で目を覚ましたとき<br>何にも覚えてなかったんだ。,我在境界醒来的时候，都什么都不记得了。
74,,でもね！<br>あたしにはシトリがいるから！<br>あたしはそれだけで十分だよ。,但是！我有志鸟在我身边！对我来说就足够了。
75,,ミカ……,米卡....
81,,<span class='scene-font-katari'>こうして姬塔達は、</span><br><span class='scene-font-katari'>「神火」の誘発を待ちながら、</span><br><span class='scene-font-katari'>艇の補強を行っていたのだった。</span>,就这样姬塔一行人，一边等着诱发“火灾”，一边进行着骑空团的补强。
82,,ふぅ……<br>突貫工事だったが、<br>まぁまぁ形にはなってきたな。,呼呜 ......虽说是临时工事，也多少像样子了呢。
83,,いや、まだだ……,不，还没......
84,,「神火」の威力が<br>どんなもんかもわからねぇ……<br>出来ることはやっておかねぇとな。,还不知道“神火”的威力如何......要尽目前所能。
85,,とはいえ、<br>私達が倒れては元も子もない。<br>このあたりで少し休憩にしよう。,虽然这么说，我们要是累到了也就前功尽弃了。先干到这，稍微休息一会吧。
86,,そうね。<br>それにほら……,没错。而且你看......
87,,<span class='scene-font-katari'>ロゼッタが示した方向を見ると、</span><br><span class='scene-font-katari'>差し入れを持って駆け寄ってくる</span><br><span class='scene-font-katari'>シトリとミカの姿があった。</span>,往萝塞塔指的方向看去，是带着慰劳品的志鸟和米卡。
88,,お弁当～！<br>作ってきたよ～！,我们做了便当！
89,,口に合うかわからないけど、<br>もし良かったら……,不知道是否合胃口，如果不介意的话......
95,,はぐはぐはぐ……,哈咕哈咕哈咕......
96,,んぐっ、美味いな、これ！,呜，这个真好吃！
97,,何だか変わった味……<br>美味しいけど、<br>いままで食べたことないかも……,有点奇怪的味道......虽说很美味，也许是我们至今从未尝过的东西......
98,,私達の時代の料理だから、<br>君達には珍しい味付けかもしれない。,因为是我们那个时代的料理，说不定对你们来说是很少见的味道。
99,,シトリはね！<br>すっごく料理上手なんだよ！<br>ご飯もお菓子も、いっぱい作れるし！,志鸟可是很擅长料理的噢！不管是饭还是甜点都会做噢！
100,,わぁ……！　すごいです！<br>今度、私にも教えてくださいね！,哇......！好厉害！下次也请教教我！
101,,…………,............
102,,<span class='scene-font-katari'>シトリとミカの作った</span><br><span class='scene-font-katari'>差し入れを食べながら、</span><br><span class='scene-font-katari'>姬塔達は休憩を取っていた。</span>,一边吃着志鸟和米卡做的便当，姬塔一行人也稍微休息了会儿。
103,,いや、しかし、悪ぃな。<br>補強用の資材だけじゃなく、<br>差し入れまでもらっちまってよ。,不过，但是，真抱歉啊。不仅给我们补强用的材料，还给我们做便当。
104,,気にしないでほしい。<br>資材と言っても、<br>ここに流れ着いた騎空艇の残骸だし……,请不要介意。说是材料，也只是漂流到这里的骑空团的残骸而已......
105,,むしろ、<br>補強を手伝えなくて申し訳ない。,倒不如说不能没法帮你们进行补强作业很抱歉呢。
106,,「神火」を誘発させるためには、<br>その準備だけじゃなく、<br>「神火」の細かな調査も必要だから……,为了诱发“神火”，不仅要进行准备，还需要对它进行详细调查......
107,,気にすんなって！<br>世話になりっぱなしじゃあ、<br>こっちもきまりが悪ぃからよ！,别介意！给你们添了这么多麻烦，我们都要不好意思了！
107-sel1_txt,,<span class='scene-font-katari'>感謝してる</span>,十分感谢
107-sel2_txt,,<span class='scene-font-katari'>助かってる</span>,帮大忙了
108,,ありがとう……<br>そう言ってもらえると、<br>こちらも気が楽だ。,谢谢......能这么说我们也很高兴。
109,,<span class='scene-font-katari'>気が付けば、食事に飽きたのか、</span><br><span class='scene-font-katari'>ミカはビィを追い掛け回していた。</span>,可能是已经吃够了吧，反应过来发现米卡在追着阿碧跑。
110,,待ーてー！<br>捕まったら、お顔にバッテン書いて、<br>今度はビィの番ね！,等——下——！如果抓到你了，就在你脸上画叉，这回轮到阿碧了！
114,,ゥヒッ！<br>か、勘弁してくれ！,呜哇！饶、饶了我吧！
114-sel1_txt,,<span class='scene-font-katari'>ビィ、頑張れ！</span>,阿碧，加油！
114-sel2_txt,,<span class='scene-font-katari'>ミカちゃん、頑張れ！</span>,米卡，加油！
115,,応援してねーで、止めてくれよ！,别在那加油啊，快阻止她！
121,,ふふっ！　頑張る！,呵呵！我会努力的！
122,,待～て～！,等等〜！
124,,<span class='scene-font-katari'>元気に走り回るミカを見ながら、</span><br><span class='scene-font-katari'>シトリは安堵したような笑みをこぼす。</span>,看着充满活力四处跑的米卡，志鸟安心地露出了笑容。
125,,なんだか、<br>あの人が戻ってきたみたいだ……,就像，那个人回来了一样......
126,,あの人ともよく、<br>こうして外で食事をとっていたんだ。,和他也经常这样在外面吃饭。
127,,いい機会だし、<br>ここに居た間のあの人について、<br>お話、聞かせてもらえないかしら？,这也是一个好机会呢，在这里的这段时间，能给我们讲讲他的事吗？
128,,いいよ。<br>どこから話そうかな……,好的。该从哪里开始讲呢......
129,,<span class='scene-font-katari'>そう呟くとシトリは、</span><br><span class='scene-font-katari'>姬塔の父との、</span><br><span class='scene-font-katari'>出会いから話し始める。</span>,这么说着，志鸟从和姬塔的父亲相遇开始讲起。
130,,あの人は、<br>この境界に流れ着いたとき、<br>どこか焦った様子だったんだ。,那个人刚漂流到这里的时候，总有种急躁的样子。
130-sel1_txt,,<span class='scene-font-katari'>焦っていた？</span>,急躁？
131,,まぁ、空の底に落ちたと思って、<br>でも、知らない島に流れ着いたら、<br>焦りもするわよね……,也是吧，以为落到了天空的底部，结果却漂流到了未知的岛上，急躁也是正常的呢......
132,,いや、<br>あの人は、落ち着いてから<br>話してくれたんだけど……,不，他在冷静下来之后这么跟我说......
133,,この境界には、<br>自分の意思で狙って来たらしい。,我是自己目标这个境界而来的。
134,,どういう目的があったのかは、<br>最後まで話してくれなかったけど……,到底是什么目的，虽然最后都没说......
135,,でも、それ以外のことは、<br>色々教えてくれたんだ。,但除此以外的事，跟我们说了不少。
136,,<span class='scene-font-katari'>楽しかった思い出を語るように、</span><br><span class='scene-font-katari'>シトリは話を続ける。</span>,仿佛回忆起快乐的往事一般，志鸟继续说道。
137,,不思議な島の話とか、<br>とんでもない星晶獣との戦いとか……,像是不可思议的岛的事，与可怕的星晶兽战斗的事......
138,,楽しかったな……<br>まるで本物の<br>お父さんみたいだったんだ。,真开心啊......就像是真正的爸爸一样。
139,,あと、そうそう……<br>悪い奴らの話もしてくれたっけ。,还有，对了......也跟我们讲了坏人的事。
140,,空に戻ることがあれば、<br>「真王」には気をつけろ、って、<br>あの人は言ってたな。,如果回到天空的话，要小心“真王”，他是这么说的。
140-sel1_txt,,<span class='scene-font-katari'>真王！？</span>,真王！ ？
141,,それって確か……<br>あのグレートウォールで……,就是那个......在长城上......
142,,まさかここで、<br>再びその名を聞くことになるとはな……,没想到会在这里再听到那个名字......
143,,それに……<br>あの人が、「真王」に気をつけろ、<br>って言ってたのよね？,而且......那个人确实说了要小心“真王”吧？
144,,<span class='scene-font-katari'>シトリは頷いて肯定を示しながら、</span><br><span class='scene-font-katari'>ロゼッタの言葉に答える。</span>,对萝塞塔的话，志鸟点头肯定。
145,,理由は教えてくれなかった。<br>関わらずに済むのなら、<br>そのほうがいいから、って。,理由没跟我们说。如果能不跟真王扯上关系，那才更好，他这么说的。
146,,あの「真王」って奴は、<br>姬塔の親父さんの時代から、<br>何かしら動いてた、ってわけか……,就是说那个叫“真王”的家伙，从姬塔老爹的时代就开始有什么举动......
147,,<span class='scene-font-katari'>世代を超え、</span><br><span class='scene-font-katari'>自分達を取り巻く不穏な存在に、</span><br><span class='scene-font-katari'>警戒心を強める姬塔一行。</span>,跨越了时代，令众人陷入混乱的存在，对此姬塔一行人加强了警戒心。
153,,<span class='scene-font-katari'>そんな折、研究の甲斐あって、</span><br><span class='scene-font-katari'>徐々に「神火」の兆候が見られることが</span><br><span class='scene-font-katari'>境界の民から報告される。</span>,就在这时，境界之民报告，多亏了研究有效，逐渐能看到“神火”的征兆了。
154,,<span class='scene-font-katari'>元の空へ戻る準備が</span><br><span class='scene-font-katari'>着々と整いつつあることに、</span><br><span class='scene-font-katari'>一行は改めて気合いを入れるのだった。</span>,回到空之世界的准备慢慢步入轨道了，一行人觉得再次加把劲。
160,,<span class='scene-font-katari'>一方その頃、</span><br><span class='scene-font-katari'>福音の民達は</span><br><span class='scene-font-katari'>自分達の集落で頭を抱えていた。</span>,此时另一方面，福音之民在自己的村落里烦恼。
161,,くそっ……！<br>まさかあの男の子供が、<br>ここまでの力を持っているとは……,该死的......！没想到那个男人的孩子，竟然有这种程度的力量......
162,,何しろ<span class='scene-font-spword'>“特異点”</span>だ。<br>そう考えれば、あの強さも納得がいく。,不管怎么说都是“特异点”，这么想他的强大也能信服。
163,,問題はそこではない！<br>この境界に在る者は、<br>世界に対し、不干渉を貫くべきなのだ！,问题在这！在这个境界的人，应该贯彻对世界不加干预的方针！
164,,それを親子そろってあ奴らは……！<br>元の空に戻ろうなどと……,但是他们父子合起来......！回到原本的天空什么的......
165,,しかし、<br>奴らを止めようにも方法が……,但是能够阻止他们的方法......
168,,力を貸そうか？<br>もし、君達がいいならね。,要我帮忙吗？如果你们能接受的话。
169,,ロキ……！？<br>貴様、いつの間に……！,......！ ？洛基......！你这家伙什么时候...!
170,,そんなのどーだっていいだろ。<br>それより、<br>さっさと聞かれたことに答えろ。,那种事无所谓吧。赶紧回答刚才的话。
171,,だめだよ、フェンリル。<br>僕達は<br>脅しに来たわけじゃないんだから。,这可不行哦，芬里尔。我们可不是来威胁的。
172,,あー、はいはい……<br>相変わらずまだるっこしい……,啊，好吧好吧......还是一如既往拐弯抹角......
173,,<span class='scene-font-katari'>面倒そうに肩をすくめると、</span><br><span class='scene-font-katari'>フェンリルは、我関せずというように、</span><br><span class='scene-font-katari'>ロキの後ろに下がる。</span>,嫌麻烦地耸了耸肩，芬里尔一副与我无关的表情退到了洛基身后。
174,,何の用だ貴様……<br>何をしに来た？,你们有什么事......干什么来的？
175,,交渉。<br>君達、困ってるんだろう？,交涉。你们有麻烦了，不是吗？
176,,君達が取引に応じるなら、<br>僕があの騎空団を排除してあげるよ。,如果你们接受这笔交易的话，我就帮你们解决了那个骑空团。
177,,はっ……何を馬鹿な。<br>我々が手を焼く連中を、<br>貴様が排除するだと？,哈......什么蠢话。连我们都无可奈何的家伙，你们能解决掉？
178,,交渉に応じるには、<br>信用できる要素に<br>欠けているように思うが？,要接受这个交易，少了点能让我们信赖的要素吧？
179,,<span class='scene-font-katari'>福音の民の言葉に、</span><br><span class='scene-font-katari'>ロキはわずかに口の端を上げる。</span>,对福音之民的话，洛基的唇角微微翘起。
180,,……フェンリル。,.......芬里尔
181,,ん……,嗯......
192,,これでもまだ、<br>信用するには足りないかな？,这样还是缺乏信赖吗？
193,,き、貴様……！<br>その力は……,你，你这家伙......！那个力量是......
194,,<span class='scene-font-katari'>ロキの放つ威圧感に、</span><br><span class='scene-font-katari'>福音の民は、</span><br><span class='scene-font-katari'>自然と後ずさる。</span>,对洛基放出的威压感，福音之民不禁害怕。
195,,君達にはね、向こうの集落から、<br>ある子供を攫ってきてほしいんだ。,我希望你们能帮我从对面的村子抢走一个孩子。
196,,それだけでいい。<br>それだけで君達はもう、<br>頭を悩ませることはなくなるんだ。,只要这样就好了。只要这样，你们的烦恼就会消失了。
197,,簡単なお使いさ……出来るよね？,简单的任务......能做到吧？
198,,…………,............
199,,<span class='scene-font-katari'>圧倒的な力を前に、</span><br><span class='scene-font-katari'>福音の民は</span><br><span class='scene-font-katari'>ただ頷くことしか出来ない。</span>,在压倒性的力量之前，福音之民只能点头。
200,,<span class='scene-font-katari'>一行が脱出の準備を進める影で、</span><br><span class='scene-font-katari'>ロキもまた、</span><br><span class='scene-font-katari'>着々と己の計画を進めているのだった。</span>,在一行人进行脱离境界的准备时，洛基也在暗中推进着自己的计划。
info,,1,scene_cp112_q4_s10
,,,