id,name,detail
npc,萝莎米娅,3040087000
special,操符术・虚冥穿,光屬性伤害(特大)/ 受到面具诅咒时追加伤害/给予自己面具的诅咒
skill-1,活胄符・改贰,<div class=prt-text-small>自己不会受到伤害2回合/受到面具诅咒4回合<span class=text-blue>◆消耗自己HP最大値的25%</span></div>
skill-2,碎铠符・肆重,"对敌人造成光屬性伤害/防禦DOWN(累积,8%次, 上限30%)"
skill-3,陆踏符,"自己的连续攻击机率UP(DA+100%, TA+35)/敌对心大幅UP(+50)"
support-1,丧失的自我,"最大HP减少15% /在有面具诅咒的时候受到致命伤害会以1HP存活, 一场战斗只发动一次"
support-2,面具的浸透,受到面具诅咒时附加光屬性追撃効果(40%)
skill-lb,LB技能,"罕有地回避掉这回合的所有攻击(★+1%, ★★+3%, ★★★+5%)"
,,