id,en,jp,trans
0-chapter_name,,第78章　瘴気の歓待,第78章 瘴气之迎
0-synopsis,,ようやく全員と再会を果たせた姬塔一行。スツルムは、ひとり遅れて合流したドランクへ「自分のせいで」としおらしく詫びる。しかし次第に照れが勝ったのかいつも通りのやりとりをはじめる。そんなふたりを一行は温かく見守る。そして砦から脱出を果たす一行だったが、追って来たアニシダとハイラックに奇襲されてしまうのだった。,姬塔一行终于再次全员集结。斯特姆对只身汇合迟到的德朗克很老实地说出“都是自己的错”以道歉。但是接下来两人又用以往一样的对话方式交流了。众人都很亲切地看着这样的两人。然后一行人虽然得以逃脱，但是遭到追上来的阿妮西达和海拉克的袭击。
1,,イオちゃん！　オーキスちゃん！<br>オイゲンさんに、ロゼッタさんもっ！,伊欧酱！奥琪斯酱！欧根！萝赛塔也！
2,,……！,......！
3,,ルリアっ……！,露莉亚！
4,,<span class='scene-font-katari'>姬塔達は、</span><br><span class='scene-font-katari'>雪崩によってはぐれた仲間達と、</span><br><span class='scene-font-katari'>再会を果たし、互いの無事を喜び合う。</span>,<span class='scene-font-katari'>姬塔等人终于重新见到了因雪崩而分散的同伴，互相都为平安无事感到开心。</span>
5,,良かった……！<br>みんな、無事だったんですね！,太好了！看来大家都没事呢！
6,,おう。<br>オーキスちゃんが、あのゴーレム……<br>ロイドを咄嗟に盾にしてくれてな。,对！奥琪斯酱反应迅速，当场用她那个人偶...罗伊德当盾牌用了。
7,,オーキスちゃんの機転が無かったら、<br>アタシ達も危なかったかもしれないわ。,如果没有奥琪斯酱的应对，我们恐怕都会遇险呢。
8,,…………,............
9,,<span class='scene-font-katari'>オーキスは得意げな顔をするが、</span><br><span class='scene-font-katari'>すぐにハッとした様子で、</span><br><span class='scene-font-katari'>姬塔達に頭を下げる。</span>,<span class='scene-font-katari'>奥琪斯得意地笑了笑，然后突然向姬塔低下了头。</span>
10,,ごめん、なさい……<br>あの時、姬塔達を<br>助けてあげられなくて……,对.不起...那个时候，没有帮到姬塔你们。
10-sel1_txt,,<span class='scene-font-katari'>気にするな</span>,别介意
10-sel2_txt,,<span class='scene-font-katari'>それでもすごい</span>,即使如此也很厉害了
11,,ありがとう……<br>やっぱり、姬塔は優しい。,谢谢，果然姬塔很温柔呢。
12,,ロイドのおかげ……<br>いままで私は色々な人に、<br>守られてばかりだった……,都是多亏了罗伊德...一直以来我都只是受到各种各样人的保护。
13,,だから今度は……<br>私が……みんなを守る。,所以这一次，由我，保护大家。
14,,まずは無事に合流出来て何よりだ。<br>ハルの言う通り、<br>イオ達もこの砦に囚われていたんだな。,首先平安汇合比什么都好。哈尔说的没错，伊欧你们果然是被抓到这里来了。
15,,そう言えば、この人は……？,说起来，这个人是？
16,,<span class='scene-font-katari'>イオは不思議そうな顔で、</span><br><span class='scene-font-katari'>姬塔の傍らに立つハルを示す。</span>,<span class='scene-font-katari'>伊欧不可思议地指了指站在姬塔身边的哈尔。</span>
17,,こいつは、この<span class='scene-font-place'>白風の境</span>の住人だ。<br>俺達にとっちゃ恩人であり、<br>いまは依頼主だな。,这位是<span class='scene-font-place'>白风之境</span>的住民，是我们的恩人，不过现在也是委托者。
18,,えへへ……,诶嘿嘿......
19,,依頼……？,委托？
20,,詳しい話は後だ。<br>それより……,具体内容之后再说。比起那个...
21,,<span class='scene-font-katari'>スツルムは、</span><br><span class='scene-font-katari'>順に確認するようにイオ達を見やる。</span>,<span class='scene-font-katari'>斯特姆按顺序一个个看向伊欧等人。</span>
22,,ドランクは……どうした？,德朗克怎么了？
23,,えっ？　あれ……？,咦？怎么回事？
24,,<span class='scene-font-katari'>イオは慌てた様子で周囲を確認する。</span>,<span class='scene-font-katari'>伊欧慌张地确认周围。</span>
25,,あれ……？<br>牢屋の鍵を開けて、<br>あたし達を逃がしてくれて……,啊嘞？他打开了牢房门的锁，然后我们得以逃出来...
26,,それで、後ろから<br>あたし達を追ってきてると<br>思ってたけど……,然后我还以为他在后面追上我们呢。
27,,おいおい……<br>あいつまた、<br>ひとりでどっか行っちまったのか……？,喂喂，那个家伙又一个人跑到哪去了吗？
28,,まさか……<br>途中でここの兵隊さんに<br>捕まっちゃったとか……！？,难道途中被这里的士兵抓住了吗？
29,,っ……！！,っ……！！
30,,<span class='scene-font-katari'>咄嗟にスツルムは、</span><br><span class='scene-font-katari'>イオ達がやって来た方向へ走り始める。</span>,<span class='scene-font-katari'>斯特姆立刻跑向伊欧她们刚过来的方向。</span>
31,,<span class='scene-font-katari'>しかし、その背後から、</span><br><span class='scene-font-katari'>聞き馴染んだ</span><br><span class='scene-font-katari'>のんびりとした声がかかるのだった。</span>,<span class='scene-font-katari'>但是，一个已经听了很多次的悠哉的声音从她背后响起。</span>
32,,スツルム殿……<br>そんなに急いでどこ行くの？,斯特姆殿下，那么急着去哪呢？
33,,……！！,……！！
34,,やれやれ……<br>貴殿も無事だったようだな。,呀嘞呀嘞，看来你也没事啊。
35,,うん、まぁね～<br>砦の中を色々見ながら歩いてたら、<br>道に迷っちゃってさぁ～,唔嗯，算是吧~边走边看据点里的其他东西，不小心就迷路了~
36,,<span class='scene-font-katari'>照れ隠しのように指先を回しながら、</span><br><span class='scene-font-katari'>ドランクは続ける。</span>,<span class='scene-font-katari'>德朗克像是掩饰着自己的害羞似的转着手指，然后继续说道。</span>
37,,ごめんねぇ、スツルム殿。<br>なんか色々、<br>心配かけたみたいでさ……,斯特姆阁下，对不起。好像各种事都让你担心了。
38,,…………,............
39,,<span class='scene-font-katari'>スツルムは何も言うことなく、</span><br><span class='scene-font-katari'>ドランクへと近づいていく。</span>,<span class='scene-font-katari'>斯特姆什么都没说，靠近德朗克。</span>
40,,<span class='scene-font-katari'>それに対しドランクもまた、</span><br><span class='scene-font-katari'>スツルムへと手を伸ばす。</span>,<span class='scene-font-katari'>与之相对，德朗克向她伸出了手。</span>
41,,スツルム殿……,斯特姆阁下。
44,,ってぇ！？<br>なんで！？　なんで刺すの！？,疼！？为什么！？为什么刺我！？
45,,必要ない……お前は謝らなくていい。<br>謝るのはむしろ、あたしのほうだ……,不需要......你不必道歉。不如说应该由我向你道歉。
46,,<span class='scene-font-katari'>スツルムは項垂れるようにして、</span><br><span class='scene-font-katari'>ぽつりぽつりと言葉をこぼす。</span>,<span class='scene-font-katari'>斯特姆沮丧地低头，断断续续地挤出几句话。</span>
47,,あいつの一撃で気を失ってしまって、<br><span class='scene-font-place'>ザンクティンゼル</span>で、<br>お前を守れなかった……,我被那家伙一击击晕，在<span class='scene-font-place'>赞克汀泽</span>没能保护好你...
48,,弱い傭兵には、何の価値も無い……<br>あたしは、<br>あたしの役割を果たせなかった……,弱小的佣兵是没有价值的，我没能履行好自己的责任。
49,,お前には……<br>本当に……悪いことをした。,对你...真的...感到对不起。
50,,…………,............
51,,あの……<br>じゃ、なんで刺し……,那个...那么，为什么要刺我......
54,,いってぇ！？<br>だからなんで！？　なんで刺すの！？,好疼！所以为啥！？为啥刺我啊！！
55,,て、照れ隠しだ！<br>言わせるな、ばか！,掩饰自己的害羞！不要让我说出来啊，笨蛋！
56,,<span class='scene-font-katari'>姬塔達は騒がしいふたりを</span><br><span class='scene-font-katari'>温かく見守る。</span>,<span class='scene-font-katari'>姬塔等人很温柔只是在一旁看着两人起口角。</span>
57,,ふふ……<br>元通り、って感じですね！,ふふ……感觉回到过去的样子了呢！
58,,やれやれ……<br>やっと再会したかと思えば、<br>すぐこれだもんなぁ……,呀嘞呀嘞，刚刚重逢马上就变回这样子了。
59,,けれど……<br>あまりゆっくりは、<br>していられなさそうね。,但是，现在似乎不能慢悠悠闲聊的样子呢。
60,,<span class='scene-font-katari'>ロゼッタの言葉に一同が耳を澄ますと、</span><br><span class='scene-font-katari'>無数の軍靴の音が</span><br><span class='scene-font-katari'>通路の両側から響いてくる。</span>,<span class='scene-font-katari'>萝赛塔的话让大家竖起了耳朵，然后无数军靴的声音从道路两侧传来。</span>
61,,ここは敵さんの懐、<br>ど真ん中だからな……,这里是敌人大本营的正中啊。
62,,全員合流出来たんだ。<br>こんなとこ、とっとと抜け出すぞ！,既然全员已经集合了，赶紧离开这个地方吧！
68,,はぁ……はぁ……<br>こ、ここまで来れば、<br>あと少しですね！,哈...哈......到这里之后，只差一点路了。
69,,<span class='scene-font-katari'>押し寄せる兵士達を退けながら、</span><br><span class='scene-font-katari'>姬塔一行は、</span><br><span class='scene-font-katari'>イスタバイオン軍の砦を脱出する。</span>,<span class='scene-font-katari'>众人击退涌出的士兵后，从伊斯塔拜恩军的据点中逃了出来。</span>
70,,<span class='scene-font-katari'>しかし、その背後から、</span><br><span class='scene-font-katari'>鋭く一行を呼び止める声が突き刺さる。</span>,<span class='scene-font-katari'>但是身后传来命令众人停下脚步的声音。</span>
71,,――そう簡単に<br>逃がすと思ってんのかい？,——以为会那么容易就让你们逃了吗。
72,,お前はッ……！！,你是！！
73,,危ういところでした……<br>この砦に直接乗り込んでくるとは、<br>思いもしませんでしたよ。,变成紧急事态了。实在是没想到你们竟然能直接冲进要塞。
74,,はっ……当たり前だろ。<br>仲間取り返そうってのに、<br>それが何処かなんて関係あるかよ。,哼，这是当然的。为了夺回同伴，去哪又有何妨。
75,,何処だろうと助けに行く……<br>それが仲間ってもんだろうが。,无论在哪都要去救出来，这才是真正的伙伴啊。
76,,うん……？<br>なんかアタシが聞いてたのと、<br>ちょっと面子が違うなぁ……,嗯？好像和我听说的印象有点不一样啊。
77,,<span class='scene-font-katari'>そう言ってアニシダは、</span><br><span class='scene-font-katari'>身構えるハルに目をやる。</span>,<span class='scene-font-katari'>阿妮西达边说边看向摆好架势的哈尔。</span>
78,,ま、いいか……<br>詳しいことは、もう一回捕まえてから<br>聞けばいいことだし……,嘛，算了。详细的等我们把你们再抓起来一次问就好了。
79,,それで……<br>君が例の……星晶獣殺しの子供だね？,然后，你就是传闻中那个“星晶兽杀手”的孩子吗？
80,,っ……！<br>あの人を気安くそんな名前で<br>呼ばないでくれるかしら……！！,っ……！可以请你们不要这么随便地称呼那个名字吗？
80-sel1_txt,,<span class='scene-font-katari'>星晶獣殺し？</span>,星晶兽杀手？
80-sel2_txt,,<span class='scene-font-katari'>落ち着こう</span>,冷静一下
81,,ん？　ああ……<br>あんまりよく知らないのかな？,嗯？啊...你们看来不太清楚啊。
82,,そうだなぁ……<br>アタシ達と一緒に来てくれれば、<br>色々教えてあげないこともないよ？,对啊，如果和我们一起过来的话，也不是不可以告诉你们各种事情哦。
83,,ちょ、ちょっと待てよ！<br>さっきまでオイラ達の仲間を<br>捕まえておいて、なに言ってんだよ！,等一下！刚才说把我们抓起来，到底是想搞什么呀？
84,,ははっ……<br>大丈夫大丈夫……<br>冗談だから、そう慌てなさんな、って。,哈哈，没事没事。开个玩笑而已，别那么慌张啊。
85,,っ……<br>そう……そうね。<br>らしくないわよね……,嗯，是，是的。对的。真是不成体面呢......
86,,でもね、姬塔さん……<br>アタシにだって、<br>譲れないものがあるの……,但是，姬塔啊，我也有不可让步的事情的。
87,,あの人の旅を……<br>あの人が成してきたことを侮辱するのは、<br>誰であろうと、許さないわ……！,无论是谁，诋毁那个人的旅程...诋毁他所做的事，都不可原谅！
88,,ともあれ……<br>ここで大人しく<br>投降するつもりはないようですね。,不管怎样，看来是不打算老老实实投降呢。
89,,まぁ……<br>我々も元よりそのような展開は<br>期待していませんが……,嘛，我们本来也没有预想会这么发展就是了。
90,,しかし……<br>あくまで抵抗するとあらば、<br>力をもって屈服させるまでです。,但是，无论如何也要抵抗的话，就用力量让你们屈服。
91,,再度の確認になりますが、<br>投降の意思無し、とみなして……,最后确认一次，你们不打算投降吧？
92,,あーもー……<br>相変わらずお前は回りくどいなぁ……<br>そんなんじゃ女の子にモテないぞ。,啊，真是的。你还是老样子啰啰嗦嗦的啊，那个样子可不招女孩子喜欢哦。
93,,アニシダ……！？<br>いや、ちょっとそれ、<br>いま関係ないでしょう！？,阿妮西达！？不，等等，那个和现在的情况没有关系吧？
94,,まぁね～<br>でも、回りくどいよ、ホントにさ。,确实呢~但是，说话绕圈子是真的。
95,,わざわざ瘴流域の中の砦にまで<br>助けに来たんだ。<br>引き下がる気は無いだろ？,特意来到瘴流域内的据点来救同伴，当然不会就此作罢的咯？
96,,<span class='scene-font-katari'>アニシダの挑発的な言葉に、</span><br><span class='scene-font-katari'>姬塔は静かに頷く。</span>,<span class='scene-font-katari'>对于阿妮西达的挑衅，姬塔冷静地点头。</span>
97,,そう！　それでいいんだ！<br>だったらお喋りはこれで終わり……,对！这就好了！所以交谈就到此为止。
100,,ここから先は、<br>互いに死力を尽くして、<br>思う存分やり合おうじゃないか……！！,从这开始就让彼此用出全力，尽情地厮杀吧！
info,,1,scene_cp78_q4_s10
,,,