id,name,detail
npc,该隐,3040171000
special,绝袭·太极阵,土属性伤害(特大)/延长技能「兵贵神速」效果2回合
skill-1,阔达自在之计,<span class=prt-text-small>敌方单体攻击DOWN(25%)/防御DOWN(25%，单面)/伏计效果，负面效果抗性DOWN(10%)</span>
skill-2,兵贵神速,<span class=prt-text-small>我方全体获得特殊强化效果(攻击30%UP/二连击率20%UP/三连击率10%UP)</span>
skill-3,八卦斩·生门,对敌人造成8次土属性伤害，目标随机/奥义值上升(20%)
support-1,十面埋伏,对伏计效果中的敌人使用奥义后，我方全体获得土属性追击效果(20%)
support-2,伊提巴的麒麟儿,兵贵神速效果中，攻击20%UP/二连击率15%~20%UP/10%奥义上限UP
skill-lb,LB技能,减轻伏计效果中的敌人造成的伤害
,,