id,en,jp,trans
0-chapter_name,,ジェミニ?大河編,杰米妮·大河篇
0-synopsis,,戦いの果てに倒れたジェミニ。命に別状はないものの、ジェミニの危機を目の当たりにした新次郎は自らの力不足を悔やみ、隊長失格だと口にする。しかし、ラカムは新次郎を熱く励まし、回復したジェミニには修理を施した霊子甲冑の試運転を頼む。そんな折、降魔の襲来を報せる警報が鳴り響き、新次郎とジェミニは決戦に臨む覚悟を固めるのだった。,在战斗中杰米妮倒了下去。虽然没有大碍，但是新次郎痛恨自己让杰米妮遇到危机，自己却能力不足，是一个不称职的队长。但是拉卡姆积极地鼓励新次郎，让回复后的杰米妮试乘修理后的灵子甲胄。正当此时，降魔袭击的警报响了起来，新次郎和杰米妮坚定了面临决战的觉悟。
0,,<span class='scene-font-katari'>戦いの果てに倒れたジェミニ。</span><br><span class='scene-font-katari'>その命に別状はなく、</span><br><span class='scene-font-katari'>治療は順調に進んでいたが……</span>,<span class='scene-font-katari'>杰米妮在战斗中负伤倒下。</span><br><span class='scene-font-katari'>生命没有大碍，</span><br><span class='scene-font-katari'>治疗也顺利进行，但是……</span>
1,,…………,…………
2,,<span class='scene-font-katari'>ジェミニの危機を目の当たりにした</span><br><span class='scene-font-katari'>新次郎は、</span><br><span class='scene-font-katari'>ひどく悔やんでいる様子だった。</span>,<span class='scene-font-katari'>让杰米妮遇到这样的危机</span><br><span class='scene-font-katari'>新次郎十分地悔恨。</span><br><span class='scene-font-katari'></span>
3,,あー……シンジロー。,啊……新次郎。
4,,…………,…………
5,,……長かったな、今日一日よ。,……今天这一天可真长呢。
6,,はい……,是的……
7,,ジェミニの事、その……辛いか……,关于杰米妮，那个……很痛苦吗……
8,,…………,…………
9,,霊子甲冑なしに降魔と戦えば<br>犠牲は免れません……<br>だから、ジェミニに頼ってばかり……,没有灵子甲胄与降魔战斗<br>出现牺牲在所难免……<br>所以我尽是依靠杰米妮……
10,,みんなを守りたいがために、<br>ジェミニ一人に負担をかけた結果が<br>これです……,为了守护好大家，<br>让杰米妮一个人担下重责的结果<br>就是这样……
11,,仲間を守れないぼくは……<br>隊長失格って……言われちゃいますね。,没能好好保护好同伴的我……<br>可以说是……不称职的队长吧。
12,,あぁ！？　ンなわけねえだろ！,啊！？怎么可能！
13,,え……,诶……
14,,確かにジェミニは<br>危なかったかもしれねえが、<br>お前の戦い方は間違ってねえんだよ！,的确当时杰米妮很危险，<br>但是你的战斗方式没有任何问题啊！<br>
15,,現にお前、今まで怪我人は出しても<br>犠牲者は出さなかったじゃねえか！<br>守り切るって宣言した通りによ！,就说现在，就算有人负伤但是没有出现牺牲者啊！<br>这就和你宣称的一样保护好大家了啊！<br>
16,,…………！,…………！
17,,いいか？　この状況で<br>そんな理想貫き通した奴は他にいねえ！<br>だからさ……なんつうか、その……,听好了，在这种状况下<br>还能贯彻那样理想状况的没有其他人了！<br>所以说……怎么讲呢，那个……
18,,降魔相手に生身の連中が戦うってのは<br>お前にとっちゃ信じられねえような<br>状況なんだと思うが……,虽然对付降魔只靠肉身<br>可能是个无法想象的状况……<br>
19,,まあ、俺達もスターには劣るが<br>そうそうヤワじゃねえ。<br>だから少しはこっちもアテにしろ、な？,不过，我们比起Star虽然弱了点<br>但也不是什么杂鱼。<br>所以你也依靠下我们，好吗。
20,,ラカムさん……,拉卡姆先生……
21,,とにかく、お前は間違ってねえ！<br>ジェミニもそう思ったから<br>お前を信じてついてったんだと思うぜ。,总之你没有做错事情！<br>杰米妮也这样想的<br>我想一直都相信着你的。
22,,あ……わりい、説教なんて<br>ガラじゃねえな。,啊……抱歉，<br>我不太擅长说教啥的。
23,,ラカムさん、どうして……？,拉卡姆先生，为什么……？
24,,俺も……<br>その、一回折れちまった事があってよ。<br>そん時ゃ自信なくしてな。後悔もした。,我也……<br>那什么，载过一次跟头。<br>那时候真是没有自信。也十分后悔。
25,,だから熱くなっちまった……<br>わりいな。……部品、見てくるわ。,所以这才激动了起来……<br>抱歉啊。……我去找找零件。
27,,<span class='scene-font-kokoro'>（……紐育で色んな人に</span><br><span class='scene-font-kokoro'>言われた言葉を思い出すな……）</span>,<span class='scene-font-kokoro'>（……让我想起了在纽约时</span><br><span class='scene-font-kokoro'>各位对我说过的话啊……）</span>
28,,<span class='scene-font-kokoro'>（自分を信じろ……か。）</span>,<span class='scene-font-kokoro'>（要相信自己……吗。）</span>
31,,<span class='scene-font-katari'>自室に戻った新次郎。テーブルの上には</span><br><span class='scene-font-katari'>布のかかった皿が乗っていた。</span>,<span class='scene-font-katari'>新次郎回到了自己房间。</span><br><span class='scene-font-katari'>桌子上还摆着蒙着布的盘子。</span>
32,,ジェミニ……,杰米妮……
33,,<span class='scene-font-katari'>布の下には、食べそこねた朝食の</span><br><span class='scene-font-katari'>ステーキがあった。</span>,<span class='scene-font-katari'>布盖着的是还没吃到的</span><br><span class='scene-font-katari'>作为早饭的牛排。</span>
34,,<span class='scene-font-katari'>ジェミニが新次郎を元気づけるために</span><br><span class='scene-font-katari'>用意したそれを睨みつけ、おもむろに</span><br><span class='scene-font-katari'>かぶりつく新次郎。</span>,<span class='scene-font-katari'>盯着杰米妮让自己打起精神</span><br><span class='scene-font-katari'>而准备的牛排，</span><br><span class='scene-font-katari'>新次郎不禁狼吞虎咽起来。</span>
35,,もぐもぐ……！<br>んぐっ！　んぐぐ,……！
36,,ぷはっ……！,噗哈……！
37,,……もう一度、<br>作戦を練り直そう！,……再重新思考一下作战吧！
38,,ジェミニだけじゃない……<br>みんなの力をちゃんと分析して、<br>全てを戦力として考えるんだ！,不光是杰米妮……<br>必须得好好分析各位的能力，<br>全部算作战力！
39,,紐育華撃団の名にかけて<br>一人の犠牲者も出さない……<br>出させるもんか！,赌上纽约华击团之名<br>不能出现任何一名牺牲者……<br>不能出现！
45,,ラカムさん……,拉卡姆先生……
46,,おいおい……<br>怪我は平気なのか？,喂喂……<br>你的伤没事吗？
47,,ボクは大丈夫。<br>ちゃんと治してもらったから。<br>……新次郎は？,我没问题的。<br>都好好接受治疗了。<br>……新次郎呢？
48,,心配すんな。<br>お前のステーキ食って<br>やる気出してたよ。,别担心。<br>他吃了你的牛排后<br>恢复干劲了哦。
49,,新次郎……,新次郎……
50,,なあジェミニ。<br>あいつが心配とは思うが、<br>ちょっとつきあってくれ。,我说杰米妮。<br>虽然你也担心那家伙，<br>现在先跟我来。
51,,えっ……,诶……
52,,やっと部品の補正が終わったんだ。<br>回してみてくれよ。,零件的补充终于结束了。<br>你试着启动看看。
53,,ボクのスター、直ったの！？<br>また飛べるの！？,我的Star修好了吗！？<br>又能飞了吗！？
54,,待て待て！　いいか？<br>喜ぶのはちゃんと動作見てからだ！,等等等等！听好了，<br>先测试好功能后再高兴才行！
55,,よかった……<br>ボクのスター、帰ってきたんだ！,太好了……<br>我的Star回来了！
56,,ありがとう！　ラカムさん！<br>スターが飛べるようになれば、<br>ボク、もう負けないよ！,谢谢你！拉卡姆先生！<br>如果Star能飞行的话，<br>我再也不会输了！
58,,出やがったか……,出来了吗……
59,,なあジェミニ、<br>まだ全部調整が済んだとは言えねえ。<br>くれぐれも無茶はすんなよ？,我说杰米妮，<br>没有人说全部调整都结束了。<br>你可千万别太乱来哦？
60,,……ジェミニ！<br>もう大丈夫なの！？,……杰米妮！<br>你已经没事了吗！？
61,,うん、大丈夫！　スターもね！<br>ボク、絶対に新次郎を守る！<br>もう心配もかけないよ！,嗯，没事了！Star也是！<br>我绝对要保护好新次郎！<br>不会让你再担心了哟！
62,,うん！　勝とう！<br>みんなの力で！,嗯！靠大家的力量！<br>一起取得胜利吧！
63,,紐育華撃団、レディー?ゴー！,纽约华击团，Ready go！
64,,イエッサー！,Yes sir！
65,,フフフ……<br>その最新型霊子甲冑、<br>ここで撃破してくれよう……,哼哼哼……<br>那最新型的灵子甲胄，<br>让我在这就击破吧……
66,,新型を失った<br>貴様らの絶望を喰らい、<br>その怨念を降魔となすのだ！,失去了新型号后<br>你们心中的绝望，<br>那份怨念将成为降魔！
info,,1,scene_evt160506_cp3_q3_s20
,,,