id,en,jp,trans
0-synopsis,,謎の少女、ルリアを追って、ふたりの軍人が姿を現す。女騎士であるカタリナはルリアを守ろうとするが、ポンメルン大尉は少年もろともルリアに危害を加えようとする。,两个追着神秘少女露莉亚的军人出现。女骑士卡塔莉娜想要保护露莉亚，而伯梅伦上尉却想加害少年和露莉亚。
1,,ぐは……ッ！<br>ガキのくせに、コイツ……！,唔啊……！这家伙、明明是个小鬼……！
2,,…………,
3,,どうだッ！<br>さっすがだぜぇ～！<br>惚れ惚れする剣の腕だなぁ！,怎么样！真不愧是你！剑法看得咱都入迷了！
4,,クソッ……<br>このままで済むと思うな……！,可恶……别以为这就完了……！
7,,仲間か！？<br>注意しろぉ！,还有同伙吗！？小心点！
9,,<span class='scene-font-4'>――ルリアッ！　無事か！？</span>,<span class='scene-font-4'>――露莉亚！　你没事吧！？</span>
10,,カタリナ！<br>私……私……,卡塔莉娜！我……我……
11,,怪我はないようだな。<br>君達がルリアを守ってくれたのか？,好像没受伤呢。是你们保护了露莉亚吗？
12,,守るっつーか、なぁ？<br>あの兵士達、オイラ達のことも、<br>狙ってくるもんだから……,与其说我们保护了她……那些士兵，都已经朝我们进攻了……
13,,あのね、あのね！<br>あの人、私を助けてくれて……<br>すっごくカッコ良かったんだよ！,听我说，听我说！他救了我……超帅气的！
14,,そうか……<br>とにかく、無事で良かった。,是吗……总之你没事就好。
15,,んと、それでよぅ……<br>アンタらは一体なんなんだ？,于是，那个啥……你们到底是？
16,,さっきのヤツらの<br>仲間ってワケじゃあ<br>なさそうだけどよ。,好像和刚才那些人又不是一伙的。
17,,失礼した。<br>私は、カタリナ・アリゼと言う。,失礼了。我叫卡塔莉娜·亚利泽。
18,,この子はルリア。<br>助けてくれて感謝する。<br>私からも礼を言わせてくれ。,她叫露莉亚。谢谢你们救了她。我也要向你们道谢。
19,,君も……<br>よかったら名前を教えてくれないか。,可以的话……也告诉我你叫什么名字吧。
20,,オイラはビィってんだ！<br>で、二人はどっから来たんだ？<br>あの兵士に追われてんのか？,咱是阿碧！那你们是从哪儿来的？那些士兵在追你们吗？
21,,ど、どこから？<br>ええと……,从、从哪儿来的？嗯……
22,,…………<br>そうだ、追われている。,…………没错，他们在追捕我们。
23,,なので、ここは危険だ。<br>またあの兵士達が来るだろう。<br>君達は早く――,所以，这里很危险。应该还会有士兵追来吧。你们也赶紧——
24,,<span class='scene-font-4'>カタリナ中尉ィ！</span>,<span class='scene-font-4'>卡塔莉娜中尉！</span>
25,,<span class='scene-font-katari'>兵士と比べても一際背の高いその男は、</span><br><span class='scene-font-katari'>複数の手下を付き従え、</span><br><span class='scene-font-katari'>ゆっくりと近づいてくる。</span>,<span class='scene-font-katari'>一个比士兵还高出许多的男子，率领几个手下徐徐逼近。</span>
27,,なぁ～にをこんなところで<br>道草を食ってるんですかネェ？<br>中尉ともあろう者が単独行動ですカ？,你在这种地方闲逛什么？你一个中尉，还单独行动？
28,,ポンメルン大尉……！<br>も、申し訳ありません。<br>ただちにルリアの保護を……,伯梅伦上尉……！十、十分抱歉。我这就带露莉亚回去……
29,,まったく白々しいですネェ！<br>少女を逃がしたのは貴女でしょうゥ？,还真敢厚着脸皮说话！放她逃走的，不就是你吗？
30,,偉大なるエルステ帝国に<br>楯突こうだなんて、いい度胸ですネェ！,竟敢反抗伟大的埃尔斯特帝国，好大的胆子！
31,,…………,
32,,機密の少女の観察役を賜っておきながら<br>この仕打ち！<br>宰相閣下がどれだけ失望なさるか……,宰相阁下亲自指派你来观察机密少女，你却搞出这种名堂！她该多失望啊……
33,,貴女なら事の重大さを<br>理解しているハズですネェ！？,你应该明白事情的重要性吧！？
34,,星晶獣を制御するために<br>その少女は必要不可欠ですからネェ！<br>……背任は重罪ですよォ？,为了驾驭星晶兽，那少女是必不可少的！……渎职可是重罪啊！？
35,,大尉……星晶獣を私達人間が、<br>それも軍事にその力を利用しようと<br>いうのは危険すぎるかと……,上尉……我认为我们人类去驾驭星晶兽，而且还是军事用途，有些过于危险了……
36,,星晶獣は<span class='scene-font-spword'>星の民</span>の遺産……<br>かつての大戦で空を焼いた<br>恐ろしい兵器です。,星晶兽是<span class='scene-font-spword'>星之民</span>的遗产……曾在大战中使天空焦灼，是非常可怕的武器。
37,,その力や正体は<br>まだわからないことも多く、<br>人の手で制御するには――,其力量的来源还疑点重重，这样草率地由人去驾驭——
38,,話題をすり替えないでほしいですネェ！,别想转移话题！
39,,まったく……これ以上くだらない事に<br>時間を費やしたくありませんネェ。<br>てっとり早くやるとしますかネェ……,真是的……我不想再在这种无聊的事情上浪费时间了。还是干脆一点吧……
40,,クッククク……ここほどの辺境なら<br>村ごと消し去ってしまえば<br>足がつくことはありませんからネェ！,哼哼哼哼……把这种边境上的村子整个灭了，想必也不会留下蛛丝马迹！
41,,んだとぉ……！？,你说什么……！？
42,,邪魔者は排除するのみィィ！<br>星晶獣を従える力は<br>帝国のものなのですからネェ！,碍事的家伙全部除掉！能够制服星晶兽的力量是属于帝国的！
43,,<span class='scene-font-4'>ヒドラを出しなさいィィィ！</span>,<span class='scene-font-4'>放海德拉出来！</span>
45,,<span class='scene-font-4'>はっ！</span>,<span class='scene-font-4'>是！</span>
48,,ヒドラ……？<br>まさか！,海德拉……？难道是！
49,,そのまさかですよォ、中尉ィ！<br>貴女にもちゃあんと<br>責任をとってもらいますからネェ！,不错，就是你想的那样啊中尉！你也给我担起责任！
50,,ヒドラを使う！<br>散開して後方に陣を張れ！,使用海德拉！人员散开，在后方维持阵型！
55,,"<span class='scene-font-4'>グオオォォッ！！</span> ",<span class='scene-font-4'>咕哦哦哦哦哦！！</span>
56,,こんな化け物どこから……！？<br>あのヒゲのおっさんが<br>連れてきたってのかぁ！？,这怪物从哪儿来的……！？是那胡子大叔牵来的！？
57,,カタリナ……！,卡塔莉娜……！
58,,本当に……<br>この島ごと焼き払うつもりか。,你真的打算……把整座岛都烧光吗。
59,,そこまでしてルリアの力を<br>利用しようというのか！？　帝国は！,帝国可以为了得到露莉亚的力量做出这种事吗！？
60,,だからそうだと言っているでしょう。<br>帝国が全空の支配者となるための<br>礎として必要なのですからネェ。,我不已经说了么。这是帝国支配全空的基础啊。
61,,その研究の一環として、<br>この島にある<br>星晶の祠を探しにきたわけですが……,原本是作为研究的一环，来寻找这座岛屿上的星晶祠……
62,,まさかそれに乗じて脱走を図るなど<br>出鼻をくじかれた気分ですよォ！,没想到你们企图趁机逃跑，把我的计划全打乱了！
63,,カタリナ……<br>ごめんなさい、私がわがままを<br>言ったせいでこんなことに……,卡塔莉娜……对不起，都怪我提出任性的要求，现在事情变成这样……
64,,ルリア。<br>外の世界を見せると約束したんだ。<br>必ず約束は守ってみせるよ。,露莉亚。我和你约定过，要让你看看外面的世界。我绝对会遵守约定的。
65,,<span class='scene-font-4'>グルルルゥゥ！！</span>,<span class='scene-font-4'>咕呜呜呜呜呜！！</span>
66,,！！,
67,,オイオイ……<br>やるってのか、アイツと！？,喂喂……要和那家伙战斗吗！？
67-sel1_txt,,<span class='scene-font-katari'>助けなきゃ！</span>,<span class='scene-font-katari'>得救她们啊！</span>
67-sel2_txt,,<span class='scene-font-katari'>やるしかない！</span>,<span class='scene-font-katari'>也只有上了！</span>
68,,フン……！<br>どいつもこいつも、現実ってものが<br>見えてないようですネェ……,哼……！看来你们几个，都看不见所谓的现实啊……
69,,<span class='scene-font-4'>ヒドラァァ！</span><br><span class='scene-font-4'>まずはそこのガキからだ！</span>,<span class='scene-font-4'>海德拉！先从这个小鬼下手！</span>
70,,<span class='scene-font-4'>血祭りにあげて</span><br><span class='scene-font-4'>差し上げなさいィ！</span>,<span class='scene-font-4'>把他们都给我血祭了！</span>
71,,<span class='scene-font-4'>グルルオオォォ！！</span>,
76,,<span class='scene-font-5'>！！</span>,<span class='scene-font-4'>咕哦哦哦哦哦哦！！</span>
81,,っ――……,啊——……
82,,なッ！？<br>おい！　<span class='nickname'></span>！<br>し、しっかりしろよ、おい！,什么！？喂！<span class='nickname'></span>！你、你振作点啊、喂！
83,,ククククッ！<br>なんとあっけないィィ……！,哼哼哼哼！真是无趣……！
84,,み、民間人、それも子供を……<br>ポンメルン！<br>貴様、どこまで腐った！？,你竟然杀害普通人、还是个孩子……伯梅伦！你竟然堕落至此！
85,,なぁ、<span class='nickname'></span>！<br>う、嘘だろ？　冗談だよな？<br>返事しろよ、なぁ！　おい！,喂、<span class='nickname'></span>！骗、骗人的吧？假的吧？快说话啊、喂！喂！
87,,……だい……じょうぶ、だから。,……没事……没关系的。
88,,この光は……！？,这光芒是……！？
89,,村の祠の星晶が……反応してやがる。<br>この嬢ちゃん……！,村里祠堂的星晶……有了反应。这女孩……！
90,,ほう……！<br>これが例の祠だったわけですネェ……,哦……？这就是那个祠堂……
91,,し、しかし……<br>これはいったいィィ……！？,可、可是……这究竟……！？
92,,大丈夫……,没事的……
93,,<span class='nickname'></span>……<br>私の力……あなたに預けます……！,<span class='nickname'></span>……我将我的力量，传给你……！
info,,1,scene_tutorial01
,,,