id,name,detail
npc,グレア,3040179000
special,マッドネスクリーヴ,水属性伤害(特大，4.5倍)/对象有龙之力状态时性能UP(伤害50%，上限20%)/自己的奥义槽UP(20%)
skill-1,マナ・ドラグアグニ,对敌人造成水属性伤害(3.5-4.5倍)/赋予龙之力
skill-2,ブレイズデュオ,使自己与一个队员获得二重唱効果　<span class=text-blue>◆二重唱效果只能赋予一名队友</span>
skill-3,ドラグハート,<div class=prt-text-small>效果持续中必然三连击/提升暴击几率(50%，1.2倍)　<span class=text-blue>◆消耗30％奥义槽/同时赋予持有二重唱效果的队友</span></div>
support-1,炎術式,对有龙之力状态的敌人伤害UP(50%)/追击効果(20%)
support-2,ひとときの連弾,有二重唱效果的自己与队友奥义伤害UP(50%)/奥义伤害上限UP(30%)/再生(5%，上限300)/高扬効果(15%)
active,0,
,,