id,name,text,trans
0,カタリナ/卡塔莉娜,――ふむ、一通りの武器が<br>手に入ったようだな。,――嗯，看来拿到了一套武器啊。
1,シェロカルテ/榭洛科特,武器には、基本的なものとして<br>剣、短剣、槍、斧、杖、銃、格闘具など<br>色々な種類がありまして～,武器基本上有剑、短剑、枪、斧、杖、铳、格斗等很多种类～
2,シェロカルテ/榭洛科特,他にも扱いが難しいものとして<br>弓、楽器、刀……といった武器も含め<br>全部で10種類ほどがありますよ～<br>,还有其他比较难使用的弓、乐器、刀……包含这些在内一共有10种哦～<br>
3,シェロカルテ/榭洛科特,自分のジョブによって、<br>得意武器の種類が変わるから、<br>要注意です～,根据自己的职业不同，得意武器的种类也会有变化，需要注意～
4,カタリナ/卡塔莉娜,やったぞ！<br>召喚石も手に入っているな！,太棒了！<br>召唤石也拿到了啊！
5,カタリナ/卡塔莉娜,これはバトルで、<br>星晶獣を呼ぶために必要なものだ。<br>バトルの流れを大きく左右するぞ。,这是在战斗中呼唤星晶兽所必需的的东西。<br>会大大的影响战斗的走向。
6,シェロカルテ/榭洛科特,武器も召喚石も、<br>装備しないと意味がないので、<br>これまた要注意です～,武器和召唤石都是不装备上就没用的，所以这也是需要注意的一点～
7,シェロカルテ/榭洛科特,それじゃぁ、さっそく<br>ここで装備していっちゃいましょ～！,那么就赶快在这里都装备上吧～！
info,,,scene_tutorial05
,,,