id,name,detail
npc,尤格多拉希尔,3040125000
special,世界轴,土属性伤害(特大)/奥义值UP(20%)
skill-1,小小的花儿・诺恩,<div class=prt-text-small>我方全体攻撃UP(20%)/防御UP(20%)/奥义值上升量UP(+20%)<span class=text-blue>　◆消耗10%奥义值</span></div>
skill-1+,小小的花儿・诺恩,<div class=prt-text-small>我方全体攻撃UP(25%)/防御UP(25%)/奥义值上升量UP(+25%)<span class=text-blue>　◆消耗10%奥义值</span></div>
skill-2,金字形神塔,<div class=prt-text-small>土属性角色的暴击机率UP(80% 1.3倍)/给予自己以外的角色护罩効果<span class=text-blue>　◆消耗20%奥义值</span></div>
skill-3,酸樱的恩赐,回复我方全体HP(500)/再生効果(10%/400)/净化1个异常状态
support-1,慈爱的大树,虽然会更容易被敌人当成目标但受伤时的奥义值上升量UP(+100%)
support-2,永恒不变的灵魂,对水属性敌人的最终伤害UP(20% 不能与天司武器叠加)
skill-lb,LB技能,"我方全体的被回复上限UP(★+100, ★★+150, ★★★+200)"
,,