id,name,detail
npc,欧姬丝,3040111000
special,终结者,暗属性伤害(特大)/重置「傀儡指令」承受的累积伤害
skill-1,傀儡指令,性能大幅UP/屏障效果(数值为40%MHP，上限8000)<span class=text-blue>◆屏障解除后虚弱2回合</span>
skill-2,根源,我方全体暗属性攻击50%UP/减轻70%光属性伤害
skill-3,遗忘,3次3倍暗属性伤害，目标随机/自身奥义值20%UP
support-1,少女的心,回避率15%，但防御30%DOWN
support-2,机械人偶罗伊德,<div class=prt-text-small>傀儡指令发动后，攻击100%UP/防御50%UP/50%概率造成1.5倍暴击/必定二连击/三连击率50%UP</div>
skill-lb,LB技能,有极小概率回避敌方所有攻击
,,
,,