id,name,detail
npc,斑比,3040057000
special,血之洗涤,暗属性伤害(特大)
skill-1,圣约,对敌方单体造成暗属性伤害/消去1个强化效果
skill-2,绯色赏赐,吸收敌方1个蓄力计数点，转化为我方全体奥义值
skill-3,迷魅心跳,赋予敌方单体魅惑效果/提高自身的攻击和防御/连击率UP
support-1,任性的贵族,暴击率UP
skill-lb,LB技能,对魅惑状态的敌人造成暗属性额外伤害
intro,吸血姬,在暗夜中起舞的幼小公主带着丰富多彩的表情自由奔放地穿梭在苍穹之间。她任性的行为虽然牵连了很多人，但其烂漫闪耀的心也将束缚着同胞的古老枷锁逐渐解开。
,,