id,name,detail
npc,松浦果南＆黑泽黛雅＆小原鞠莉,3040185000
special,G弦上的仙度瑞拉,火属性伤害（特大）/我方全体火属性攻击15%UP/HP回复（500）
skill-1,抱一个？,减免我方全体所受伤害（20%）
skill-2,噗噗♪,敌方全体攻防15%DOWN
skill-3,Shiny！,我方全体奥义值上升20%
skill-4,不成熟的梦想家,我方全体免疫负面效果（1次）
support-1,	浦之星女子学院3年级学生,自身HP越少，防御越高
skill-lb,LB技能,Aqours成员攻击UP
,,