id,en,jp,trans
0-chapter_name,,その威を示し、王たれと,王者，示其威也。
0-synopsis,,十天衆の誰より強いことを証明するため、他の十天衆に戦いを仕掛けるソーン。ニオの元を訪れたソーンは、会話もそこそこに戦闘態勢をとる。ニオは、ソーンの心に流れる旋律を元に戻そうと、ソーンとの戦いを受け入れる。,为了证明自己比十天众任何人都要强的索恩，向其他十天众发起了挑战。来到妮欧身边的索恩，在匆匆说了几句后就进入了临战态势。妮欧为了将索恩心中的旋律恢复原样，接受了挑战。
1,,…………,…………
2,,悪いわね。<br>私は貴方とも<br>戦わなければならないの。,对不起啊。<br>我必须和你进行战斗。
3,,貴方の旋律は、孤独への恐怖を<br>紡いでいた。それなのに、どうして？,你现在的旋律，在不断地诉说着自己<br>对孤独的恐惧。明明是这样，<br>为什么还要这么做？
4,,人の心の旋律を聴けるのでしょう？<br>この戦いでわかるんじゃないかしら。,你能够听到人心的旋律，对吧？<br>那你就应该明白这场战斗的理由。
5,,……乱れているわ。貴方の旋律。<br>チューニング、私が合わせてあげる。,……你的旋律一片混乱。<br>就由我来调整你的旋律吧。
info,,1,scene_ult_chr129_q4_7_s10