id,name,detail
npc,灰夫人,3040005000
special,禁忌之爱/死亡华尔兹(终突),暗属性伤害(特大)/暗属性伤害(特大)，赋予敌人僵尸效果
skill-1,黑暗,对敌方单体造成暗属性伤害(中)/暗属性防御DOWN
skill-2,深渊,敌方防御DOWN
skill-3,灾厄,对敌方单体造成暗属性伤害/中毒效果
support-1,爱憎的冲动,攻击UP
support-2,黑结界,我方全体对削弱效果的抗性UP
skill-lb,LB技能,有几率将削弱效果造成的伤害(中毒、灼烧等)转换为HP恢复
,,