id,name,detail
npc,三日月宗近,3040131000
special,奥义·三日月宗近,光属性伤害（特大）/必定二连击
skill-1,五阿弥之闪,对敌方全体造成3.25~5.2倍光属性伤害 <span class=text-blue>◆敌人数量越少，伤害越高</span>
skill-2,刃文之光,回复我方全体HP（上限800）/净化一个负面效果
skill-2+,刃文之光,回复我方全体HP（上限1000）/净化一个负面效果
skill-3,刀刃结界,减免我方全体所受伤害（25%）
support-1,散华境地,自身HP越少，奥义伤害提升越大
skill-lb,LB技能,对负面效果「技能封印」的抗性UP
,,