id,en,jp,trans
0,,すまない。<br>例の如く今日のイベントがわからない。<br>なんの日だ今日は。,抱歉。<br>我不太明白今天这些活动。<br>今天到底是什么日子？
1,,なるほど、なるほど……<br>子供が、大人を驚かして、<br>お菓子を貰う日なんだな……,原来是这样……<br>今天是孩子们捉弄大人，讨要糖果的日子啊……
2,,その時に口にする言葉が……<br>ハッピーハロウィンに、<br>トリック・オア・トリート……ふむ。,讨糖的时候要说……<br>万圣节快乐，不给糖就捣蛋……嗯。
info,,1,scene_s1_halloween_3055_v4_0_2004_1_3040150000
备注,,翻译@煌月夜,（佐伊爱我，我爱佐伊
,,,