id,en,jp,trans
0-chapter_name,,Warping World,翘曲的世界
0-synopsis,,ラカムはジョーカー達に、かつてこの<span class='scene-font-place'>ポート・ブリーズ</span>に墜落していたグランサイファーについて説明する。現在の異空間がパレスと非常に似ていることから、この異空間には主が存在しており、グランサイファーに関係する誰かなのではと仮説を立てるモナ。主を探すためグランサイファーの調査を始める一行に、敵が襲い掛かる。,拉卡姆对Joker众人说明格兰塞法曾经坠落在珀特·布里兹的事。Mona认为这个异空间和迷宫十分相似，这个异空间的主人应该是和格兰塞法有关系的某个人。众人为寻找空间主人开始调查格兰塞法内部，再次遭到了敌人的袭击。
1,,<span class='scene-font-katari'>ラカムはひとまず落ち着きを取り戻し、</span><br><span class='scene-font-katari'>グランサイファーにまつわる事情を</span><br><span class='scene-font-katari'>怪盗団に説明した。</span>,<span class='scene-font-katari'>拉卡姆重新冷静下来，<br>向怪盗团说明关于格兰塞法的事。</span>
2,,んんー……結局、<br>このパレスっぽい空間についても、<br>何がなんだかわかんないし……,嗯……到头来关于这个类似殿堂<br>的空间我们还是什么都不清楚啊……
3,,ビィ君は、<br>見つかりそうで見つからないし……,碧也是，<br>好像发现它了却又找不到……
4,,すまない、巻き込んでしまって……,很抱歉，<br>把你们卷了进来……
5,,あっ、えっと、その……<br>ご、ごめんなさい！<br>私、全然そんなつもりじゃなくって……,啊，那个，那个……<br>对，对不起！<br>我完全没有那个意思……
6,,困ったときはお互い様だ。,我们两边同样都有困扰。
7,,それに、こんだけパレスに似た空間が<br>出現したとあっちゃあ、<br>俺達も見過ごせねーもんな。,而且既然出现了这<br>个类似殿堂的空间，<br>我们可不能袖手旁观啊。
8,,この空間に<br>パレスと同じ理屈が通じるなら、<br>ワガハイ達のほうが詳しいからな。,这个空间要是和殿堂理论相同的话，<br>那吾辈明们就更拿手一些。
9,,その代わり、<br>ワガハイ達が元の世界に帰るときには、<br>力を貸してくれ。,相反的，<br>等吾辈们回原来的世界<br>时就需要你们帮忙啦。
9-sel1_txt,,<span class='scene-font-katari'>ありがとう</span>,<span class='scene-font-katari'>谢谢</span>
9-sel2_txt,,<span class='scene-font-katari'>その時は必ず</span>,<span class='scene-font-katari'>到时一定</span>
10,,適材適所、というやつだな。,这就是，<br>在对的情况下用对的人吧。
11,,<span class='scene-font-katari'>姬塔達と怪盗団は、</span><br><span class='scene-font-katari'>互いの協力を固く約束し、</span><br><span class='scene-font-katari'>目の前に横たわる謎の解決に乗り出す。</span>,<span class='scene-font-katari'>双方都相约互相协助，<br>开始面对横在面前的谜团。</span>
12,,似ている部分も多いし、<br>とりあえずは、<br>パレスと同じように考えてみよう。,相似的地方很多，<br>总之暂且就把这里<br>当做殿堂来看吧。
13,," 姬塔達の艇が、<br>この異空間にあるとなると……",姬塔你们的船会出<br>现在这个空间里……
14,,この異空間の主は、<br>姬塔達、少なくともこの艇に、<br>関係している人物ってことだろうな。,也就是说这个空间的<br>主人是和姬塔你们，<br>或者和这艘船有关系的人。
15,,パレスは主の認知によって<br>姿が変わるんだっけ？,殿堂是根据主人的<br>认知变化样貌来着。
16,,おいおいおい……<br>ってことは、俺達の中の誰かが、<br>その主とやらだってのか？,喂喂喂……也就是说，<br>我们当中有人是这里的主人？
17,,いや、断定は出来ない。<br>話を聞くに、この艇は長い間、<br>この島に置いてあったんだろ？,不，还不能断定。<br>听你们说，这艘船有很长时间<br>都放置在这个岛上的吧？
18,,こんだけデカい艇なら目立つだろうし、<br>この島の住人が、<br>この艇に何かを見ていた可能性もある。,这么大的船肯定很惹人注目，<br>所以很有可能这个岛上某个居<br>民很在意这艘船。
19,,ビィ君を探すためには、<br>まず、この不可解な状況を<br>解決すべきだと思うが……,总之为了找到碧，<br>首先就得把这个状况给解决……
20,,主が誰なのかわからなければ、<br>パレスで言うところのオタカラにも、<br>見当がつけられないか……,但如果找不出主人的话，<br>也就没法找到殿堂里的宝物了吗……
21,,ああ……<br>それにオタカラを盗むには、<br>予告状を出す必要がある。,啊啊……<br>而且盗取宝物还<br>必须要发预告函。
22,,ここは恐らくパレスではないが、<br>ワガハイ達の知るパレスと、<br>非常によく似ている。,虽然这里可能不是殿堂。<br>但和吾辈们知道的殿堂极其相似。
23,,パレスと同じ理屈が通じるなら、<br>オタカラを盗むためには、<br>ここでも予告状が必要になるだろうな。,如果这里真的和殿堂一样，<br>那盗取宝物就必须得先发预告函。
24,,んん……<br>なーんかハッキリしねぇよなぁ……,唔唔……<br>感觉不清不楚的……
25,,パレスと同じ気配はするんだ。<br>いや、限りなく似ている気配と<br>言うべきか……,这里有着和殿堂一样的气息。<br>不，应该说是无限接近吧……
26,,だが、妙な違和感もある。<br>決定的に、<br>何かがパレスとは違うような……,但又有很微妙的违和感。<br>有什么和殿堂不同的关键点……
27,,俺達にとっての<br>異世界に現れたパレスだから、<br>違和感があるんじゃないのか？,你说的违和感，<br>不是因为殿堂竟然出现在对我<br>们来说的异世界里吗？
28,,そう……なのか？<br>しかしな……<br>何かが違うんだ、パレスとは……,是吗……？<br>不过有些不一样，<br>殿堂……
29,,<span class='scene-font-katari'>モナは腑に落ちない様子で、</span><br><span class='scene-font-katari'>頭を抱える。</span>,Mona不是很认同的样子。
30,,ともあれ今は、<br>情報収集に徹するしかない、<br>ということか。,<span class='scene-font-katari'>总之现在只能先收集情报了啊。</span>
31,,パレスとやらが生まれるのと同じ原理で<br>この異空間が<br>作られたのだとしたら……,如果这个异空间真的<br>和殿堂同理的话……
32,,この異空間の生成には、<br>主となった存在の<br>認知が関わっているはずだ。,那这个空间的形成就和<br>主人的认知有关。
33,,それなら、裏を返せば、<br>この異空間にあるものは全て、<br>主を探す手がかりになるんじゃないか？,既然如此，<br>那反之这个空间所有的东西都<br>可以是寻找主人的线索吧？
34,,あ、そっか……<br>言われてみれば、確かにそうかも？,啊，是啊……<br>这么一说确实是这样？
35,,んじゃまずは、<br>目の前にあるものからだ。<br>早速調べてみようぜ。,那先从眼前的东西开<br>始着手调查吧。
41,,<span class='scene-font-katari'>一行はラカムの先導で</span><br><span class='scene-font-katari'>グランサイファーの甲板に乗り上げた。</span>,<span class='scene-font-katari'>众人由拉卡姆带领着<br>乘上格兰塞法的甲板。</span>
42,,ほえ～……実際乗ってみると<br>やっぱデッケェな！<br>俺の部屋、何個分だ！？,嘿诶……<br>上来一看果然超级大啊！<br>我的房间是它的几分之一啊！？
43,,こんな時まで、なに呑気なこと<br>言ってんのよ……,这种时候你说什么呢……
44,,オマエ、興奮するのはわかるが<br>もっと緊張感ってやつを……,我知道你很兴奋，<br>但稍微也要有点紧张感啊……
48,,オオオ……,…………
49,,うおっ！？<br>ここでもお出ましかよ！,呜哇！？<br>这里也有啊！
50,,人の大事な艇に<br>勝手に乗り込みやがって……<br>覚悟しやがれ！,竟然随便闯进别人重要的船上……<br>拿出觉悟来吧！
51,,ジョーカー、いけるか？,Joker，能行吧？
52,,問題ない。,没问题。
info,,1,scene_evt180618_cp2_q4_s20
,,,