id,name,text,trans
0-chapter_name,,第84章　イデルバ王国,伊迪尔瓦王国
0-synopsis,,姬塔一行が王宮を出ると、ラインハルザが拘束されている場所の方角から、轟音が響いてくる。音の方に向かうと、目を覚ましたラインハルザの姿があった。カインがラインハルザに盗賊達の無事を伝えると、ラインハルザは落ち着きを取り戻す。国王から言い渡された星晶獣討伐の任務についてラインハルザに説明した姬塔達は、出発に備えて準備を始めるのだった。,姬塔一行刚离开王宫，便听见莱茵哈萨被关押的地方传来一阵轰响。众人前往查看，发现莱茵哈萨已经醒来。该隐告诉他其他盗贼都平安无事，他才冷静下来。姬塔等人向他说明国王交给一行人的任务，随后准备出发。
1,,<span class='scene-font-katari'>自分達の力を認めさせるため、</span><br><span class='scene-font-katari'>イデルバ国王より、</span><br><span class='scene-font-katari'>星晶獣討伐の任を言い渡された一行。</span>,<span class='scene-font-katari'>姬塔一行接受了伊迪尔瓦国王交给他们的任务，以此证明自己的实力。</span>
2,,<span class='scene-font-katari'>皆で玉座の間を出ると、</span><br><span class='scene-font-katari'>カインは真っ先に姬塔達へ</span><br><span class='scene-font-katari'>深く頭を下げるのだった。</span>,<span class='scene-font-katari'>一走出谒见厅，该隐就向姬塔等人深深地低下头。</span>
3,カイン/该隐,ごめん……本当に申し訳ない。<br>任せとけ、って言ったくせに、<br>結局、面倒なことになっちまって……,抱歉……实在对不起。<br>我还说什么都包在我身上，结果还连累了你们……
3-sel1_txt,,<span class='scene-font-katari'>まったくだ</span>,<span class='scene-font-katari'>就是啊</span>
3-sel2_txt,,<span class='scene-font-katari'>気にしてないよ</span>,<span class='scene-font-katari'>没关系的</span>
4,カイン/该隐,いやほんと、<br>ぐうの音も出ねぇよ……すまん。,呃，我没什么要狡辩的……实在抱歉。
5,カイン/该隐,姬塔達が<span class='scene-font-place'>メルクマール島</span>で<br>力を貸してくれたことは、<br>陛下にも伝わってるはずなんだけどな。,可是，陛下应该也知道姬塔你们在<span class='scene-font-place'>美克马尔岛</span>帮了很大的忙才对啊。
6,カイン/该隐,ありがとう……<br>姬塔はなんていうか、<br>本当に人ってモンが出来てるなぁ……,谢谢你……<br>怎么说呢，姬塔，你人真好……
7,カイン/该隐,やっぱり騎空団を<br>まとめあげるような立場の奴は、<br>皆こうなのか？,果然率领骑空团的人都有这种特质吗？
8,カタリナ/卡塔莉娜,まぁ、そもそも、<br>ただ世話になるのは、<br>心苦しいとは思っていたからな。,别这么说，如果我们只是白白接受招待，那也很过意不去。
9,カタリナ/卡塔莉娜,はぐれた仲間と合流するまで、<br>どれほどかかるかもわからない……,也不知道什么时候才能找到走散的同伴……
10,カタリナ/卡塔莉娜,その間、<br>世話になっている国のために働くのは、<br>私達もやぶさかではないさ。,在此期间，我们也很乐意为为收留我们的国家做些力所能及的事。
11,ビィ/碧,おうさ！<br>それに任務が星晶獣との戦いなら、<br>オイラ達もう慣れっこだもんな！,是啊！<br>而且与星晶兽战斗这种事，咱们早就习惯啦！
12,レオナ/蕾欧娜,え……ええぇ！？<br>星晶獣と戦うのが慣れっこって……,咦……咦！？<br>和星晶兽战斗，早就习惯了……
13,レオナ/蕾欧娜,あ、そっか……姬塔さん達は<br><span class='scene-font-spword'>空図の欠片</span>を集めて<br>ナル・グランデまで来たんですもんね。,啊，对了……姬塔你们是为了收集<span class='scene-font-spword'>空图碎片</span>才来到纳尔·格兰德空域的啊。
14,,<span class='scene-font-katari'>その言葉に、</span><br><span class='scene-font-katari'>レオナだけでなく、</span><br><span class='scene-font-katari'>カインもまた納得した表情を見せる。</span>,<span class='scene-font-katari'>听蕾欧娜一提，一旁的该隐也不再惊讶。</span>
15,カイン/该隐,そう考えると、姬塔の騎空団は<br>あの「組織」にも匹敵するくらいの、<br>強者集団だったって――,这么说来，姬塔的骑空团是个足以与那个「组织」匹敌的强大集团——
17,カイン/该隐,っ！？<br>いまの音……向こうからしたよな？,唔！？<br>刚才的声音……是从那边传来的吧？
18,,<span class='scene-font-katari'>カインの示す方向を確認し、</span><br><span class='scene-font-katari'>一同は顔を見合わせる。</span>,<span class='scene-font-katari'>众人看向该隐所指的方向，随后又面面相觑。</span>
19,ビィ/碧,いきなりなんだってんだぁ？<br>いったい……,突然间怎么了……？
20,カイン/该隐,向こうには、<br><span class='scene-font-place'>メルクマール島</span>から連れてきた、<br>ラインハルザが拘束されてるはずだ。,从<span class='scene-font-place'>美克马尔岛</span>回来之后，莱茵哈萨就被关押在那边。
21,レオナ/蕾欧娜,っ！？　じゃあ、まさか……！,唔！？ 那、难道说……！
21-sel1_txt,,<span class='scene-font-katari'>急ごう！</span>,<span class='scene-font-katari'>快去看看吧！</span>
27,ラインハルザ/莱茵哈萨,…………,
28,イデルバ王国兵１,くっ……,唔……
29,,<span class='scene-font-katari'>姬塔達が駆けつけると、</span><br><span class='scene-font-katari'>そこではラインハルザと</span><br><span class='scene-font-katari'>イデルバ王国兵達が対峙していた。</span>,<span class='scene-font-katari'>姬塔一行赶到时，莱茵哈萨正在与伊迪尔瓦王国兵对峙。</span>
30,イデルバ王国兵２,カイン様！<br>こいつ、目を覚ましたと思ったら、<br>突然、暴れ始めて……,该隐大人！<br>这家伙一醒来就不安分……
31,カイン/该隐,ラインハルザ……,莱茵哈萨……
32,ラインハルザ/莱茵哈萨,ちっ……お前らか。<br>おい、ここはどこだ。<br>オレをどこに連れてきた？,切……是你们啊。<br>喂，这里是哪里？<br>你们把我带到哪儿来了？
33,カイン/该隐,<span class='scene-font-place'>ルクスリエース</span>だ。<br>イデルバ王国の首都だよ。,<span class='scene-font-place'>卢克西里厄斯</span>。<br>这里是伊迪尔瓦王国的首都。
34,ラインハルザ/莱茵哈萨,ふん……<br>それで……<br>オレの仲間達はどうなった？,哼……<br>那么，我的同伴们怎样了？
35,カイン/该隐,全員生きてる。<br>怪我人はいるけど、<br>死んだ奴はひとりもいねぇよ。,都活着。<br>虽然有人受伤，但是一个都没死。
36,ラインハルザ/莱茵哈萨,そうか……<br>それなら、もうこれ以上、<br>オレが拳を握る必要はねぇな……,是么……<br>那么我也没必要捏着拳头不放了……
37,,<span class='scene-font-katari'>どこか安堵した表情を見せると、</span><br><span class='scene-font-katari'>ラインハルザは戦闘態勢を解く。</span>,<span class='scene-font-katari'>莱茵哈萨像是终于放下心来，解除了准备战斗的架势。</span>
38,ラインハルザ/莱茵哈萨,情けねぇ話だが……<br>こればっかりは、<br>てめぇに礼を言わなきゃならねぇな。,真没面子……<br>看来这一次我还得向你道谢。
39,ラインハルザ/莱茵哈萨,<span class='scene-font-place'>メルクマール島</span>の制圧に来たのが、<br>お前以外の将軍だったなら……,如果来镇压<span class='scene-font-place'>美克马尔岛</span>的不是你，是其他将军……
40,ラインハルザ/莱茵哈萨,オレ達はあの場で<br>皆殺しにされてたはずだ。,估计我们在岛上就被毙了。
41,カイン/该隐,礼なんかいいって……<br>誰も死なせたくねぇってのは、<br>俺のワガママみたいなもんだしな。,道谢就算了……<br>不想让任何人死掉，说起来只是我个人的执念而已。
42,カイン/该隐,それに犠牲が出ないで済んだのは、<br>お前が仲間に<br>早めに降伏指示を出してくれたからだ。,而且之所以能够避免人员牺牲，是因为你及时让你的同伴投降。
43,カイン/该隐,徹底抗戦されてりゃ、<br>どっちも壊滅的な被害があったはずだ。<br>お前が、仲間の命を救ったんだよ。,如果你们誓死抵抗，两边都会有巨大的损失。<br>是你拯救了你的同伴们。
44,ラインハルザ/莱茵哈萨,…………,
45,カイン/该隐,それにまぁ……<br>礼がいらないってのには、<br>もう一つ理由があってさ……,而且……<br>你不需要道谢的理由，还有另一个……
46,カイン/该隐,これからお前には、<br>たっぷり身体で<br>返してもらおうと思っ――,接下来就用你的身体来偿还——
48,カイン/该隐,あだっ！？,好痛！？
49,レオナ/蕾欧娜,カイン……<br>なんでそんな変な言い方するかなぁ……,该隐……<br>为什么要说这种奇怪的话……
50,カイン/该隐,んだよ、<br>ちょっとした小粋な冗談だろー,什么啊，我开个玩笑嘛。
51,レオナ/蕾欧娜,いや、洒落にならないから。<br>戦って捕えた相手に対して、<br>その言い方は本当ダメだから。,不，根本不好笑。<br>绝对，不可以对俘虏说这种话。
52,カタリナ/卡塔莉娜,カインはいつでも、<br>だいたいあんな様子なのだな……,不过，感觉该隐一直都是这样子……
52-sel1_txt,,<span class='scene-font-katari'>面白い奴</span>,<span class='scene-font-katari'>是个很有趣的家伙</span>
52-sel2_txt,,<span class='scene-font-katari'>すごい疲れる</span>,<span class='scene-font-katari'>很累人</span>
53,レオナ/蕾欧娜,もう！<br>姬塔さんも、<br>面白がらないでください！,真是的！<br>姬塔也别凑热闹了！
54,レオナ/蕾欧娜,これ以上、手のかかる人が増えたら、<br>私、本当に<br>胃に穴が空いちゃいますから！,你们要是再让我操心，我真的要胃疼到穿孔啦！
55,レオナ/蕾欧娜,うう……<br>そうなんです、ホント……,呜呜……<br>是的，真的很累人……
56,レオナ/蕾欧娜,カインは頭が良いのに馬鹿だから、<br>全然、言うことを聞かなくって……,该隐明明很聪明，却是个笨蛋，还不听话……
61,,<span class='scene-font-katari'>姬塔はラインハルザに、</span><br><span class='scene-font-katari'>イデルバ国王から言い渡された</span><br><span class='scene-font-katari'>星晶獣討伐の任務を説明する。</span>,<span class='scene-font-katari'>姬塔向莱茵哈萨说明伊迪尔瓦国王交给他们的任务。</span>
62,ラインハルザ/莱茵哈萨,――そういうことかよ。<br>ったく、<br>気色悪い言い方しやがって……,——原来如此。<br>还被你这家伙说的那么恶心……
63,ラインハルザ/莱茵哈萨,しかし……<br>独立反乱を企てたオレ達に対して、<br>そんな甘い処置とはな……,不过……<br>竟然对我们这些企图谋反独立的人这么宽容……
64,ラインハルザ/莱茵哈萨,どこの国でも内乱に失敗したら、<br>そいつらに待つのは、<br>問答無用の死だけだ……,无论在哪个国家，谋反失败的，都只有死路一条……
65,,<span class='scene-font-katari'>訝しむラインハルザに対し、</span><br><span class='scene-font-katari'>ルリアは恐る恐る声をかける。</span>,<span class='scene-font-katari'>面对感到惊讶的莱茵哈萨，露莉亚胆怯地说道。</span>
66,ルリア/露莉亚,それはきっと……<br>カインさんが、<br>頑張ってくれたからだと思います……,一定是多亏了……<br>该隐的努力……
67,ラインハルザ/莱茵哈萨,…………,
68,ルリア/露莉亚,カインさん、<br>ラインハルザさん達のために、<br>王様を説得しようとしてましたし……,该隐为了救你，想要说服国王陛下……
69,カイン/该隐,まぁ、結局、<br>ただ助ける、ってわけには、<br>いかなくなっちまったけどな。,嗨，虽然还是没能完全说服她。
70,カイン/该隐,でも、星晶獣の討伐には、<br>俺やレオ姉も一緒に行くし、<br>まず大丈夫だろ！　なっ！,不过，讨伐星晶兽的任务我和蕾欧娜姐也会一起去的，所以不会有事的！是吧？
71,ラインハルザ/莱茵哈萨,ふん……<br>呆れたお人好しだな。,哼……<br>真是个让人无语的滥好人。
72,,<span class='scene-font-katari'>そう言うとラインハルザは、</span><br><span class='scene-font-katari'>不意に不敵な笑みを浮かべる。</span>,<span class='scene-font-katari'>说着，莱茵哈萨不经意间露出无畏的笑容。</span>
73,ラインハルザ/莱茵哈萨,出発はいつだ？<br>せいぜい、<br>助けたオレに寝首をかかれるなよ。,那么，什么时候出发？<br>你们可别菜到被我倒打一耙啊。
74,,<span class='scene-font-katari'>こうして、ラインハルザに</span><br><span class='scene-font-katari'>任務を伝えた姬塔達は、</span><br><span class='scene-font-katari'>出発に備え、準備を始めるのだった。</span>,<span class='scene-font-katari'>通知了莱茵哈萨后，姬塔一行开始做出发的准备。</span>
info,,,scene_cp84_q3_s10