id,name,text,trans
0-chapter_name,,第3話 メインディッシュを求めて,第3话 寻求主餐
0-synopsis,,エヴィを捕獲した姬塔達は、パーシヴァルの伝手を頼って漁師に船を出してもらい、魔鯛釣りへ出掛ける。魔鯛釣りを始めてしばらくすると姬塔の竿が大きくしなり、姬塔達は力を合わせて巨大な魔鯛を釣りあげる。暴れて逃げ出そうとする魔鯛を捕まえるため、一行は魔鯛に挑むのだった。,姬塔一行捕完虾后在帕西瓦尔的安排下随渔人出发钓魔鲷。姬塔的钓竿很快弯了下去，在众人的合作下终于钓上了一条大魔鲷。魔鲷挣扎着想要逃走，众人则为捕获它与之战斗。
1,,<span class='scene-font-place'>アウギュステ</span><span class='scene-font-katari'>の洞窟でエヴィを</span><br><span class='scene-font-katari'>捕獲した姬塔達。</span>,<span class='scene-font-katari'>姬塔一行在</span><span class='scene-font-place'>奥古斯特</span><span class='scene-font-katari'>的洞穴中顺利捕获了虾饵。</span>
7,,<span class='scene-font-katari'>パーシヴァルの伝手を頼って</span><br><span class='scene-font-katari'>漁師に船を出してもらった一行は、</span><br><span class='scene-font-katari'>魔鯛の生息する海域に向かっている。</span>,<span class='scene-font-katari'>众人在帕西瓦尔的安排下随渔人前往魔鲷栖息的海域。</span>
8,漁師/渔师,もう少しで魔鯛の縄張りだが、<br>今時魔鯛釣りがしたいなんて、<br>あんた達も物好きだねぇ～,马上就到魔鲷的地盘了。你们几个现在这时候来钓魔鲷，胆子也真肥啊~
9,パーシヴァル/帕西瓦尔,ああ、どうしても<br>魔鯛が必要でな。,嗯，我们必须得钓到魔鲷才行。
10,漁師/渔师,そうかい、まぁ理由はどうあれ<br>魔鯛釣りは危険だから<br>今は誰もやらなくなってな～,这样啊。不管你们有什么理由，钓魔鲷是很危险的，所以现在也没人干了~
11,漁師/渔师,で、あんた達、<br>魔鯛釣りは初めてかい？,话说回来，你们几个是第一次钓魔鲷吗？
12,ランスロット/兰斯洛特,釣りの経験は少なくないが<br>魔鯛釣りは初めてだ。,普通的钓鱼我倒是很熟练，但是钓魔鲷还是第一次。
13,ヴェイン/维恩,俺も初めてだぜ！<br>釣れるかどうかドキドキするな～！,我也是第一次！<br>能不能钓上来呢？想想就很兴奋啊~！
14,パーシヴァル/帕西瓦尔,文献で魔鯛の生態について<br>ある程度調べてきたが、<br>魔鯛釣りの経験は無い。,我只看过有关魔鲷的文献，没有钓魔鲷的经验。
15,ビィ/碧,オイラ達も初めてだぜ！,咱们也是第一次！
16,漁師/渔师,へへっ、そろいもそろって<br>トーシロで大丈夫かい？,嘿嘿，你们这些外行，真的没问题吗？
17,ジークフリート/齐格飞,問題ない。<br>この日のために魔鯛釣りを<br>何度もイメージして来たからな。,没问题。<br>我已经在脑中模拟过很多次钓魔鲷的情形了。
18,漁師/渔师,お……おう、そうかい。<br><span class='scene-font-kokoro'>（妙な説得力があるな……）</span>,哦……哦，是吗？<br><span class='scene-font-kokoro'>（不知怎的好像很有说服力……）</span>
19,漁師/渔师,まぁ、魔鯛を釣りたいって<br>言うぐらいだから、<br>腕は相当立つんだろうけどな。,不过，你们既然想钓魔鲷，身手应该都不差吧。
20,漁師/渔师,おっ、そろそろ魔鯛の<br>縄張りに着くぜ！<br>準備はいいかい！,哦，差不多要到魔鲷的地盘了！<br>准备好了吗？
21,ジークフリート/齐格飞,ああ、準備は出来ている。<br>後は、釣るだけだな、<br>姬塔。,嗯，准备好了。<br>接下来，钓就行了。是吧姬塔？
21-sel1_txt,,<span class='scene-font-katari'>準備万端！</span>,<span class='scene-font-katari'>准备好了！</span>
23,ビィ/碧,よっしゃ！<br>釣り上げようぜ！,好嘞！<br>咱们开始钓吧！
24,ルリア/露莉亚,はい！<br>魔鯛を釣りましょう！,好的！<br>来钓鲷鱼吧！
25,漁師/渔师,おいおい、<br>こんな嬢ちゃん達まで<br>魔鯛釣りを手伝うのかい？,喂喂，这位小妹妹也来帮你们钓魔鲷吗？
26,ルリア/露莉亚,私もみんなの力になりたいんです！<br>漁師さん、よろしくお願いします！,我也想帮上大家的忙！<br>渔师先生，拜托你了！
27,漁師/渔师,へっ……わかったよ。<br>俺が魔鯛のテンヤ釣りを教えてやる。,嘿……明白了。<br>我来教你们钓魔鲷的抛竿钓法。
28,,<span class='scene-font-katari'>そう言うと漁師は、エヴィを使って</span><br><span class='scene-font-katari'>てきぱきと仕掛けを作るのだった。</span>,<span class='scene-font-katari'>渔师说着三两下钩好了虾饵。</span>
29,漁師/渔师,さぁて……<br>こいつを俺の指示するタナに合わせな！,好了……<br>把饵甩进我告诉你们的泳层！
30,ビィ/碧,タナってなんだ？,泳层是什么？
31,パーシヴァル/帕西瓦尔,魔鯛が泳いでいる海層のことだ。<br>この深さに餌を合わせることが重要だ。,就是魔鲷所在的水层。<br>把饵投入正确的深度，这点很重要。
32,漁師/渔师,その通り！<br>後は自分がエヴィになったつもりで<br>シャクるんだ！,没错！<br>接下来把自己当成虾饵，在水里逗鱼！
33,ルリア/露莉亚,シャクる？,逗鱼？
34,パーシヴァル/帕西瓦尔,魔鯛をエヴィに食いつかせるために<br>素早く竿を垂直に立てる動きだ。,为了让魔鲷上钩，我们需要快速地把鱼竿抬起一点。
35,漁師/渔师,ハハッ、その通りだ！<br>あんた見かけによらず真面目だな～！,哈哈，就是这样！<br>看不出来，你还挺认真的嘛~！
36,漁師/渔师,そら！<br>後はとにかく実践あるのみだ！,得！<br>总之开始实践吧！
37,,<span class='scene-font-katari'>漁師の指示したタナに合わせて</span><br><span class='scene-font-katari'>竿をシャクる姬塔達。</span>,<span class='scene-font-katari'>姬塔等人在渔师指定的泳层间歇地提竿。</span>
43,,<span class='scene-font-katari'>しばらくすると</span><br><span class='scene-font-katari'>姬塔の</span><br><span class='scene-font-katari'>竿が大きくしなった。</span>,<span class='scene-font-katari'>过了一会儿，姬塔的鱼竿猛地弯了下去。</span>
44,ジークフリート/齐格飞,む……姬塔！<br>何かかかっているぞ！,唔……姬塔！<br>有什么上钩了！
45,漁師/渔师,<span class='scene-font-4'>今だ合わせろ！</span>,<span class='scene-font-4'>就是现在！抬杆！</span>
45-sel1_txt,,<span class='scene-font-katari'>！</span>,<span class='scene-font-katari'>我——钓——！</span>
47,ランスロット/兰斯洛特,姬塔！<br>今行くから手を放すなよ！,姬塔！<br>我现在就来帮你，你可别放手！
48,ヴェイン/维恩,俺が体を支えてやるぜ！<br>姬塔！,我来扶住你！<br>姬塔！
49,パーシヴァル/帕西瓦尔,姬塔！<br>逃がすなよ！,姬塔！<br>千万别让它跑了!
50,ジークフリート/齐格飞,俺達が付いているぞ<br>姬塔。,我就在你旁边，姬塔。
50-sel1_txt,,<span class='scene-font-katari'>オン！</span>,<span class='scene-font-katari'>上来！</span>
59,,<span class='scene-font-katari'>姬塔が渾身の力で</span><br><span class='scene-font-katari'>引き上げると、そこには</span><br><span class='scene-font-katari'>巨大な魔鯛の姿があった。</span>,<span class='scene-font-katari'>姬塔使出浑身解数，终于钓上了一条巨大的魔鲷。</span>
60,魔鯛,ビチビチビチッ……！,扑扑扑扑……！
61,漁師/渔师,こ、こんなデケェ魔鯛は見た事ねぇ！,我、我还是第一次看见这么大的魔鲷！
62,魔鯛,<span class='scene-font-4'>ビチッ！</span><br><span class='scene-font-4'>ビチビチッ！</span>,<span class='scene-font-4'>扑！</span><br><span class='scene-font-4'>扑扑！</span>
63,パーシヴァル/帕西瓦尔,いかん……！<br>このままでは暴れて逃げられるぞ！,不好……！<br>这样下去它会逃走的！
65,ランスロット/兰斯洛特,逃がすか！<br>ヴェイン、後ろだ！,别想逃！<br>维恩，后面！
66,ヴェイン/维恩,あいよランちゃん！<br>こっちは任せろ！,好嘞兰酱！<br>这边就交给我吧！
68,ジークフリート/齐格飞,さて……魔鯛よ、<br>大人しくしてくれるか？,好了……魔鲷，你就老实点吧？
69,ルリア/露莉亚,私も援護します！,我也来帮忙！
70,ビィ/碧,よしっ！<br>行くぞ姬塔！,好！<br>咱们上吧，姬塔！
info,,,scene_evt181031_cp3_q4_s20