id,name,detail
npc,菲娜,3040061000
special," 战无不胜·粉碎机",风屬性伤害(特大)/我方全体暴击率UP
skill-1,鬼灭☆3WAY！！," 对全部敌人造成风屬性伤害/防禦DOWN(25%)"
skill-2,飞往II,回避敌人所有的攻击/攻撃UP(50%)/回避成功时，自身奥义值上升100%
skill-3," 胜利机会",效果中必定三连击(2回合)
support-1,无敌的钻头,三连击发动时获得破碎等级，奥义伤害根据破碎等级UP
skill-lb,LB技能," 根据破碎等级而攻撃UP"
intro,,
,,