id,en,jp,trans
0-chapter_name,,カウンター・スナイプ,Counter·Snipe
0-synopsis,,ある日、険しい高地の村まで輸送団を護衛する依頼を受けた姬塔達がシルヴァ、ククル、クムユ達と山道を進んでいると、突如どこからか狙撃を受ける。一行がシルヴァの指示通り岩壁のくぼみに身を隠すと、そこに大勢の山賊が現れ、一行を取り囲む。統率のとれた動きに警戒を強めながら、一行は山賊達を迎え撃つのだった。,某日，团长接到护送运输队到险峻高山村落的委托，和席尔瓦、库库鲁、库姆优上山时，忽然受到不明方向的狙击手袭击。一行人在席尔瓦指示下躲藏到岩壁凹陷，忽然出现大批的山贼将大家包围。提防着两边联手的同时，大家开始迎击山贼。
2,,いやぁ～聞いちゃいたけど<br>ホントに険しい山だなぁ。,哎呀，虽然已经听说了，不过还真是陡峭的山路呢。
3,,<span class='scene-font-katari'>そびえ立つ山々を遠くに眺めながら</span><br><span class='scene-font-katari'>崖沿いの山道を行く</span><br><span class='scene-font-katari'>姬塔一行は──</span>,一边远眺着高耸的山峰，沿着崖边山路行进的团长一行人──
4,,<span class='scene-font-katari'>艇では近づけない険しい高地の村まで</span><br><span class='scene-font-katari'>輸送団を護衛するという</span><br><span class='scene-font-katari'>依頼の最中であった。</span>,正在接受委托，护送运输队前往连骑空艇也难以到达的高山村落。
5,,本当に助かるよ。<br>道は狭いし、村まで遠いし、<br>なにより山賊も出るしね。,真是帮大忙了啊。山路又窄，村子还远，更别提会有山贼出没了。
6,,<span class='scene-font-katari'>近隣の山々では</span><br><span class='scene-font-katari'>山賊による食料や金品の強奪が</span><br><span class='scene-font-katari'>続発しており──</span>,附近的山上频频发生山贼抢走食物和钱货的事件──
7,,<span class='scene-font-katari'>雇っていた護衛を打ち負かした上で</span><br><span class='scene-font-katari'>物資を奪ったという話もあった。</span>,也有雇佣了护卫也依旧被抢走物资的事情发生。
8,,でもあんたら、とっても強いんだって？<br>もしもの時は期待してるよ。,但我听说你们非常厉害哦！要是有什么情况就靠你们了。
9,,おうよ！　まかせとけ！,哦哦！交给我们就行！
10,,どこからでもかかってきやがれです！,无论什么都尽管来吧！
11,,そーだ！<br>かかってこーい！！,是啊！放马过来！ ！
12,,ふふ……気合十分だな。<br>ふたりとも、<br>周囲をよく見て警戒してくれ。,哈哈......气势十足呢。你们俩注意警戒周围。
14,,あいさー！,了解！
15,,<span class='scene-font-katari'>シルヴァから促されたふたりは</span><br><span class='scene-font-katari'>素直に護衛に専念する。</span>,席尔瓦督促两人专心进行护卫工作。
16,,ふふふ、本当に<br>３人姉妹みたいですね。,呵呵呵，就像真正的三姐妹一样呢。
17,,ん？　私達のことかい？,嗯？是说我们吗？
23,,<span class='scene-font-katari'>シルヴァはかつてある事情によって</span><br><span class='scene-font-katari'>両親の待つ故郷に</span><br><span class='scene-font-katari'>帰れなくなったことがあった。</span>,席尔瓦之前因为某些事情无法回父母所在的故乡。
30,,<span class='scene-font-katari'>ククルとクムユは、そんなシルヴァが</span><br><span class='scene-font-katari'>居候させてもらっていた</span><br><span class='scene-font-katari'>工房の娘である。</span>,库库鲁和库姆优则是收留了席尔瓦的工坊的女儿们。
31,,<span class='scene-font-katari'>その縁からふたりとは</span><br><span class='scene-font-katari'>いまでも姉妹のように親しくしていた。</span>,因为这种关系，现在大家就像姐妹一样亲密。
36,,えへへ～<br>ククル姉ちゃんとシルヴァ姉ちゃんは<br>全空一の姉ちゃん達ですよ！,嘿嘿~库库鲁姐姐和席尔瓦姐姐是全空最棒的姐姐哦！
37,,羨ましいです。<br>私にも姉妹がいたらな～<br>って思っちゃいます！,真羡慕啊，我也想过要是自己有姐妹就好了呢~
38,,いまから作っちゃえばいいんだよ！<br>血の繋がりよりも絆の深さだよ、<br>姉妹ってやつは！,现在有也不迟啊！比血缘关系更深的羁绊就是姐妹啊！
39,,なんならルリアも<br>アタシの妹になっちゃっても<br>いいんだよ～？,露利亚要是想当我妹妹的话也可以哦？
40,,<span class='scene-font-katari'>一行がそんな話をしている時だった。</span>,一行人这样说着话时。
44,,ぴゃっ！？,呀！ ？
45,,<span class='scene-font-katari'>音に振り向くと</span><br><span class='scene-font-katari'>荷馬車の歯車のひとつが壊れ、</span><br><span class='scene-font-katari'>周辺に木くずを散らしていた。</span>,众人听到声音急忙转头，发现马车的轮轴坏了，周围到处洒落着木屑。
46,,<span class='scene-font-katari'>そして誰かが口を開くよりも</span><br><span class='scene-font-katari'>先に聞こえたのは──</span>,在大家开口之前首先听到的是──
48,,んん……！？<br>な、なんの音だぁ……？,嗯......！ ？是什么声音......？
49,,<span class='scene-font-4'>狙撃だっ！</span><br>あそこのくぼみに身を隠せ！,是狙击手！快躲进那边的凹坑！
50,,え？　な、なんだってぇ……？,什？什么......？
51,,さあ、こっちだ！<br>ルリアも早く！,快，在这边！ 露利亚你也快过来！
52,,え？　え？　えっと……？,什么？什么？呃......
53,,<span class='scene-font-katari'>当惑して動けずにいたルリアの背中を</span><br><span class='scene-font-katari'>姬塔が押し、駆けだす。</span>,团长拉着不知所措的露利亚，跑了过来。
58,,<span class='scene-font-katari'>そしてシルヴァの指示通り、</span><br><span class='scene-font-katari'>全員が岩壁のくぼみに身を隠した。</span>,按照席尔瓦的命令，大家藏身在岩壁凹陷中。
59,,シルヴァ姉……これって……,席尔瓦姐......这是......
60,,ああ、間違いない……,啊，毫无疑问......
61,,お、おい……狙撃手の姉ちゃん、<br>さっきなんて言ったんだ？,Oya ......啊，狙击手大姐刚才在说什么？
62,,……みんな、よく聞いてほしい。<br>我々は狙撃を受けた。,......我希望大家仔细听我说，我们现在被人狙击了。
63,,狙撃だって！？<br>な、なんでそんなことわかるんだ？,狙击！ ？为什么你会知道是狙击？
64,,思い出してくれ。<br>まず荷馬車の歯車が壊れる音がした。<br>その後に乾いた発砲音……,回想一下吧。首先是马车的轮轴坏了的声音，接下来才是低沉的枪声......
65,,我々を狙って長距離から狙撃銃で<br>銃弾を発射した者がいるということだ。,这说明有人在远处用狙击枪在狙击我们。
66,,そんな……！<br>こ、この場所は安全なのか……？,怎么这样......！那这个地方安全吗？
67,,次弾を装填して発射するには<br>すでに十分な時間が経っている。<br>だが現状、我々に被害はない。,已经有足够时间让他再装填子弹射击了。不过在这，我们不会有危险。
68,,相手にとって、<br>ここは死角なのだろう。,对于对方来说，这是一个盲点。
69,,そうか……<br>ひとまず安全ってことだな……,是吗......总之现在暂时安全了吗......
70,,……いや──,不──
71,,な、なんだよ……？,怎，怎么了......？
72,,わざわざ身を隠せる岩陰の近くで<br>撃ってきたということは……,特意在可以藏身的岩壁附近狙击我们......
73,,もしや、この場所は……！,莫非，这个地方......！
75,,<span class='scene-font-katari'>すると、それまで静かだった周辺が</span><br><span class='scene-font-katari'>途端に大勢の足音で騒がしくなった。</span>,接着，原本安静的周围忽然传来大量脚步声。
76,,やられた……！,中计了......！
78,,<span class='scene-font-4'>ぴゃいぃ！</span><br>で、出やがったです！<br>し……しかも……,啊！出现了！而......而且......
79,,囲まれた……！,我们被包围了......！
80,,<span class='scene-font-katari'>くぼみにまとまった一行は</span><br><span class='scene-font-katari'>あっという間に</span><br><span class='scene-font-katari'>山賊に取り囲まれてしまっていた。</span>,聚集在岩壁处的众人一下子就被山贼们包围了。
81,,死にたくなければ<br>ブツをすべて置いていけ。,要是不想死的话，就把货物都交出来。
82,,<span class='scene-font-katari'>笑うでもなく、怒鳴るでもなく、</span><br><span class='scene-font-katari'>開口一番、</span><br><span class='scene-font-katari'>現れた山賊は物資を要求してきた。</span>,没有大笑，也没有怒吼，山贼开口第一句话就是要人交出货物。
83,,長くは待たない。<br>10数える間に決めろ。,我可不会等很久。在我数到十之前赶快决定。
84,,いち……に……さん……,一...... 二......三......
85,,なんなんだ、こいつら……！？,怎么回事，这些家伙......！ ？
86,,統率のとれた動きだ……<br>みんな、気をつけてくれ。<br>こういう輩は手ごわい。,两边配合吗......大家小心。这些家伙很棘手。
87,,どういうことだ……？,什么意思......？
88,,狙撃に気づき、<br>近くの物陰に慌てて逃げ込んだ獲物を<br>別働隊が取り囲んで一斉に叩く──,注意到狙击，匆忙躲进附近隐蔽处的猎物，由别动队来包围抢夺──
89,,狙撃を使った初歩的な作戦だ。<br>これならば狙撃手はひとりで済むし、<br>敵は混乱しているから奇襲も容易。,这是狙击手的初级战术。这样的话，狙击手一个人就够了，敌人混乱后很容易奇袭成功。
90,,つまり我々はまんまと<br>相手の作戦にハマってしまったんだ。,换句话说，我们已经完全落入对方圈套里了。
91,,……きゅう……じゅう！<br>ふっ、おとなしく従う気はないと見た。,......九 ......十！看来不会乖乖听话啊。
92,,よし、お前ら！　やっちまうぞ！,好吧，大家给我上！
93,,や、やべえ！　来るぞ！,糟了！他们来了！
95,,戦闘態勢をとれ！<br>ただし、この崖のくぼみから<br>一歩も出るな！　狙撃されるぞ！,准备！但是，不要走出这个岩壁！会被狙击的！
info,,1,scene_chr496_q1_s20
,,,