id,name,detail
npc,莉莉,3040007000
special,冰雪视界,水属性伤害（特大）/我方全体水属性攻击25%UP
skill-1,冰晶结界,减免我方全体遭受的火属性伤害（70%）
skill-2,冰冻风暴,对敌方全体造成1.5~2倍水属性伤害/冻结效果
skill-2+,冰冻风暴,对敌方全体造成2.5~3倍水属性伤害/冻结效果
skill-3,纯白治愈,回复我方全体HP（上限1500），净化一个负面效果
support-1,闪烁的结晶,防御10%UP
support-2,冰晶宫的特使,队伍前排种族数越多，自身攻击力越高
skill-lb,LB技能,减轻我方全体受到的火属性伤害
intro,,