id,name,detail
npc,莉露露,3040066000
special,闪耀演唱会,水属性伤害（特大）/魅惑效果
skill-1,好想见到你……,男性角色攻防35%UP/女性角色攻防20%UP
skill-2,如果有翅膀，一定能传达,我方全体奥义值UP，奥义值上升速度UP/（男性角色15%UP/女性角色10%UP）
skill-2+,如果有翅膀，一定能传达,我方全体奥义值UP，奥义值上升速度UP/（男性角色20%UP/女性角色15%UP）
skill-3,四季流转。,回复我方全体HP（男性角色上限3000，女性2000）/屏障效果（男性1500，女性1000）
support-1,心碎的感觉,自身技能对男性成员效果UP
skill-lb,LB技能,男性成员攻击UP
,,