id,name,detail
npc,樱内梨子＆高海千歌＆渡边曜,3040183000
special,有爱所以没问题！,水属性伤害（特大）/我方全体水属性攻击15%UP/HP回复（500）
skill-1,思念汇聚！,我方二连击率35%UP/三连击率5%UP
skill-2,想要闪耀！,自身可即时发动奥义
skill-3,全速前进走起！,消去敌方1个强化效果/自身回避率大幅UP
skill-4,决定了！手牵手！,赋予敌人魅惑效果<span class=text-blue>◆魅惑成功时我方全体攻击力20%UP</span>
support-1,浦之星女子学院2年级学生,自身HP越多，奥义伤害越高（最大30%）
skill-lb,LB技能,Aqours成员攻击UP
,,