id,name,detail
npc,赫尔艾斯,3040060000
special,霍斯之战,火属性伤害(特大)/下一次使用「秋意萧条」时，技能发动2次
skill-1,速攻,对敌方单体造成1.5～2倍火属性伤害/自身奥义伤害UP(累积)
skill-1+,速攻,对敌方单体造成2～2.5倍火属性伤害/自身奥义伤害UP(累积)
skill-2,秋意萧条,对敌方单体造成3.5～4.5倍火属性伤害/我方全体奥义值UP (10%)
skill-2+,秋意萧条,对敌方单体造成4～5倍火属性伤害/我方全体奥义值UP (10%)
skill-3,决战之夜,<div class=prt-text-small>效果中必定三连击/反击效果(回避/1次)<br><span class=text-blue>◆消耗30％奥义值</span></div>
support-1,赤炎舞枪,对OD状态的敌人攻击UP
skill-lb,LB技能,减轻OD状态的敌人所造成的伤害
,,