{"304099000":"土-尤斯提斯（万圣）-SSR.csv","3040000000":"风-高文-SSR.csv","3040001000":"水-阿泰尔-SSR.csv","3040002000":"土-阿雷提亚-SSR.csv","3040003000":"风-聂查瓦尔比利-SSR.csv","3040004000":"光-蕾‧芬耶-SSR.csv","3040005000":"暗-灰夫人-SSR.csv","3040007000":"水-莉莉-SSR.csv","3040008000":"光-萨鲁楠-SSR.csv","3040009000":"土-卡里奥斯特罗-SSR.csv","3040010000":"水-夏洛特-SSR.csv","3040011000":"火-玛姬莎-SSR.csv","3040012000":"风-美黛拉-SSR.csv","3040013000":"光-塞鲁艾尔-SSR.csv","3040014000":"光-蕾‧芬耶（泳装）-SSR.csv","3040016000":"暗-刻耳柏洛斯-SSR.csv","3040017000":"火-艾奇尔巴-SSR.csv","3040018000":"风-克里斯提娜-SSR.csv","3040019000":"土-阿露露梅娅-SSR.csv","3040020000":"光-夏洛特（万圣）-SSR.csv","3040021000":"风-蕾娜-SSR.csv","3040022000":"土-梅路-SSR.csv","3040023000":"水-兰斯洛特-SSR.csv","3040025000":"土-齐格飞-SSR.csv","3040026000":"暗-萝赛塔（圣诞）-SSR.csv","3040027000":"火-阿尼拉-SSR.csv","3040028000":"火-泽塔-SSR.csv","3040030000":"水-乌诺-SSR.csv","3040031000":"光-索恩-SSR.csv","3040032000":"土-萨拉萨-SSR.csv","3040033000":"水-卡托尔-SSR.csv","3040034000":"光-芬芙-SSR.csv","3040037000":"土-奥克托-SSR.csv","3040038000":"风-妮欧-SSR.csv","3040040000":"光-贞德-SSR.csv","3040041000":"土-萨拉-SSR.csv","3040042000":"风-卡门莉娜-SSR.csv","3040044000":"水-苏丝雅-SSR.csv","3040045000":"光-阿尔贝尔-SSR.csv","3040046000":"火-克拉丽丝-SSR.csv","3040047000":"风-佩特拉-SSR.csv","3040048000":"暗-萨鲁南-SSR.csv","3040049000":"水-席尔瓦-SSR.csv","3040050000":"火-帕西瓦尔-SSR.csv","3040051000":"光-阿米拉-SSR.csv","3040052000":"火-冈达葛萨-SSR.csv","3040053000":"土-维拉-SSR.csv","3040054000":"水-卡塔莉娜-SSR.csv","3040055000":"暗-塔努娅（泳装）-SSR.csv","3040057000":"暗-斑比-SSR.csv","3040058000":"风-安丽特-SSR.csv","3040059000":"火-拉卡姆-SSR.csv","3040060000":"火-赫尔艾斯-SSR.csv","3040061000":"风-菲娜-SSR.csv","3040062000":"暗-卡里奥斯特罗（万圣）-SSR.csv","3040063000":"暗-娜尔梅亚-SSR.csv","3040066000":"水-莉露露-SSR.csv","3040067000":"土-克拉丽丝-SSR.csv","3040068000":"风-萝赛塔-SSR.csv","3040069000":"土-尤斯提斯-SSR.csv","3040070000":"暗-贝阿朵丽丝-SSR.csv","3040071000":"风-安琪拉-SSR.csv","3040072000":"火-美黛拉-SSR.csv","3040073000":"光-菲莉-SSR.csv","3040074000":"土-凯瑟琳-SSR.csv","3040076000":"火-亚欧伊德斯-SSR.csv","3040077000":"土-欧根-SSR.csv","3040079000":"土-哈蕾塞娜-SSR.csv","3040080000":"暗-贞德-SSR.csv","3040081000":"风-可露瓦-SSR.csv","3040082000":"暗-黑骑士-SSR.csv","3040083000":"火-阿丽莎-SSR.csv","3040084000":"土-艾尔-SSR.csv","3040085000":"土-涅莫涅-SSR.csv","3040086000":"暗-法露特-SSR.csv","3040087000":"光-罗莎米亚-SSR.csv","3040088000":"水-英格威-SSR.csv","3040089000":"水-娜尔梅亚（泳装）-SSR.csv","3040090000":"火-帕西瓦尔（泳装）-SSR.csv","3040091000":"光-赫尔艾斯（泳装）-SSR.csv","3040092000":"暗-佐伊-SSR.csv","3040093000":"水-夏诺瓦-SSR.csv","3040096000":"光-朱丽叶-SSR.csv","3040098000":"水-罗密欧-SSR.csv","3040101000":"风-莉夏-SSR.csv","3040102000":"风-梅利莎贝尔-SSR.csv","3040103000":"火-安苏莉娅-SSR.csv","3040104000":"水-阿露露梅娅-SSR.csv","3040106000":"光-路西欧-SSR.csv","3040107000":"土-玛琪拉（鸡妹）-SSR.csv","3040108000":"暗-马尔基雷斯-SSR.csv","3040109000":"土-拉丝缇娜-SSR.csv","3040110000":"火-贝阿朵丽丝-SSR.csv","3040111000":"暗-欧姬丝-SSR.csv","3040112000":"暗-泽塔-SSR.csv","3040113000":"土-蕾‧芬耶-SSR.csv","3040115000":"火-斯特姆-SSR.csv","3040116000":"水-卡塔哔娜与维拉-SSR.csv","3040117000":"水-维恩-SSR.csv","3040118000":"暗-卡塔莉娜-SSR.csv","3040119000":"水-德朗克-SSR.csv","3040120000":"暗-卡里奥斯特罗-SSR.csv","3040121000":"光-克拉丽丝-SSR.csv","3040123000":"土-美杜莎-SSR.csv","3040124000":"光-鲍特欧达-SSR.csv","3040125000":"土-尤格多拉希尔-SSR.csv","3040127000":"风-可露瓦（泳装）-SSR.csv","3040129000":"水-戴安莎-SSR.csv","3040130000":"火-古蕾雅-SSR.csv","3040131000":"光-三日月宗近-SSR.csv","3040132000":"水-安-SSR.csv","3040134000":"光-多萝西&克劳迪娅-SSR.csv","3040135000":"火-塔努娅（万圣）-SSR.csv","3040136000":"光-木之本樱-SSR.csv","3040137000":"暗-阿萨谢尔-SSR.csv","3040140000":"风-兰斯洛特-SSR.csv","3040142000":"风-利威尔-SSR.csv","3040143000":"光-玛丽（圣诞）-SSR.csv","3040144000":"火-夏利欧斯17世-SSR.csv","3040145000":"暗-奥利薇尔-SSR.csv","3040146000":"土-巴萨拉卡-SSR.csv","3040147000":"水-瓦姬拉-SSR.csv","3040148000":"土-伊尔莎-SSR.csv","3040149000":"火-特蕾丝-SSR.csv","3040150000":"光-佐伊（铳）-SSR.csv","3040151000":"土-美杜莎（情人节）-SSR.csv","3040152000":"风-提亚玛特-SSR.csv","3040153000":"光-圣德芬-SSR.csv","3040154000":"风-贞德-SSR.csv","3040155000":"光-萝伯美-SSR.csv","3040156000":"暗-士郎-SSR.csv","3040157000":"光-江户川柯南-SSR.csv","3040158000":"土-布洛蒂亚-SSR.csv","3040159000":"水-库库鲁-SSR.csv","3040170000":"土-索利兹-SSR.csv","3040171000":"土-该隐-SSR.csv","3040172000":"暗-露娜露-SSR.csv","3040173000":"暗-Joker-SSR.csv","3040176000":"土-萝赛塔-SSR.csv","3040177000":"火-伊尔莎-SSR.csv","3040179000":"水-古蕾雅-SSR.csv"}
