id,name,text,trans
0-chapter_name,,エンディング,尾声
0-synopsis,,無事にガラルドーザを倒した一行。グルメイベント最終日、一行はサヴァランを店に迎え、考案したフルコースと姬塔達のサービスでサヴァランに一流の店だと認めさせる。グルメイベントでも売り上げ一位を獲得し、ビストロ・フェードラッヘは「ビストロ・ドラゴンナイツ」と名前を改め、ジャックと馴染みのスタッフ達によって続いていくのだった。,顺利打到加拉尔德扎的一行人。在美食家活动的最后一天、一行人迎接萨瓦兰来店、通过有所考量的套餐与姬塔们的服务，使萨瓦兰认同菲德拉赫料理店为一流的名店。在美食家活动中也获得了营业额第一名、菲德拉赫料理店之名也被翻新为「龙骑料理店」、并由杰克与熟络了的店员们将营业继承了下去。
2,ガラルドーザ,<span class='scene-font-4'>グォォォォォッ……！</span>,<span class='scene-font-4'>咕哦哦哦哦哦哦哦……！</span>
3,ジークフリート/齐格飞,今だお前達！<br>全力で叩き込め！<br><span class='scene-font-4'>はぁぁぁぁぁぁぁぁっ！</span>,就是现在诸位！<br>全力攻击！<br><span class='scene-font-4'>哈啊啊啊啊啊啊啊！</span>
4,ジークフリート/齐格飞,我が剣にて魔を断たん！<br>シュヴァルツ・ファング！,以吾剑以断魔！<br>漆黑之爪！
12,ランスロット/兰斯洛特,白竜騎士団の誇りにかけて！<br>ヴァイス・フリューゲル！,赌上白龙骑士团的荣耀！<br>纯白之翼！
21,パーシヴァル/帕西瓦尔,炎帝の刃、とくと味わえ！<br>ローエン・ヴォルフ！,炎帝之刃、尽情品尝吧！<br>炎狼！
28,ヴェイン/维恩,この一瞬にすべてを賭ける！<br>レーヴェバイン・ヤクト！,将一切赌在这一瞬间！<br>狮爪狩猎！
33,姬塔,────,────
33-sel1_txt,,<span class='scene-font-katari'>とどめだぁぁぁぁっ！</span>,<span class='scene-font-katari'>最后一击！</span>
41,,<span class='scene-font-katari'>姬塔達の奥義が</span><br><span class='scene-font-katari'>ガラルドーザに炸裂する。</span>,<span class='scene-font-katari'>姬塔一行人的奥义</span><br><span class='scene-font-katari'>炸裂于加拉尔德扎之上。</span>
43,ガラルドーザ,グガァァァァァァ……,咕嘎啊啊啊啊啊……
48,,<span class='scene-font-katari'>姬塔達の</span><br><span class='scene-font-katari'>全力の攻撃を一身に浴びて</span><br><span class='scene-font-katari'>たまらず転倒するガラルドーザ。</span>,<span class='scene-font-katari'>受到姬塔一行人</span><br><span class='scene-font-katari'>的全力一击</span><br><span class='scene-font-katari'>不堪而倒下的加拉尔德扎。</span>
49,ビィ/碧,はぁ……はぁ……<br>これでどうだ！,哈……哈……<br>这样如何！
50,ルリア/露莉亚,ガラルドーザさんが、<br>倒れたまま動きません。,加拉尔德扎先生、<br>倒着一动不动了。
51,ガラルドーザ,…………,…………
53,ジークフリート/齐格飞,どうやら……<br>これで決着がついたようだな。,看来……<br>这下就决出雌雄了。
54,ヴェイン/维恩,ふぅ、やったぜー！<br>あのガラルドーザに勝ったぜー！,呼、太好了！<br>打赢那个加拉尔德扎了！
55,ランスロット/兰斯洛特,ああ、俺達の勝利だ。,啊啊、是我们胜利了。
56,パーシヴァル/帕西瓦尔,当然の結果だ。,这是当然的。
57,,<span class='scene-font-katari'>姬塔一行は、激闘の末</span><br><span class='scene-font-katari'>ガラルドーザに勝利を収めた。</span>,<span class='scene-font-katari'>姬塔一行人、于激斗的最后</span><br><span class='scene-font-katari'>从加拉尔德扎收获了胜利的果实。</span>
58,,<span class='scene-font-katari'>幻の肉、シャトーブリリアントを</span><br><span class='scene-font-katari'>手に下山する姬塔一行。</span>,<span class='scene-font-katari'>入手梦幻之肉、夏多布里昂肉</span><br><span class='scene-font-katari'>下山的姬塔一行人。</span>
64,,<span class='scene-font-katari'>早速、姬塔達は、</span><br><span class='scene-font-katari'>シャトーブリリアントの</span><br><span class='scene-font-katari'>調理法について研究する。</span>,<span class='scene-font-katari'>马上、姬塔一行人、</span><br><span class='scene-font-katari'>就对夏多布里昂肉的料理方式</span><br><span class='scene-font-katari'>进行了研究。</span>
65,ヴェイン/维恩,うーん……この肉には<br>ソテーかロティかグリエか、<br>どんな調理法が合ってるんだ？,唔……这个肉<br>嫩煎，烘烤，烧烤、<br>到底怎么做才更合适啊？
66,ランスロット/兰斯洛特,そんなに調理法があるのか……<br>ひとまず色々と試してみようぜ？,有那么多料理方法吗……<br>总之先一个个尝试吧？
67,パーシヴァル/帕西瓦尔,最高級の食材を生かすには、<br>素材そのものの味を生かすのが<br>定番ではあるな。,如果要活用最高级的食材、<br>就要保持食材的原汁原味<br>有这样的老办法。
68,ジークフリート/齐格飞,肉はさっと炙るのに限るぞ。,吃肉就是要吃刚烤好的。
69,ビィ/碧,残された時間は少ねぇけど、<br>みんなで力を合わせて頑張ろうぜ！,虽然剩下的时间不多了、<br>但还是结合大家的力量努力吧！
70,ルリア/露莉亚,はい！<br>私、たくさん試食する<br>準備は出来てますよ！,好！<br>我、已经做好<br>试吃很多东西的准备了！
71,ジャック,皆さん……<br>私達スタッフも全力で協力するので<br>何卒よろしくお願い致します！,各位……<br>我们员工也会全力协助的<br>还请您们多多指教了！
72,,<span class='scene-font-katari'>姬塔達に協力しようと</span><br><span class='scene-font-katari'>厨房に集まって来る</span><br><span class='scene-font-katari'>ジャックと古参のスタッフ達。</span>,<span class='scene-font-katari'>为了协助姬塔一行人</span><br><span class='scene-font-katari'>而向厨房集合的</span><br><span class='scene-font-katari'>杰克与老练的员工们。</span>
73,,<span class='scene-font-katari'>姬塔達は、最終日の直前まで</span><br><span class='scene-font-katari'>最後の１皿、シャトーブリリアントの</span><br><span class='scene-font-katari'>最高の食べ方について研究するのだった。</span>,<span class='scene-font-katari'>姬塔一行人、赶在最后一天之前</span><br><span class='scene-font-katari'>用最后一盘、研究出了夏多布里昂肉的</span><br><span class='scene-font-katari'>最好的吃法。</span>
79,,<span class='scene-font-katari'>そうしてやってきた</span><br><span class='scene-font-katari'>グルメイベントの最終日。</span>,<span class='scene-font-katari'>然后终于到来的</span><br><span class='scene-font-katari'>美食家活动的最后一天。</span>
80,,<span class='scene-font-katari'>ビストロ・フェードラッヘと</span><br><span class='scene-font-katari'>リストランテ・ニューの</span><br><span class='scene-font-katari'>売り上げは拮抗していた。</span>,<span class='scene-font-katari'>菲德拉赫料理店与</span><br><span class='scene-font-katari'>Ristorante·New的</span><br><span class='scene-font-katari'>营业额不分伯仲。</span>
81,人気店の店長,……くそっ！<br>このままで終われるか！,……可恶！<br>就这样结束了吗！
82,,<span class='scene-font-katari'>サヴァランの来店を控えて</span><br><span class='scene-font-katari'>浮足立つ姬塔達の陰で</span><br><span class='scene-font-katari'>何かを企んでいる様子である。</span>,<span class='scene-font-katari'>为了准备接待萨瓦兰来店</span><br><span class='scene-font-katari'>而忙碌的姬塔一行人的背后</span><br><span class='scene-font-katari'>有人在计划着什么。</span>
88,,<span class='scene-font-katari'>そしてとうとう、サヴァランが</span><br><span class='scene-font-katari'>ビストロ・フェードラッヘに</span><br><span class='scene-font-katari'>来店する刻限となった。</span>,<span class='scene-font-katari'>然后终于、到了萨瓦兰</span><br><span class='scene-font-katari'>光临菲德拉赫料理店</span><br><span class='scene-font-katari'>的时间。</span>
90,サヴァラン,……この店に来るのは、<br>久しぶりの様な気がするが<br>ずいぶんと賑わっているな。,……虽然我感觉有很久、<br>没到店里来了<br>还真是热闹了不少。
91,サヴァラン,ほう……<br>店の外にテラス席とは<br>考えたものだな。,嚯……<br>在店外设置露天餐桌<br>还真是下了一番心思。
92,サヴァラン,では……<br>店内へ入るとするか。,那么……<br>到店里去看看吧。
94,,<span class='scene-font-katari'>サヴァランが、扉を押して</span><br><span class='scene-font-katari'>ビストロ・フェードラッヘの</span><br><span class='scene-font-katari'>店内に一歩足を踏み入れた。</span>,<span class='scene-font-katari'>萨瓦兰、推门踏入了</span><br><span class='scene-font-katari'>菲德拉赫料理店</span><br><span class='scene-font-katari'>店内。</span>
95,４人,いらっしゃいませ！<br>ようこそ<br>ビストロ・フェードラッヘへ！,欢迎光临！<br>欢迎您来到<br>菲德拉赫料理店！
96,サヴァラン,ふむ……<br><span class='scene-font-kokoro'>（店の雰囲気が明るくなったな）</span>,呼姆……<br><span class='scene-font-kokoro'>（店里的气氛变得明亮了啊）</span>
97,ランスロット/兰斯洛特,ご予約のサヴァラン様で<br>ございますね。<br>では、こちらの席へどうぞ。,是有预约的萨瓦兰<br>先生吧。<br>那么、请来这边就座。
98,サヴァラン,ああ……,啊啊……
100,,<span class='scene-font-katari'>店内の落ち着いた</span><br><span class='scene-font-katari'>テーブル席へ</span><br><span class='scene-font-katari'>案内されるサヴァラン。</span>,<span class='scene-font-katari'>被带到店内</span><br><span class='scene-font-katari'>一处安静的桌位的</span><br><span class='scene-font-katari'>萨瓦兰。</span>
101,サヴァラン,<span class='scene-font-kokoro'>（接客は見違えるようだが、</span><br><span class='scene-font-kokoro'>肝心の料理はどうだ？）</span>,<span class='scene-font-kokoro'>（尽管接客让我刮目相看了、</span><br><span class='scene-font-kokoro'>最关键的料理又如何？）</span>
102,ランスロット/兰斯洛特,お料理は<br>いかがいたしましょうか？,您要<br>点什么菜品呢？
103,サヴァラン,この店のおすすめの<br>フルコースを頼む。,就来这个点里<br>推荐的套餐吧。
104,ランスロット/兰斯洛特,かしこまりました。,明白了。
106,,<span class='scene-font-katari'>厨房のカウンター前に</span><br><span class='scene-font-katari'>立つランスロット。</span>,<span class='scene-font-katari'>驻足于厨房柜台的</span><br><span class='scene-font-katari'>兰斯洛特。</span>
107,ランスロット/兰斯洛特,オーダー！<br>サヴァラン様を<br>満足させるフルコース！,点餐！<br>让萨瓦兰先生<br>满足的套餐！
108,６人,<span class='scene-font-4'>ウィ！</span>,<span class='scene-font-4'>是！</span>
108-sel1_txt,,<span class='scene-font-katari'>ウィ！</span>,<span class='scene-font-katari'>是！</span>
109,,<span class='scene-font-katari'>ホールにいたパーシヴァルは、</span><br><span class='scene-font-katari'>サヴァランの元に</span><br><span class='scene-font-katari'>近づいて話しかける。</span>,<span class='scene-font-katari'>在大厅的帕西瓦尔、</span><br><span class='scene-font-katari'>走近萨瓦兰身边</span><br><span class='scene-font-katari'>并搭话。</span>
111,パーシヴァル/帕西瓦尔,サヴァラン殿、<br>食前酒はいかがですか？,萨瓦兰阁下、<br>饭前要来点酒吗？
112,サヴァラン,ほう……<br>では、おすすめを頂こうかな。,嚯……<br>那么、就要推荐的吧。
113,パーシヴァル/帕西瓦尔,かしこまりました。,明白了。
114,サヴァラン,さすがに板についている様ですが、<br>サービスでポイントを稼いでも<br>結果に影響はありません。,尽管做的是有模有样的、<br>但再怎么在服务上加分<br>也不会影响结果。
115,パーシヴァル/帕西瓦尔,ええ……本日は普段通りの<br>ビストロ・フェードラッヘを<br>楽しんでいただければ光栄です。,是……今天只要能让您<br>享受到平时的菲德拉赫料理店<br>就很光荣了。
116,サヴァラン,ああ、楽しみにしているよ。,啊啊、我很期待。
117,,<span class='scene-font-katari'>厨房ではサヴァランに向けた</span><br><span class='scene-font-katari'>フルコースの料理が作られ始める。</span>,<span class='scene-font-katari'>厨房则在做萨瓦兰</span><br><span class='scene-font-katari'>的套餐料理。</span>
118,ヴェイン/维恩,まずはキッシュとパテからだ。,首先是乳蛋饼和肉酱。
119,厨房スタッフ達,ウィ！,是！
120,ヴェイン/维恩,ジークフリートさんは<br>スープの準備をお願いします。,齐格飞先生就请<br>准备做汤吧。
121,ジークフリート/齐格飞,ウィ！,是！
122,ビィ/碧,オイラ達はどうすればいいんだ？,咱要咋办啊？
123,ヴェイン/维恩,そうだな……<br>姬塔達は付け合せの<br>野菜とソースを作ってくれ！,是哦……<br>就拜托姬塔们做配料的<br>野菜和酱料吧！
124,ルリア/露莉亚,分かりました！,明白了！
124-sel1_txt,,<span class='scene-font-katari'>任せて！</span>,<span class='scene-font-katari'>交给我吧！</span>
125,,<span class='scene-font-katari'>こうして、</span><br><span class='scene-font-katari'>ビストロ・フェードラッヘの</span><br><span class='scene-font-katari'>命運をかけた料理が始まった。</span>,<span class='scene-font-katari'>就这样、</span><br><span class='scene-font-katari'>赌上菲德拉赫料理店的命运的</span><br><span class='scene-font-katari'>料理开始制作了。</span>
131,,<span class='scene-font-katari'>まずは、前菜２種の皿を</span><br><span class='scene-font-katari'>サヴァランの元へ</span><br><span class='scene-font-katari'>持っていくランスロット。</span>,<span class='scene-font-katari'>首先是、将两碟前菜</span><br><span class='scene-font-katari'>送到萨瓦兰面前的</span><br><span class='scene-font-katari'>兰斯洛特。</span>
134,ランスロット/兰斯洛特,こちら、前菜のドラッヘントラウトの<br>キッシュと──,这边是、前菜的德拉狠鳟鱼<br>乳蛋饼和──
139,ランスロット/兰斯洛特,ドラッヘンボアの<br>パテ・ド・カンパーニュになります。,德拉狠野猪<br>乡村肉酱。
140,サヴァラン,ふむ……<br>前菜はキッシュとパテか。,呼姆……<br>前菜是乳蛋饼和肉酱么。
141,サヴァラン,どちらも定番の前菜だが、<br>定番ゆえに、小手先の料理では<br>私は満足しないぞ。,不管哪个都是约定俗成的前菜、<br>但正因如此、要是你们耍了什么小聪明<br>可就无法满足我了。
142,サヴァラン,あえてドラッヘントラウトに<br>ドラッヘンボアなどという<br>珍妙な食材を合わせてきたのか。,特地选用德拉狠鳟鱼<br>和德拉狠野猪之类<br>珍惜食材制作的么。
143,サヴァラン,だが、珍しい食材で奇を衒おうが、<br>私の口に合わなければ<br>そこで終わりだと思うがいい。,但、只是用珍稀食材引人注目、<br>而不和我胃口的话<br>到时就当是结束吧。
144,,<span class='scene-font-katari'>ぶつぶつと呟きながらも</span><br><span class='scene-font-katari'>優雅な所作で前菜を</span><br><span class='scene-font-katari'>口に運ぶサヴァラン。</span>,<span class='scene-font-katari'>尽管喋喋不休也仍用</span><br><span class='scene-font-katari'>优雅的动作将前菜</span><br><span class='scene-font-katari'>送入口中的萨瓦兰。</span>
145,サヴァラン,はむっ……もぐもぐ……,哈姆っ……咀嚼咀嚼……
147,サヴァラン,こっこれは！<br>なんて素朴で優しい味なんだ！<br>だが素朴なだけではない！,这 这是！<br>何等朴素而又温和的味道！<br>但又不仅仅是朴素！
148,サヴァラン,しっかりと練り上げられたプロの味だ！<br>むぅ、これは奇妙な感覚だ……！,这是经过千锤百炼才能做出的专业的味道！<br>姆、这真是奇妙的感觉……！
149,サヴァラン,ドラッヘントラウトと<br>ドラッヘンボアが味にリズムと<br>コントラストをつけている。,在德拉很鳟鱼与<br>德拉很野猪的味道上赋予了韵律<br>与色彩的对比。
150,サヴァラン,定番の料理に、<br>癖の強い食材を使うことで、<br>鮮烈な味に仕上がっているのか……！,是通过在约定俗成的料理中、<br>使用强烈的食材、<br>才附上了如此鲜烈的味道吗……！
151,サヴァラン,ほう……<br>なかなかやるな……,嚯……<br>还真是有一手啊……
152,,<span class='scene-font-katari'>次に、サヴァランの元に</span><br><span class='scene-font-katari'>２種類のスープが運ばれてくる。</span>,<span class='scene-font-katari'>接着、送到萨瓦兰面前的是</span><br><span class='scene-font-katari'>两种不同的汤品。</span>
153,ランスロット/兰斯洛特,こちら黒竜騎士団特製<br>ポルチニド茸の<br>クリームスープと──,这边是黑龙骑士团特制<br>宝侧尼德菌<br>奶油蘑菇汤和──
158,ランスロット/兰斯洛特,白竜騎士団特製<br>ポロポロ鳥の野菜スープで<br>ございます。,白龙骑士团特制<br>珠鸡野菜汤<br>。
159,サヴァラン,む、これは……<br>茸のスープと鳥肉のスープか、<br>二種類のスープとは面白いが……,姆、这是……<br>蘑菇汤和鸡肉汤么、<br>两种汤品虽是有趣……
160,サヴァラン,では、冷める前に頂こうか。,那么、在冷掉之前享用吧。
162,サヴァラン,むっ……軽やかな味わいの中に<br>しっかりコクのある鳥肉のスープ……,姆……清新的口味在口中<br>有浓厚味道的鸡肉汤……
164,サヴァラン,ポロポロ鳥の出汁と野菜の甘みが<br>絶妙なハーモニーを奏でている……！<br>まさに鳥と野菜の荘厳なオーケストラ！,珠鸡的肉汁与野菜的甜味<br>正在奏响着绝妙的和音……！<br>简直可以说是鸡与野菜庄严的管弦乐！
165,サヴァラン,一方のポルチニド茸のクリームスープは<br>濃厚な茸出汁がクリームにマッチして、<br>こちらも唯一無二の関係になっている。,这边宝侧尼德菌的奶油汤<br>浓厚的菌汁与奶油搭配着、<br>也形成了独一无二的关系。
166,サヴァラン,さしずめこちらは茸とクリームの<br><span class='scene-font-4'>濃厚なデュオ！</span>,也就是说这边就是菌与奶油浓厚的<br><span class='scene-font-4'>二重唱！</span>
167,サヴァラン,さながら耳元で歌いかけて<br>くるような魂に迫るライブ味だ！,仿佛是在耳旁歌唱一般<br>向灵魂迫近的演唱会的味道！
169,サヴァラン,そして一方のスープを味わうと<br>またもう一方が味わいたくなる……,然后品尝过这边的汤以后<br>又会想要去品尝另一边的汤……
171,サヴァラン,<span class='scene-font-4'>なんだこの奇跡のスープ達は！</span><br><span class='scene-font-4'>味の永久機関か！　おい！</span>,<span class='scene-font-4'>这些汤是什么奇迹啊！</span><br><span class='scene-font-4'>味觉的永动机吗！　喂！</span>
172,,<span class='scene-font-katari'>厨房の姬塔達は、</span><br><span class='scene-font-katari'>魔鯛のポワレの準備に</span><br><span class='scene-font-katari'>取り掛かる。</span>,<span class='scene-font-katari'>在厨房的姬塔一行人、</span><br><span class='scene-font-katari'>正在着手准备闷煎魔鲷</span><br><span class='scene-font-katari'>。</span>
173,ビィ/碧,サヴァランのヤツ<br>なんかデカい独り言を<br>ぶつぶつ言ってるぜ！,萨瓦兰那人<br>好像在喋喋不休地<br>自言自语诶！
174,パーシヴァル/帕西瓦尔,あれは美食家サヴァランの十八番<br>料理との魂の対話だ。,那是美食家萨瓦兰的招牌技<br>与料理的魂之对话。
175,ルリア/露莉亚,対話……ですか？,对话……吗？
176,パーシヴァル/帕西瓦尔,語るに足る料理、<br>だということだ。,也就是说是、<br>值得开口的料理。
177,ジークフリート/齐格飞,ひとまず順調ということだな。,也就是说，暂时很顺利。
178,ヴェイン/维恩,いよし……<br>んじゃここからが本番だ！,好……<br>那从现在开始才是重头戏！
179,,<span class='scene-font-katari'>ヴェインは手際よく、</span><br><span class='scene-font-katari'>魔鯛の皮目に油をかけていく。</span>,<span class='scene-font-katari'>维恩行云流水地、</span><br><span class='scene-font-katari'>向魔鲷的皮上浇油。</span>
180,ヴェイン/维恩,ここでメインの魚料理、<br>魔鯛のポワレ……<br>スペシャルソース和えだ！,这里就用主菜的鱼料理、<br>闷煎魔鲷……<br>佐以秘制酱汁！
181,ルリア/露莉亚,付け合せのお野菜！<br>お皿に盛りつけました！,做配菜的野菜！<br>已经摆好盘了！
182,ビィ/碧,ジャック！<br>こっちはオッケーだぜ！,杰克！<br>这边已经可以了！
183,ジャック,今だ……！<br>ここで親父の秘伝のソースを投入する！,就是现在……！<br>在这里加入父亲秘传的酱汁！
184,,<span class='scene-font-katari'>ジャックは、皿に盛りつけられた</span><br><span class='scene-font-katari'>魔鯛に、秘伝のソースを</span><br><span class='scene-font-katari'>たっぷりとかけるのだった。</span>,<span class='scene-font-katari'>杰克、向盘中摆着的</span><br><span class='scene-font-katari'>魔鲷上、充分地</span><br><span class='scene-font-katari'>浇上了酱汁。</span>
185,ヴェイン/维恩,よっしゃランちゃん！<br>持ってってくれ！,好的兰酱！<br>端过去吧！
186,ランスロット/兰斯洛特,任せろ！,交给我吧！
188,,<span class='scene-font-katari'>料理を手際よく</span><br><span class='scene-font-katari'>サヴァランの席まで</span><br><span class='scene-font-katari'>運ぶランスロット。</span>,<span class='scene-font-katari'>快速地将料理</span><br><span class='scene-font-katari'>送到萨瓦兰面前的</span><br><span class='scene-font-katari'>兰斯洛特。</span>
189,ランスロット/兰斯洛特,こちらメインの魚料理、<br>魔鯛のポワレ、<br>スペシャルソース和えになります。,这边是主菜的鱼料理、<br>闷煎魔鲷、<br>佐以秘制酱汁。
190,サヴァラン,ほう……魔鯛か！<br>また珍しい素材を使ったな。,嚯……魔鲷么！<br>又使用了珍稀的食材啊。
191,サヴァラン,魔鯛の白身は主張が強いが、<br>果たして太刀打ちできるかな？,魔鲷的鱼肉可是味道强烈、<br>到底有没有战胜它呢？
192,サヴァラン,はむっ……<br>もぐもぐ……んんっ！,哈姆……<br>咀嚼咀嚼……嗯嗯！
194,サヴァラン,これはっ……！<br>強い海流に負けずに泳ぐ<br>魔鯛の燃える様な姿態が浮かぶ！,这是……！<br>不惧强烈的洋流畅游的<br>魔鲷那熊熊燃烧的模样浮现在眼前！
195,サヴァラン,更に脂の乗ったこの身は……<br>秋の魔鯛特有の濃厚な味わいだな！<br>この時期の魔鯛に勝る魚は無い！,特别是这富含鱼脂的鱼肉是……<br>秋日的魔鲷所特有的浓厚口味！<br>没有鱼能胜过这个时候的魔鲷！
196,サヴァラン,それにこのソースは……！<br>こ、これはビストロ・フェードラッヘに<br>代々伝わる秘伝のソース……！,然后是这酱汁……！<br>这、这是菲德拉赫料理店<br>代代相传的秘制酱汁……！
197,サヴァラン,それを魔鯛に合うように<br>アレンジしているな！,并且为了使之贴合魔鲷的口味<br>而做了改良啊！
198,サヴァラン,こ、これはしてやられたぞ……！<br>今だからこそ為し得た<br>時を超えた親子の共演だ！,这、这还真是被打败了……！<br>这正是如今才能做到的<br>超越时空的父子共演！
199,,<span class='scene-font-katari'>厨房ではメインの肉料理、</span><br><span class='scene-font-katari'>シャトーブリリアントの</span><br><span class='scene-font-katari'>下準備に取り掛かる。</span>,<span class='scene-font-katari'>厨房中在着手对主菜的肉料理、</span><br><span class='scene-font-katari'>夏多布里昂肉的加工</span><br><span class='scene-font-katari'>进行准备。</span>
200,ヴェイン/维恩,ええとまずは……肉を……,那个先是……把肉……
201,ジークフリート/齐格飞,肉は常温に戻して既に切ってある、<br>余分な脂や筋も除いておいたぞ。,肉已经恢复常温并且切好了、<br>多余的脂肪和筋也都剔除了哦。
202,ヴェイン/维恩,ありがとうございます！<br>完璧です！,谢谢您！<br>太完美了！
203,ヴェイン/维恩,あとは……<br>塩と黒胡椒を振って<br>肉に馴染ませる、と。,然后是……<br>撒上盐和黑胡椒<br>让肉入味、呼。
204,,<span class='scene-font-katari'>手際よく下処理をするヴェインは、</span><br><span class='scene-font-katari'>シャトーブリリアントを焼きに入る。</span>,<span class='scene-font-katari'>迅捷地加工夏多布里昂肉的维恩、</span><br><span class='scene-font-katari'>开始烧烤夏多布里昂肉。</span>
205,ヴェイン/维恩,あとは専用の炭火オーブンで<br>さっと炙る！！,然后用专用的炭火烤箱<br>快速地烤一遍！！
206,ヴェイン/维恩,コイツは素材が最高級だから<br>余計なことはせずに、シンプルに<br>表面に焼き目を入れれば完成だ！,这家伙素材最高级所以<br>不用做什么多余的事情、简单地<br>将表面烤至金黄就完成了！
207,ルリア/露莉亚,付け合せの<br>フリットも出来ました！,配菜的<br>油炸食品也做好了！
208,ビィ/碧,これで完成だぜ！,这样就做好了！
209,ヴェイン/维恩,よし、ランちゃん頼んだ！,好、兰酱交给你了！
210,ランスロット/兰斯洛特,任せておけ！,包在我身上！
212,,<span class='scene-font-katari'>シャトーブリリアントを</span><br><span class='scene-font-katari'>サヴァランに提供する</span><br><span class='scene-font-katari'>ランスロット。</span>,<span class='scene-font-katari'>将夏多布里昂肉</span><br><span class='scene-font-katari'>送到萨瓦兰面前的</span><br><span class='scene-font-katari'>兰斯洛特。</span>
213,ランスロット/兰斯洛特,シャトーブリリアントのロティ、<br>フリット添えになります。,夏多布里昂烤肉、<br>搭配油炸食品。
220,,<span class='scene-font-katari'>ここにもう１品のメインディッシュ、</span><br><span class='scene-font-katari'>シャトーブリリアントのロティが</span><br><span class='scene-font-katari'>完成したのだった。</span>,<span class='scene-font-katari'>还有一道主菜、</span><br><span class='scene-font-katari'>夏多布里昂烤肉</span><br><span class='scene-font-katari'>完成了。</span>
226,サヴァラン,な……何だと！<br>今なんと言った！,什……什么！<br>你刚才说什么！
227,パーシヴァル/帕西瓦尔,シャトーブリリアントのロティ、<br>でございます。,夏多布里昂的、<br>烤肉。
228,パーシヴァル/帕西瓦尔,こちら、最高級の赤身肉に合う<br>ワインを用意しました。,这边准备了、搭配最高级的红肉<br>的红酒。
229,,<span class='scene-font-katari'>すかさずワインを注ぐ</span><br><span class='scene-font-katari'>パーシヴァル。</span>,<span class='scene-font-katari'>马上将酒倒满</span><br><span class='scene-font-katari'>的帕西瓦尔。</span>
230,サヴァラン,あ……ありがとう。,谢……谢谢。
231,サヴァラン,まさか……ここで<br>シャトーブリリアントに<br>出会えるとは思わなかった……,从没想到……在这里<br>能够遇上<br>夏多布里昂肉……
232,ランスロット/兰斯洛特,さぁ、冷めないうちに<br>お召し上がりください。,那么、请在凉掉之前<br>享用吧。
233,サヴァラン,ああ……<br>では一口……はむっ……,啊啊……<br>那么先是一口……哈姆……
234,サヴァラン,もぐもぐ……んんっ……！,咀嚼咀嚼……嗯嗯……！
236,サヴァラン,これは……肉汁の大海嘯！<br>上品な甘みを舌先に感じた瞬間、<br>刹那に溶けて無くなってしまう！,这是……肉汁的大海啸！<br>高级的甜味在舌尖触碰到的一瞬间、<br>就会融化而消失不见！
237,サヴァラン,いつまでも余韻に浸っていたいのに<br>アナタが消えてしまうから、<br>またすぐに会いたくてもう一口！,明明还想再沉浸在这余韵之中<br>你却马上就要消失不见、<br>好像再见到你就再来一口！
239,サヴァラン,<span class='scene-font-4'>うほぉぉぉぉっ！</span><br>つま先から頭のてっぺんまで<br>肉汁の愛に抱擁されている感覚！,<span class='scene-font-4'>唔哦哦哦哦哦！</span><br>这从指间到头顶都被<br>肉汁的爱所拥抱的感觉！
240,サヴァラン,泡沫の夢のごとき肉……<br>肉は人生、人生は肉……<br>こ、こんなことがあるのかぁぁぁ！,如泡沫般梦幻的肉……<br>肉即人生、人生即肉……<br>居、居然会有这种事啊啊啊！
246,,<span class='scene-font-katari'>そのままサヴァランは</span><br><span class='scene-font-katari'>肉の世界へと</span><br><span class='scene-font-katari'>昇天してしまうのだった。</span>,<span class='scene-font-katari'>就这样萨瓦兰</span><br><span class='scene-font-katari'>向着肉的世界</span><br><span class='scene-font-katari'>升天了。</span>
247,ランスロット/兰斯洛特,サヴァラン様……<br>サヴァラン様！,萨瓦兰先生……<br>萨瓦兰先生！
249,サヴァラン,<span class='scene-font-4'>はっ！</span><br>ぜぇ……はぁ……,<span class='scene-font-4'>哈！</span><br>呼……哈……
250,サヴァラン,ぜぇ……はぁ……ありがとう。<br>このままだと肉界から帰って<br>来られなくなるところだった……,呼……哈……谢谢你。<br>再这样下去就要到肉界去<br>再也回不来了……
251,ランスロット/兰斯洛特,では、お口直しに<br>デザートはいかがですか？,那么、要换换口味<br>享用甜点吗？
252,サヴァラン,あ、ああ頼む。,啊、啊啊拜托了。
253,ランスロット/兰斯洛特,では、少々お待ちください。,那么、还请稍等。
254,,<span class='scene-font-katari'>サヴァランの陶酔ぶりに</span><br><span class='scene-font-katari'>勝利を確信する姬塔達。</span>,<span class='scene-font-katari'>从陶醉的萨瓦兰身上</span><br><span class='scene-font-katari'>确信了胜利的姬塔一行人。</span>
255,,<span class='scene-font-katari'>厨房のスタッフ達にも</span><br><span class='scene-font-katari'>安堵の色が浮かんだ。</span>,<span class='scene-font-katari'>厨房的员工们也都</span><br><span class='scene-font-katari'>露出了安心的神情。</span>
256,ヴェイン/维恩,よーし順調だ！<br>次はデザートを用意するぜ！,很好很顺利！<br>下一个要准备甜点了！
257,ジークフリート/齐格飞,……む？,……姆？
258,,<span class='scene-font-katari'>その時、ジークフリートが、</span><br><span class='scene-font-katari'>貯蔵庫から妙な気配を感じ取った。</span>,<span class='scene-font-katari'>这时、齐格飞、</span><br><span class='scene-font-katari'>感觉从储藏库中传来了奇怪的气息。</span>
262,,<span class='scene-font-katari'>貯蔵庫の中を窺う</span><br><span class='scene-font-katari'>ジークフリートは、</span><br><span class='scene-font-katari'>声をかける。</span>,<span class='scene-font-katari'>窥视储藏库的</span><br><span class='scene-font-katari'>齐格飞、</span><br><span class='scene-font-katari'>向里面搭话。</span>
263,ジークフリート/齐格飞,おい、そこにいるのは誰だ？,喂、谁在哪里？
265,怪しい男,……どけっ！,……滚开！
266,ジークフリート/齐格飞,そうはいかんな。,这可不行啊。
271,,<span class='scene-font-katari'>一瞬で、怪しい男の</span><br><span class='scene-font-katari'>上下が反転して</span><br><span class='scene-font-katari'>床に転倒する。</span>,<span class='scene-font-katari'>转瞬之间、怪异的男人</span><br><span class='scene-font-katari'>就上下颠倒</span><br><span class='scene-font-katari'>滚到了地板上。</span>
272,怪しい男,く……くそっ……,靠……可恶……
273,ジークフリート/齐格飞,そこで何をしていた？,你在那里做什么？
274,怪しい男,さあな……,谁知道……
276,,<span class='scene-font-katari'>そのまま気絶する</span><br><span class='scene-font-katari'>怪しい男。</span>,<span class='scene-font-katari'>当场昏厥过去的</span><br><span class='scene-font-katari'>可疑的男人。</span>
277,ジークフリート/齐格飞,はっ！　これは！,哈！　这是！
279,ヴェイン/维恩,ジークフリートさん！<br>大丈夫ですか！,齐格飞先生！<br>您没事吗！
280,ジークフリート/齐格飞,俺は大丈夫だが、見ろ。<br>デザートのプリンが全滅だ。,我没事、但你看。<br>甜点的补丁已经全灭了。
281,,<span class='scene-font-katari'>床一面に散らばった</span><br><span class='scene-font-katari'>プリンの残骸を見て</span><br><span class='scene-font-katari'>全てを理解するヴェイン。</span>,<span class='scene-font-katari'>看到散落在地板上的</span><br><span class='scene-font-katari'>布丁的残骸</span><br><span class='scene-font-katari'>理解了一切的维恩。</span>
282,,<span class='scene-font-katari'>と、そこに異変に気付いた</span><br><span class='scene-font-katari'>パーシヴァルが現れる。</span>,<span class='scene-font-katari'>与、察觉到异变的</span><br><span class='scene-font-katari'>帕西瓦尔现身了。</span>
283,パーシヴァル/帕西瓦尔,これは酷いな。,这还真是过分啊。
284,ヴェイン/维恩,ぐっ……！<br>こいつがやったのか！<br>どうせアイツの手先だろ！,咕……！<br>是这家伙做的吗！<br>反正也是那家伙的手下吧！
285,ルリア/露莉亚,ど、どうしましょう！<br>今から作り直しますか！,怎、怎么办！<br>要现在开始重做吗！
286,ヴェイン/维恩,いや、仕込みの時間を<br>考えると間に合わない……,不、考虑到准备的时间<br>就赶不上了……
287,パーシヴァル/帕西瓦尔,だが、サヴァランの舌に<br>こちらの事情は関係ない。,但是、萨瓦兰的舌头不会关心<br>我们这边的情况。
288,ジークフリート/齐格飞,……俺に良い考えがある。,……我有一个好主意。
289,ジークフリート/齐格飞,ヴェインはひとまず<br>ソルベの準備をしてくれ！,维恩就先准备<br>雪芭吧！
291,ヴェイン/维恩,は、はい！<br>分かりました！,是、是！<br>明白了！
292,パーシヴァル/帕西瓦尔,おい待て！<br>ジークフリート！,喂等等！<br>齐格飞！
293,,<span class='scene-font-katari'>ジークフリートは、</span><br><span class='scene-font-katari'>パーシヴァルの制止も聞かず</span><br><span class='scene-font-katari'>店の外へ飛び出していくのだった。</span>,<span class='scene-font-katari'>齐格飞不管帕西瓦尔的制止、</span><br><span class='scene-font-katari'></span><br><span class='scene-font-katari'>向店外飞奔而去。</span>
294,パーシヴァル/帕西瓦尔,ちっ……<br>ああなっては誰も止められん。,啧……<br>他变成那样就没人拦得住了。
300,,<span class='scene-font-katari'>ジークフリートは近くの</span><br><span class='scene-font-katari'>藪に分け入って、何かを</span><br><span class='scene-font-katari'>探しているのだった。</span>,<span class='scene-font-katari'>齐格飞</span><br><span class='scene-font-katari'>劈开草丛并走进、好像是在</span><br><span class='scene-font-katari'>寻找些什么。</span>
301,ジークフリート/齐格飞,確か……<br>あのあたりにいるはずだ。,確か……<br>あのあたりにいるはずだ。
305,,<span class='scene-font-katari'>その頃、厨房ではヴェインが</span><br><span class='scene-font-katari'>エレメンタルソルベを作って、</span><br><span class='scene-font-katari'>ランスロットに渡そうとしている。</span>,<span class='scene-font-katari'>同时、在厨房的维恩则</span><br><span class='scene-font-katari'>制作了元素雪芭、</span><br><span class='scene-font-katari'>并要让兰斯洛特送过去。</span>
306,ランスロット/兰斯洛特,何……<br>プリンが無いだと？,什么……<br>没有布丁了？
307,ヴェイン/维恩,ああ……<br>ジークフリートさんが<br>何かしに出て行ったけど。,啊啊……<br>齐格飞先生<br>出门要找些什么就是了。
308,ヴェイン/维恩,上手いことこのソルベだけで<br>切り上げてくれたら助かるぜ。,如果能顺利地只用雪芭<br>就结束甜点就帮大忙了。
309,ランスロット/兰斯洛特,わかった、やってみる。,我明白了、我试试看。
311,,<span class='scene-font-katari'>上機嫌なサヴァランの元へ戻った</span><br><span class='scene-font-katari'>ランスロットは、デザートとカフェの</span><br><span class='scene-font-katari'>メニューを提示する。</span>,<span class='scene-font-katari'>回到心情畅快的萨瓦兰身边的</span><br><span class='scene-font-katari'>兰斯洛特、递出了甜点和饮品的</span><br><span class='scene-font-katari'>菜单。</span>
312,サヴァラン,ふむ……<br>残すはデザートとカフェだけか。,呼姆……<br>剩下的只有甜点和饮品了吗。
313,サヴァラン,コホン……<br>ここまで大いに楽しんでいるが、<br>デザートとカフェでも気を抜くなよ。,咳咳……<br>到现在为止我都非常享受、<br>但你们可别在甜点和饮品上疏忽大意哦。
314,サヴァラン,一日の終わりに<br>嫌な気分になったら、<br>その日が台無しだろう？,在一天的尾声里<br>心情变差了的话、<br>那一天也就被糟蹋了吧？
315,ランスロット/兰斯洛特,もちろんでございます。<br>ではお次のデザートは、<br>いかがいたしましょう？,那是自然。<br>那么下一个甜点、<br>您作何打算呢？
316,サヴァラン,そうだな……,说的是啊……
317,ランスロット/兰斯洛特,あ、本日は新鮮な材料が<br>手に入ったので、ソルベは<br>おすすめとなっております。,啊、今天入手了新鲜的材料<br>、我们就设了雪芭<br>为我们的推荐菜品。
318,サヴァラン,ほう……では、<br>ソルベを頂こうか。,嚯……那么、<br>就要雪芭吧。
319,ランスロット/兰斯洛特,かしこまりました。,明白了。
322,,<span class='scene-font-katari'>厨房に戻ると、出先から戻った</span><br><span class='scene-font-katari'>ジークフリートが何かを手に</span><br><span class='scene-font-katari'>調理を始めていた。</span>,<span class='scene-font-katari'>回到厨房后、从外面回来的</span><br><span class='scene-font-katari'>齐格飞正在</span><br><span class='scene-font-katari'>料理着什么。</span>
323,ランスロット/兰斯洛特,ジークフリートさん、<br>なんですかそれは？,齐格飞先生、<br>那是什么？
324,ジークフリート/齐格飞,これはさっきそこで<br>仕留めたヘクトアイズだ。,这是刚才在那里抓住的<br>百目怪。
325,ヘクトアイズ,…………,…………
326,ランスロット/兰斯洛特,ヘ、ヘクトアイズ！,百、百目怪！
327,パーシヴァル/帕西瓦尔,ヘクトアイズだと！？,居然是百目怪！？
328,ヴェイン/维恩,こ、これでプリンを<br>作ってくれるそうなんだけど、<br>大丈夫なのかな？,用、用这个<br>好像是可以做成布丁、<br>但没问题吗？
329,パーシヴァル/帕西瓦尔,さぁな……<br>こればかりは判断しかねる。,谁知道呢……<br>目前还无法妄下定论。
330,ランスロット/兰斯洛特,そ、そうか……<br>ひとまずソルベを貰えるか。,这、这样啊……<br>总之先给我雪芭吧。
331,ヴェイン/维恩,お、おう！<br>持って行ってくれ！,哦、哦！<br>拿过去吧！
332,ランスロット/兰斯洛特,ありがとう！<br>ではカフェの準備もしておいてくれ。,谢谢！<br>那么饮品也拜托你们准备了。
333,ヴェイン/维恩,分かったぜ！,了解啦！
334,,<span class='scene-font-katari'>ジークフリートは、</span><br><span class='scene-font-katari'>目の前のヘクトアイズに</span><br><span class='scene-font-katari'>集中して包丁を振るう。</span>,<span class='scene-font-katari'>齐格飞、</span><br><span class='scene-font-katari'>聚精会神于眼前的百目怪上</span><br><span class='scene-font-katari'>并挥舞起菜刀来。</span>
335,ジークフリート/齐格飞,まずはヘクトアイズの<br>毒胞を取り除く……,首先是把百目怪的<br>毒胞剔除掉……
336,ジークフリート/齐格飞,次に体液を濾して、<br>不純物を取り除いたら<br>牛乳と卵と砂糖を加える……,下一步是过滤体液、<br>去掉杂物并<br>加入牛奶鸡蛋和砂糖……
337,,<span class='scene-font-katari'>その頃、ランスロットは</span><br><span class='scene-font-katari'>エレメンタルソルベを</span><br><span class='scene-font-katari'>サヴァランに提供していた。</span>,<span class='scene-font-katari'>同时、兰斯洛特</span><br><span class='scene-font-katari'>将元素雪芭</span><br><span class='scene-font-katari'>拿给萨瓦兰。</span>
338,ランスロット/兰斯洛特,こちらは旬の精霊の魔力を封じ込めた、<br>エレメンタルソルベになります。,这是封有盛期精灵的魔力的、<br>元素雪芭。
339,サヴァラン,ふむ……<br>これはまた珍しい一品だな。,呼姆……<br>这又是一道稀菜。
340,,<span class='scene-font-katari'>もの珍しそうに色々な角度から</span><br><span class='scene-font-katari'>眺めたサヴァランは、</span><br><span class='scene-font-katari'>慎重に掬うと一口頬張った。</span>,<span class='scene-font-katari'>好奇地从各个角度</span><br><span class='scene-font-katari'>观察的萨瓦兰、</span><br><span class='scene-font-katari'>慎重地舀起一勺并品尝。</span>
341,ランスロット/兰斯洛特,お味はいかがですか？,味道如何？
342,サヴァラン,口の中で迸るエレメンタルの魔力と<br>ソルベの口当たりが<br>絶妙にマッチしている！,在口中迸发的元素魔力<br>与雪芭的口感<br>绝妙地搭配着！
343,サヴァラン,こ、こんなデザートは<br>今まで食べたことが無いぞ！,这、这样的甜品<br>我从未品尝到！
344,サヴァラン,もう一つのプリンも<br>気になるんだが、<br>持って来てくれるか？,另一道<br>布丁我也很在意、<br>可以给我端来吗？
345,ランスロット/兰斯洛特,そ、それは……,那、那个……
346,,<span class='scene-font-katari'>その時、ランスロットの背後から</span><br><span class='scene-font-katari'>ジークフリートが現れて、</span><br><span class='scene-font-katari'>プリンを差し出すのだった。</span>,<span class='scene-font-katari'>这时、齐格飞从</span><br><span class='scene-font-katari'>兰斯洛特的背后现身、</span><br><span class='scene-font-katari'>递出了布丁。</span>
347,ジークフリート/齐格飞,こちら……濃厚なめらか<br>ヘクトアイズプリンになります。,这边是……浓厚爽口的<br>百目怪布丁。
348,サヴァラン,な、なに……？<br>ヘクトアイズとは<br>あの魔物のヘクトアイズか……？,什、什么……？<br>百目怪是<br>那个魔物百目怪……？
349,ジークフリート/齐格飞,そうです。,是的。
350,サヴァラン,ヘクトアイズは<br>体内で毒を精製する魔物では？,百目怪不是<br>在体内精炼毒素的魔物么？
351,ジークフリート/齐格飞,正しい手順で毒胞を取り除けば、<br>ヘクトアイズの体液は食べられます。,只要用正确的顺序剔除掉毒胞、<br>百目怪的体液就能吃了。
352,ジークフリート/齐格飞,そしてその体液の濃厚さは、<br>一度食べたら病み付きになります。,然后这浓厚的体液、<br>只要尝过一次就会上瘾。
353,ジークフリート/齐格飞,どうぞ、騙されたと思って<br>召し上がってみてください。,请、就当是被耍了<br>尝一尝吧。
354,サヴァラン,そこまで言うなら……<br>この美食家の名において、<br>食べないわけにはいかないな。,都说到这个份上了……<br>有着美食家之名的我、<br>可就不能不吃了。
355,,<span class='scene-font-katari'>恐る恐るヘクトアイズプリンを</span><br><span class='scene-font-katari'>掬って一口食べるサヴァラン。</span>,<span class='scene-font-katari'>小心翼翼地舀起一勺</span><br><span class='scene-font-katari'>百目怪布丁并品尝的萨瓦兰。</span>
357,サヴァラン,な……なんだこの<br>口当たりの滑らかさと<br>舌を包み込む濃厚さは……！,这……这口感与爽滑到<br>包裹住舌头的浓厚度<br>是怎么回事啊……！
358,サヴァラン,これほどまでに美味なプリンは<br>今までどんなパティシエからも<br>出されたことがないぞ！,这样美味的布丁<br>至今为止哪一位糕点师<br>都不曾做出来！
359,サヴァラン,今なお新しい食材に挑戦し、<br>先人に続いて食の地平を切り開く<br>その姿勢、素晴らしい！,至今仍向新的食材挑战、<br>紧接着先人的脚步开辟食之地平线的く<br>那份姿态、太出色了！
360,ジークフリート/齐格飞,ありがとうございます。,非常感谢。
361,ランスロット/兰斯洛特,<span class='scene-font-2'>ジークフリートさん！</span><br><span class='scene-font-2'>いつの間にこんなものを！</span>,<span class='scene-font-2'>齐格飞先生！</span><br><span class='scene-font-2'>您什么时候做出这种！</span>
362,ジークフリート/齐格飞,<span class='scene-font-2'>以前からヘクトアイズは</span><br><span class='scene-font-2'>濃厚なプリンの様な食感で</span><br><span class='scene-font-2'>ウマそうだと思っていたのでな。</span>,<span class='scene-font-2'>从以前开始我就觉得</span><br><span class='scene-font-2'>百目怪的口感就像是浓厚的布丁一样</span><br><span class='scene-font-2'>很好吃的样子。</span>
363,ジークフリート/齐格飞,<span class='scene-font-2'>たった今、</span><br><span class='scene-font-2'>長年の疑問が晴れて、</span><br><span class='scene-font-2'>すっきりした心持ちだ。</span>,<span class='scene-font-2'>就在刚才、</span><br><span class='scene-font-2'>我常年的疑问得到了解答、</span><br><span class='scene-font-2'>心里很是舒畅啊。</span>
364,ランスロット/兰斯洛特,<span class='scene-font-2'>え……ええーっ？</span><br><span class='scene-font-2'>今初めて調理したんですかー！</span><br><span class='scene-font-2'>しかも他人にぃぃ！</span>,<span class='scene-font-2'>诶……诶诶ー？</span><br><span class='scene-font-2'>您刚才是第一次做吗！</span><br><span class='scene-font-2'>而且还是给别人！</span>
365,ジークフリート/齐格飞,<span class='scene-font-2'>ああ……</span><br><span class='scene-font-2'>自信があったんだが、</span><br><span class='scene-font-2'>ダメだったのか？</span>,<span class='scene-font-2'>ああ……</span><br><span class='scene-font-2'>我很有自信的但、</span><br><span class='scene-font-2'>失败了吗？</span>
366,,<span class='scene-font-katari'>厨房から事の成り行きを</span><br><span class='scene-font-katari'>見守っていたヴェイン達も</span><br><span class='scene-font-katari'>ほっと胸をなでおろす。</span>,<span class='scene-font-katari'>在厨房观察情况的</span><br><span class='scene-font-katari'>维恩们也</span><br><span class='scene-font-katari'>放下了心中的石头。</span>
367,ヴェイン/维恩,ははは！<br>さすがジークフリートさんだぜ！,哈哈哈！<br>不愧是齐格飞先生！
368,パーシヴァル/帕西瓦尔,まさか即席でプリンまで<br>作ってしまうとはな……,没想到马上就把布丁<br>都做好了……
369,パーシヴァル/帕西瓦尔,アイツの底知れ無さに<br>いちいち驚いていては、<br>体が持たんな。,要是对他的深藏不漏<br>次次都如此大惊小怪、<br>身体可就支持不住了。
370,,<span class='scene-font-katari'>こうして、咄嗟の対応で</span><br><span class='scene-font-katari'>デザートのプリンも作って</span><br><span class='scene-font-katari'>提供した姬塔一行。</span>,<span class='scene-font-katari'>就这样、姬塔一行人在非常情况</span><br><span class='scene-font-katari'>也将布丁做好</span><br><span class='scene-font-katari'>并提供。</span>
371,,<span class='scene-font-katari'>サヴァランのメニューは</span><br><span class='scene-font-katari'>残すところカフェのみとなった。</span>,<span class='scene-font-katari'>萨瓦兰的菜单中</span><br><span class='scene-font-katari'>剩下的只有饮品了。</span>
372,サヴァラン,さて……<br>カフェのメニューだが。,那么……<br>关于饮品的菜单。
373,サヴァラン,このコピ・レオル珈琲と<br>メイグイファの花茶を<br>両方味わっても良いかな？,这个雷奥卢咖啡<br>和玫瑰花茶<br>可以两种都给我来一样么？
374,サヴァラン,ここまで来たら、<br>この店の全て味わってみたくなってな。,都到这个地步了、<br>就很想要品尝完这家店的全部啊。
375,ランスロット/兰斯洛特,ええ！<br>もちろん構いません！,诶诶！<br>当然没问题！
376,,<span class='scene-font-katari'>まずはサヴァランに</span><br><span class='scene-font-katari'>コピ・レオルの珈琲を</span><br><span class='scene-font-katari'>提供するランスロット。</span>,<span class='scene-font-katari'>首先给萨瓦兰</span><br><span class='scene-font-katari'>上一杯雷奥卢咖啡</span><br><span class='scene-font-katari'>的兰斯洛特。</span>
378,サヴァラン,ん～、バニラの様な独特の甘い風味と<br>野性味溢れる苦みとコクが感じられる<br>実に味わい深い珈琲だ。,嗯～、能感受到香草一般独特的甜味<br>与野性的苦味和醇厚<br>真是层次丰富的咖啡。
379,サヴァラン,このコピ・レオルは、<br>良質な環境で良い珈琲豆のみを与えた<br>最高級の品質だな。,这个雷奥卢咖啡、<br>是只在优质的环境喂食良好品质的咖啡豆<br>而得到的最高品质啊。
380,,<span class='scene-font-katari'>次に</span><br><span class='scene-font-katari'>メイグイファの花茶を</span><br><span class='scene-font-katari'>提供するランスロット。</span>,<span class='scene-font-katari'>接着</span><br><span class='scene-font-katari'>上一杯玫瑰花茶</span><br><span class='scene-font-katari'>的兰斯洛特。</span>
382,サヴァラン,これもまた実に芳醇な甘い香りだ。<br>全身で月光浴をした後の様に<br>思わずリラックスしてしまうな。,这也真是芳醇而甘甜的香味。<br>一不留神就要对那浑身<br>沐浴过月光的姿态所放松了。
383,サヴァラン,このメイグイファも<br>月光を良く浴びた<br>最高級の一品だな。,这玫瑰花也是<br>充分地沐浴了月光的<br>最高级的品质啊。
384,サヴァラン,コピ・レオルとメイグイファ、<br>どちらも大層美味だった。,雷奥卢咖啡和玫瑰花茶、<br>不管哪样都十分美味。
385,サヴァラン,食後のカフェメニューにまで気を抜かず<br>一流のものを揃えるとは恐れ入った。,连饭后的饮品菜单也不懈怠<br>集结了这些一流的东西真是倍感叹服。
386,,<span class='scene-font-katari'>サヴァランは満足そうに</span><br><span class='scene-font-katari'>カフェを終えると、</span><br><span class='scene-font-katari'>姬塔達に声をかけた。</span>,<span class='scene-font-katari'>萨瓦兰满足地</span><br><span class='scene-font-katari'>结束了饮品后、</span><br><span class='scene-font-katari'>向姬塔一行人搭话。</span>
387,サヴァラン,今日は、<br>本当に美味い一日だった。,今天真是、<br>十分美味的一天。
388,サヴァラン,ビストロ・フェードラッヘは<br>料理、サービス共に一流の名店だ。,菲德拉赫料理店<br>是料理、服务皆为一流的名店。
389,サヴァラン,そして……<br>今までの非礼を詫びさせてもらいたい。<br>本当にすまなかった。,以及……<br>请让我为至今的失礼道歉。<br>真的太对不起了。
390,サヴァラン,私は、この店を今後とも<br>応援したいと思っているんだが……,我、想要从今以后<br>都支持这家店但……
391,,<span class='scene-font-katari'>その時、息を切らして</span><br><span class='scene-font-katari'>ジャックが店に走り込んでくる。</span>,<span class='scene-font-katari'>这时、气喘吁吁的</span><br><span class='scene-font-katari'>杰克跑进了店里。</span>
393,ジャック,み、皆さ～ん！<br>本日のグルメイベント最終日に<br>総合順位の結果が出ました！,各、各位～！<br>今天美食家活动的最后一天<br>的综合排名结果出来了！
394,ジャック,結果は……,结果是……
395,,<span class='scene-font-katari'>その場にいた者達が皆、</span><br><span class='scene-font-katari'>ジャックの言葉に耳を傾ける。</span>,<span class='scene-font-katari'>在场的人全都、</span><br><span class='scene-font-katari'>集中于杰克的话语中。</span>
396,ジャック,<span class='scene-font-4'>優勝です！</span><br><span class='scene-font-4'>俺達が優勝しましたぁぁぁぁ！</span>,<span class='scene-font-4'>优胜！</span><br><span class='scene-font-4'>我们胜利啦啊啊啊啊！</span>
397,ジャック,二位のリストランテ・ニューに<br>大きく差をつけての圧勝でした！,是与第二位的Ristorante·New<br>拉开巨大差距的大获全胜！
398,ランスロット/兰斯洛特,やったな！　ヴェイン！,做到了啊！　维恩！
399,ヴェイン/维恩,嬉しいぜ！　ランちゃん！　,好高兴啊！　兰酱！　
400,パーシヴァル/帕西瓦尔,やれやれ……<br>これで一安心だな。,真是真是……<br>这样就暂且安心了。
401,ジークフリート/齐格飞,ああ。<br>何とも不思議な経験だった。,啊啊。<br>何等不可思议的经验。
402,ルリア/露莉亚,お客さん達も、<br>みんな喜んでくれてます～！,客人们、<br>大家也都很高兴～！
403,ビィ/碧,はははっ！<br>今日はパーティーだな！,哈哈哈っ！<br>今天要开派对呢！
404,給仕スタッフの男,うぅ……良かった……,呜呜……太好了……
405,給仕スタッフの女,や……やった……<br>私達、優勝したんだね。,讨……讨厌……<br>我们、优胜了呢。
406,厨房スタッフの男,ははは……！<br>何も泣くことないだろう！,哈哈哈……！<br>也没必要哭吧！
407,厨房スタッフの女,ばか！<br>アンタも泣いてんじゃないのさ！,笨蛋！<br>你不也在哭吗！
408,,<span class='scene-font-katari'>その場にいた者達は皆、</span><br><span class='scene-font-katari'>ビストロ・フェードラッヘの</span><br><span class='scene-font-katari'>勝利を祝うのだった。</span>,<span class='scene-font-katari'>在场的人们全都、</span><br><span class='scene-font-katari'>在庆祝菲德拉赫料理店</span><br><span class='scene-font-katari'>的胜利。</span>
411,サヴァラン,ジャック、<br>改めて優勝おめでとう。,杰克、<br>再次祝贺你优胜。
412,ジャック,サ、サヴァランさん！,萨、萨瓦兰先生！
413,サヴァラン,これからも、<br>この店の料理に期待している。,从今往后、<br>我也期待着这家店的料理。
414,ジャック,はい！,是！
415,サヴァラン,それじゃあ……<br>私はこれで失礼するよ。,那么……<br>我就先告退了。
416,ジャック,また……<br>お店にいらして下さいね！,还请……<br>再度光临本店！
417,サヴァラン,ああ、楽しみにしているよ。,啊啊、我会期待着的。
419,,<span class='scene-font-katari'>サヴァランは、</span><br><span class='scene-font-katari'>満足そうな様子で</span><br><span class='scene-font-katari'>店を去って行った。</span>,<span class='scene-font-katari'>萨瓦兰、</span><br><span class='scene-font-katari'>满足地</span><br><span class='scene-font-katari'>从店中离开。</span>
420,,<span class='scene-font-katari'>その日は夜遅くまで、</span><br><span class='scene-font-katari'>皆でビストロ・フェードラッヘの</span><br><span class='scene-font-katari'>前途を祝うのだった。</span>,<span class='scene-font-katari'>直到那天深夜、</span><br><span class='scene-font-katari'>大家都在庆祝</span><br><span class='scene-font-katari'>菲德拉赫料理店的前景。</span>
426,,<span class='scene-font-katari'>後日、ビストロ・フェードラッヘの</span><br><span class='scene-font-katari'>営業を妨害した、人気店の店長は、</span><br><span class='scene-font-katari'>サヴァランによって厳重注意された。</span>,<span class='scene-font-katari'>几天后、影响了菲德拉赫料理店</span><br><span class='scene-font-katari'>的营业的、人气店的店长、</span><br><span class='scene-font-katari'>被萨瓦兰标记为重点观察对象。</span>
432,,<span class='scene-font-katari'>一行は、自分達が店を離れた後も</span><br><span class='scene-font-katari'>食材の調達に困らない様にと気遣い</span><br><span class='scene-font-katari'>シェロカルテの元を尋ねた。</span>,<span class='scene-font-katari'>一行人、担心自己离开店后</span><br><span class='scene-font-katari'>在食材的筹备上会有困难</span><br><span class='scene-font-katari'>便造访了榭洛。</span>
433,,<span class='scene-font-katari'>そうしてジャック達は、</span><br><span class='scene-font-katari'>シェロカルテから貴重な食材を</span><br><span class='scene-font-katari'>仕入れるルートを確保するのだった。</span>,<span class='scene-font-katari'>然后杰克们、</span><br><span class='scene-font-katari'>便确保了从榭洛那儿获取珍贵食材</span><br><span class='scene-font-katari'>的途径。</span>
439,,<span class='scene-font-katari'>そしていよいよ、</span><br><span class='scene-font-katari'>姬塔達が</span><br><span class='scene-font-katari'>旅立つ日がやって来た。</span>,<span class='scene-font-katari'>然后终于、</span><br><span class='scene-font-katari'>姬塔一行人</span><br><span class='scene-font-katari'>踏上旅途的日子到来了。</span>
440,ヴェイン/维恩,んじゃ、世話になったな。,那么、受你关照了呀。
441,ジャック,いやいや、<br>世話になったのはこちらの方だ！,哪里哪里、<br>我们才是受你们关照了！
442,ランスロット/兰斯洛特,思い返せば<br>あっという間だったな！,回想起来<br>就像是一瞬间的事呢！
443,パーシヴァル/帕西瓦尔,まったく。<br>急な展開にもほどがあるぞ。,真是。<br>突然地展开也要有个限度啊。
444,ジークフリート/齐格飞,だが、お前達と久しぶりに<br>力を合わせられて、<br>懐かしかった。,但是、能久违的和你们<br>齐心协力、<br>很是怀念。
445,ヴェイン/维恩,本当ですか！<br>またいつでも騎士団に<br>顔出して下さい！,真的吗！<br>还请随时<br>再在骑士团露面！
446,ランスロット/兰斯洛特,ジークフリートさんなら<br>皆大歓迎ですよ！,齐格飞先生的话<br>大家都很欢迎哦！
447,ジークフリート/齐格飞,ふっ……ありがとう。,呼……谢谢了。
448,ルリア/露莉亚,でも、色んな経験が出来て<br>楽しかったです！,但是、体验到了很多事情<br>很开心！
449,ビィ/碧,ああ、まさかこんなに本気で<br>料理を手伝うとは思わなかったぜ！,啊啊、没想到会那么认真地<br>帮忙做料理呢！
449-sel1_txt,,<span class='scene-font-katari'>また料理を食べに来ます！</span>,<span class='scene-font-katari'>还会再来吃这里的料理的！</span>
450,ジャック,ああ！<br>いつでも来てくれ！,啊啊！<br>随时恭候！
451,ジャック,姬塔さん達なら<br>いつでも大サービスさ！,姬塔们的话随时都是特大服务啊！
452,給仕スタッフの男,皆さん絶対来てくださいよ！<br>いい席押さえときますから！,各位一定要来哦！<br>我帮你们占着好座位！
453,ランスロット/兰斯洛特,きちんと接客できてるか<br>抜き打ちでチェックに来るからな。,我会突击检查<br>看你有没有好好接待客人的哦。
454,給仕スタッフの女,えぇ～緊張して<br>ミスしちゃいそうですよ！,诶诶～会紧张得<br>失误的啦！
455,パーシヴァル/帕西瓦尔,大丈夫だ。<br>緊張してようがしてなかろうが<br>ミスはする。,不用担心。<br>不管你是否紧张<br>都是会失误的。
456,給仕スタッフの女,も～、酷いですよ～！,真是的～、太过分了啦～！
457,厨房スタッフの男,次に会う時までに<br>ヴェインさんみたいな<br>温かい料理人になってますね！,下次再见面的时候<br>我会变成像维恩先生<br>一样温暖的料理人的！
458,ヴェイン/维恩,おいおい……言っとくけど、<br>俺は料理人じゃないからな～！,喂喂……我先说明啊、<br>我可不是什么料理人啊～！
459,厨房スタッフの女,ジークフリートさんが一生懸命料理する<br>姿を見て、私も初心にかえって<br>基礎から学ぶことにしました。,看到齐格飞先生拼尽全力<br>做料理的姿态、我也找回了初心<br>决定从基础再学习一遍。
460,ジークフリート/齐格飞,ふっ、何か良い影響を与えられたなら、<br>これほど嬉しいことは無いな。,呼、能给你们带来良好的影响的话、<br>就没有比这更令人高兴的事了。
461,,<span class='scene-font-katari'>それぞれが名残惜しそうに</span><br><span class='scene-font-katari'>挨拶を交わす中、</span><br><span class='scene-font-katari'>別れの時がやってきた。</span>,<span class='scene-font-katari'>在每一个人都依依不舍地</span><br><span class='scene-font-katari'>寒暄着的同时、</span><br><span class='scene-font-katari'>离别之时到来了。</span>
462,ビィ/碧,んじゃ、そろそろ行こうぜ！,那、差不多该走啦！
463,ルリア/露莉亚,行きましょう！<br>姬塔。,我们走吧！<br>姬塔。
464,,<span class='scene-font-katari'>こうして、姬塔達は、</span><br><span class='scene-font-katari'>それぞれの日常に戻っていく。</span>,<span class='scene-font-katari'>就这样、姬塔一行人、</span><br><span class='scene-font-katari'>回到了各自的日常。</span>
470,,<span class='scene-font-katari'>すっかり自信を取り戻したジャックは、</span><br><span class='scene-font-katari'>心機一転、馴染みのスタッフ達と</span><br><span class='scene-font-katari'>店を盛り上げていくのだった。</span>,<span class='scene-font-katari'>已经取回自信的杰克、</span><br><span class='scene-font-katari'>改颜换面、决定和熟络了的店员们</span><br><span class='scene-font-katari'>一起振兴他们的店。</span>
471,,<span class='scene-font-katari'>後日、これは風の噂で聞いたのだが</span><br><span class='scene-font-katari'>ビストロ・フェードラッヘという店名も</span><br><span class='scene-font-katari'>新たにリニューアルされたのだと言う。</span>,<span class='scene-font-katari'>几天后、尽管只是从留言中得知</span><br><span class='scene-font-katari'>菲德拉赫料理店的店名</span><br><span class='scene-font-katari'>也被翻新了。</span>
477,,<span class='scene-font-katari'>とある騎士達に敬意を表した</span><br><span class='scene-font-katari'>という新たな店名は、</span><br><span class='scene-font-spword'>“ビストロ・ドラゴンナイツ”</span><span class='scene-font-katari'>。</span>,<span class='scene-font-katari'>为了向某些骑士们表达敬意</span><br><span class='scene-font-katari'>新的店名叫做、</span><br><span class='scene-font-spword'>“龙骑料理店”</span><span class='scene-font-katari'>。</span>
478,,<span class='scene-font-katari'>その名が全空に轟く日は、</span><br><span class='scene-font-katari'>そう遠くない未来にやってくるだろう。</span>,<span class='scene-font-katari'>想必这个名字响彻整片天空的那一天、</span><br><span class='scene-font-katari'>就在不远的将来吧。</span>
482,,<span class='scene-font-katari'>　</span><br><span class='scene-font-katari'>　</span><br><span class='scene-font-katari'>　　　　　　　　　　　　　　　──完</span>,<span class='scene-font-katari'>　</span><br><span class='scene-font-katari'>　</span><br><span class='scene-font-katari'>　　　　　　　　　　　　　　　──完</span>
info,,,scene_evt181031_cp0_q2_s10
备注,,,翻译：MAMUS