id,name,detail
npc,黑骑士,3040082000
special,黑凤刃·月影,暗属性伤害(特大)/净化自身1个负面效果
skill-1,四重符咒,<div class=prt-text-small>对敌方全体造成1.5~2.5倍火·水·土·风属性伤害/灼热效果/缓慢效果/消去1个强化效果</div>
skill-2,耗匮,对敌方造成5倍暗属性伤害/回复自身HP(2000)
skill-3,敏思,赋予敌方单体恐惧效果
support-1,绝望之剑,自身HP越少，攻防越高
support-2,漆黑铠甲,最大HP(10%UP)与防御力(20%UP)上升，但更容易成为攻击目标
skill-lb,LB技能,自身无负面效果时，负面效果成功率UP
,,