id,name,detail
npc,尤希斯,3040105000
special,破煌刃・星薙/破煌刃・天终,<div class=prt-text-small>风属性伤害(特大)侠气Lv上升/星薙模式：获得吸收效果/天终模式：获得20%风属性追击效果</div>
skill-1,坚定信念/惩戒不忠,星薙模式：切换为天终模式<br>天终模式：切换为星薙模式
skill-2,杯之庇护/一刀专心,<div class=prt-text-small>星薙模式：成为攻击目标，减免70%伤害/天终模式：自身攻击大幅UP(1次)<span class=text-blue>◆消耗20%奥义值</span></div>
skill-3,叛意即斩/仇花散华,星薙模式：反击效果(受伤时/2次)<br>天终模式：必定连击
support-1,迪特利亚流剑术・星薙式,<div class=prt-text-small>星薙模式下防御UP/敌对心UP<span class=text-blue>◆根据侠气Lv奥义值上升量UP/回复性能UP</span></div>
support-2,迪特利亚流剑术・天终式,<div class=prt-text-small>天终模式下攻击UP/敌对心DOWN<span class=text-blue>◆根据侠气Lv奥义伤害UP/奥义上限UP</span></div>
skill-lb,LB技能,切换模式时侠气Lv有几率上升
,,