id,en,jp,trans
0-chapter_name,,第2話 夢じゃなかったのか,第二话 这不是梦吗
0-synopsis,,姬塔達により、なんとか救出されたウェルダー。一行は情報を整理し、怪物の正体がジェイドではないかと思い当たるが、ウェルダーの心中を察し、明言するのを躊躇う。ウェルダーはつとめて明るく振る舞いつつも、ジャスミンの提案に従って、対策を練り直すために一度里に戻ることにするのだった。,维尔达被姬塔一行勉强救了出来，大家整理了情报，认为怪物的真身就是翡翠石，但大家又怕打击维尔达而不敢直说。维尔达看起来很快乐地完成了任务。他听从茉莉花的建议，先回到村子里考虑对策。
3,,やったな、ジェイド！<br>またハンターを追い返したぞ！,做得好，翡翠石！<br>又赶走偷猎人了哦！
4,,ふぁうあ～！,呼哇～！
5,,あはは、俺達は最高のコンビだ。<br>やがて全空中に名が響き渡るだろう。,啊哈哈，我们是最强的组合哦。<br>以后必将垂名全空呀。
6,,そしたらきっと一族の事も注目される。<br>レンジャーが再び栄える日が来るんだ！,那样的话我们一族的事会被大家关注起来，离战士再次繁荣的日子也就不远啦！
7,,ふぁ～あ？,呼～啊？
8,,ああ、もちろんそんなの二の次だよ。<br>一番は森を守り、皆を安心させること。,当然那个是第二个目标啦，最重要的还是守护森林让大家都能安心生活呢。
9,,ただレンジャーの伝統が、<br>このまま廃れるのは悔しいというか……,但是战士的传统就这么荒废了好可惜....
10,,ふぁうあう……,啊呜....
11,,さて、じゃあ今日も訓練だ！<br>実は新たに試したい技があってな。,那么今天也来特训吧！其实今天我想试试新招式讷。
12,,いいか、見てろよ？<br>確か一族の巻物には……<br>足をこうして腕はこうで……,看好了哦？按照一族的记载....脚要这样手腕要这样.....
15,,ゆ、勇猛なる森の戦士ッ！<br>フォレストレンジャー、ウェルダーだ！,勇、勇猛的森林战士！林中战士、维尔达在此！
16,,ふわぁッ……！？,呼哇...！？
17,,ど、どうだった……？<br>俺の初めての<span class='scene-font-spword'>『レンジャーポーズ』</span>……,怎、怎么样...？<br>我的第一个<span class='scene-font-spword'>『战士姿势』</span>……
18,,元々は<span class='scene-font-spword'>『レンジャーサイン』</span>の一種で、<br>遠目でも自分を認識させる合図らしい。,这是<span class='scene-font-spword'>『战士姿势』</span>的一种，是为了在远处也能认出自己而准备的。
19,,でも俺は実物を見た事がないから……<br>なあ、やっぱり今の変じゃなかったか？,但是我没见过实物....你说刚才的是不是有点奇怪？
20,,ふぁ～ッ♪,呼哇～♪
21,,お、おお？<br>その反応は、えっと……,哦、哦哦？那个反应是....
22,,ひょっとして褒めてる……？<br>ちょっとカッコ良かったり？,难道是在夸我帅吗？
23,,ふぁ～ッッッ♪,呼啊～～～～啊♪
24,,そ、そうか！<br>きっとそうなんだな！？,是、是吗？一定是这样的吧！
25,,はっはっは！<br>そうかそうか、カッコ良かったか！,哈哈哈！是吗是吗，很帅的吧！
26,,よぉし！<br>そうと決まれば、本格的に訓練開始だ！<br>秘密基地まで競争するぞ！,好～！既然定下来就开始认真的练习吧！看谁先跑到秘密基地吧！
27,,ふぁいあ～！,呼哇～！
33,,む……？<br>う……うぅん……,嗯..？呜....呜呜....
34,,あ、気がついたぜ！<br>大丈夫か、どっか痛いとこないか？,啊！有意识了！还好吗？有觉得疼的地方吗？
35,,<span class='scene-font-katari'>意識を取り戻したウェルダー</span><br><span class='scene-font-katari'>ホッとした表情の一行を眺め、</span><br><span class='scene-font-katari'>混濁した記憶を整理しようとする。</span>,<span class='scene-font-katari'>刚刚苏醒的维尔达看着放下心来的团长一行，开始整理混沌般的思绪。</span>
36,,ビィ、姬塔……<br>ああ、うん、俺は大丈夫だ。,碧、姬塔.....嗯我没事的。
37,,皆も無事みたいだな。<br>俺は一体、どうしていたんだ？,大家好像也没事，我到底怎么了啊？
38,,瓦礫が頭に当たって、<br>気絶してたんですよ。<br>でも姬塔さんがなんとか……,你被砖块砸晕了，姬塔勉强救出了你。
39,,瓦礫……<br>そうだ、あの怪物が……,砖块...啊，那个怪物.....
40,,夢じゃなかったんだな……,原来不是梦啊……
41,,ウェルダーさん……,维尔达....
42,,すまない、姬塔……<br>フェンリルにも突っかかり、<br>足を引っ張ってしまったようだ。,姬塔，对不起...我还冲向芬里尔，拖累了大家。
42-sel1_txt,,<span class='scene-font-katari'>気にしないで</span>,<span class='scene-font-katari'>不要在意</span>
42-sel2_txt,,<span class='scene-font-katari'>誰でも混乱するよ</span>,<span class='scene-font-katari'>谁都会混乱的</span>
42-sel3_txt,,<span class='scene-font-katari'>状況を整理しよう</span>,<span class='scene-font-katari'>整理一下状况吧</span>
43,,そうか、ありがとう……<br>お前の言葉は本当にホッとする。,谢谢...听了你的话就放心了。
44,,そうかもしれないが……<br>レンジャーとしては情けないな。,虽说有可能是那样吧……我作为战士真的没用。
45,,状況……ああ、わかった。,状况...嗯我知道了。
46,,えっと、それで……<br>お前を救出した後フェンリルは、<br>いつの間にか消えちまっててよ。,那个...救下你后，芬里尔不知道什么时候就不见了踪影。
47,,で、もうひとりのアイツは……<br>オイラ達が避難するのも構わねぇで、<br>祭殿を壊したら森に行っちまったぜ。,我们避难完了以后，另外的那个怪物破坏了祭殿跑到森林去了。
48,,なぁ、でもほんとなのか？<br>お前がアイツを見て呟いた、そのぅ……,但那个是真的吗？你见到那个家伙时说的....那个....
49,,…………,........
50,,いつ目を覚ましたのか……<br>なぜ姿が変わっているのか……,是什么时候醒来的呢....为什么会变成那个样子....
51,,わからない……<br>何もわからないが、でも確かに……！,不知道....我虽然什么也不知道但是的确就是它！
52,,落ち着きましょう、ね？<br>頭の傷に障ってしまいます。,先冷静下来吧，对头上的伤也不好。
53,,考えるのは後にして、<br>いったん里に戻りませんか？<br>ちゃんと手当しないと悪化しちゃうわ。,先不想这些回村子里吧？不好好治疗的话伤口会恶化的。
54,,……ああ、わかった。<br>だがひとつ、ハッキリさせないと。,....我知道了。但是有一件事必须先搞明白。
55,,ルリア。<br>お前は星晶獣の気配がわかるんだろう？,露莉亚你是能察觉到星晶兽的气息吧？
56,,……は、はい。,是、是的
57,,さっきのアイツは……<br>あの怪物はどうだった？,刚才的那家伙...那个怪物是？
58,,あ、えっと……<br>でも、バタバタしてたので……,啊、那个...当时太慌张了所以....
59,,いいんだ、頼む。<br>里長達に不確定な報告をして、<br>不安がらせる訳にはいかない。,拜托了。我不能给村长一个不确定的答复，那么做只会引起大家的不安。
60,,…………,..........
61,,さっきの怪物さんは……<br>星晶獣の気配、でした……,刚才的怪物.....是星晶兽...
62,,たぶん、この島の……<br>この森と一緒のにおいの……,大概是这座岛....和这片森林一个气息的.....
63,,…………,........
64,,ウェルダー……<br>オイラ、なんて言ったらいいか……,维尔达，我不知道要怎么说才好....
65,,ん……？,嗯...？
66,,こ、こほんこほん！,咳、咳咳！
67,,フッ……<br>ありがとう、皆！<br>お陰で状況が整理できたぞ。,呼....谢谢大家，我终于把事情搞明白了。
68,,ではジャスミ……<br>ターコイズの意見に従って、<br>里に戻り対策を練り直そう！,那么就听茉莉....绿松石的建议，先回村子里重新策划方案吧！
69,,あぁ、わかったぜ！<br>フェンリルの事も気になるしな！,好的！芬里尔的事我也有些在意呢！
70,,ばったり遭遇しないといいが……<br>ターコイズ、このあたりに獣道は？,希望回去的路上不要遭遇到.....绿松石这附近的兽道在哪里？
71,,……つーん。,....唔。
72,,ウェルダーさん！<br>タイガーアイ、タイガーアイ！,维尔达！虎眼石、虎眼石！
73,,はっ、しまった……！？,啊、忘了...！？
74,,あはは、まだこだわってたのかよ？<br>タイガーアイはウェルダーに厳しいぜ！,啊哈哈，你还在意那个呀？虎眼石对维尔达真的很严格！
75,,うふふ、ではこちらです。<br>ウサギさん達がいる道を通りましょう。,哼哼，那么请来这边，我们就走兔子们的那条路吧。
76,,うぅ、俺とした事が……,呜呜...我怎么会犯这种错...
info,,1,scene_evt170630_cp2_q1_s10
,,,