id,name,text,trans
0-chapter_name,,第86章　千里眼の賢者,第86章 千里眼的贤者
0-synopsis,,姬塔はイデルバ王国軍の兵士達と共に、戦艦に跋扈する魔物達を掃討する。見張りをしていた兵達は、背後から一撃でほぼ同時に気絶させられてしまったという。姬塔達は、ゼエン達が魔物をおびき寄せたことを疑いつつも、まずは話を聞いてみることにするのだった。,姬塔和伊迪尔瓦王国军的士兵们一同解决了战舰上肆虐的魔兽，这才发现守卫们全被人从背后一击放倒。姬塔等人怀疑是泽恩将魔兽引导至此，决定前去询问究竟。
0,,<span class='scene-font-katari'>姬塔達は、</span><br><span class='scene-font-katari'>イデルバ王国軍の兵士達と共に、</span><br><span class='scene-font-katari'>戦艦に跋扈する魔物達を掃討する。</span>,<span class='scene-font-katari'>姬塔一行和伊迪尔瓦王国军的士兵们一同解决了战舰上肆虐的魔兽。</span>
1,ビィ/碧,やれやれ……<br>入り込んできてた魔物は<br>もういねーよな？,哎……<br>跑上来的魔兽已经解决完了吧？
2,レオナ/蕾欧娜,みたいですね……<br>見回りの報告はどうでしたか？,应该是的……<br>巡逻兵的报告如何了？
3,イデルバ兵１,はっ！<br>各区域共に、現在、<br>異常がないことが確認されています。,是！<br>现在各区域正在确认有无异常状况。
4,カイン/该隐,ありがとう。<br>それで……君達だよな。<br>魔物が侵入した時、見張りだったのは。,辛苦了。<br>那么……是你们几个吧。<br>魔兽入侵时，是你们担任守卫的。
5,イデルバ兵２,はっ……申し訳ありません。,是……万分抱歉。
6,イデルバ兵３,このような失態、<br>なんと申し上げればよいか……,出现这样的失态，实在不知道如何请罪……
7,カイン/该隐,いや、それよりも、教えてほしいんだ。<br>いったい、何があったのか。,不，先不管这些。<br>我希望你们能详细说说。到底发生了什么。
8,イデルバ兵２,はい、それが……,是。关于这个……
10,,<span class='scene-font-katari'>見張りを務めていた兵士達は、</span><br><span class='scene-font-katari'>皆一様に、</span><br><span class='scene-font-katari'>何者かに襲われたと証言していた。</span>,<span class='scene-font-katari'>担任守卫的士兵全都表示自己被人袭击了。</span>
11,イデルバ兵２,突然後ろから、<br>それも一撃で<br>気絶させられてしまいまして……,突然有人从后面攻击我，然后我就失去意识了……
12,イデルバ兵３,私もほぼ同時に意識を失いました。<br>魔物ではない人影が迫っているのを、<br>最後に目にしたんですが……,我和他几乎是同时倒下的。<br>我还看到一个人影，不是魔兽……
13,カイン/该隐,人影、か……,人影，么……
14,ラインハルザ/莱茵哈萨,これはいよいよ面倒だな……,听起来越来越麻烦了啊……
15,カタリナ/卡塔莉娜,そうだな……<br>これはいま、非常にマズイ話だ……,是啊……<br>情况非常不妙……
16,ルリア/露莉亚,え、えっと……どうしたの？<br>入り込んでいた魔物は、<br>もういないんだよね？,那、那个……怎么了吗？<br>船上已经没有魔兽看吧？
17,カタリナ/卡塔莉娜,そうだ……<br>だがいまの話から、何者かが戦艦に、<br>魔物をおびき寄せたのは間違いない。,没错……<br>但是从他们的话里可以得知，有什么人故意将魔兽引到战舰上来。
18,レオナ/蕾欧娜,他の見張りを務めていた兵士達からも、<br>ほぼ同様の証言が得られています。,其他担任守卫的士兵也提供了相似的证言。
19,ラインハルザ/莱茵哈萨,つまり――,也就是说——
19-sel1_txt,,<span class='scene-font-katari'>相手は複数</span>,<span class='scene-font-katari'>敌人是复数</span>
19-sel2_txt,,<span class='scene-font-katari'>相手は組織的</span>,<span class='scene-font-katari'>敌人有组织地行动</span>
20,ラインハルザ/莱茵哈萨,そうだ。しかもそれだけじゃねぇ。<br>かなりの手練れ……<br>ある一定以上、訓練された組織だ。,没错。不仅如此。<br>他们非常熟练……<br>是经过一定训练的组织。
21,ラインハルザ/莱茵哈萨,そうだな……<br>見張り全員をほぼ同時に潰すとは、<br>ずいぶんと手慣れた連携だ。,没错……<br>同时放倒所有守卫，看来配合得相当熟练。
22,ラインハルザ/莱茵哈萨,そして、いまこの<span class='scene-font-place'>クルーガー島</span>には、<br>犯人探しが出来るほど、<br>幾つもの集団があるわけじゃあねぇ。,而且，在这<span class='scene-font-place'>克尔加岛</span>上也没有几个组织能供我们排查。
23,ラインハルザ/莱茵哈萨,この島の規模だ。<br>集落が複数あるようにも見えねぇ。<br>となりゃあ……,岛就这么大。<br>看着也不像有其他群体。<br>那么……
23-sel1_txt,,<span class='scene-font-katari'>犯人はゼエン達……？</span>,<span class='scene-font-katari'>犯人是泽恩他们……？</span>
24,ビィ/碧,おいおい、嘘だろ……<br>昼間は全然、<br>そんな素振りなかったぜ……？,喂喂，不会吧……<br>白天他们看起来可不像会做这种事的人……
25,ルリア/露莉亚,はい……それにイオちゃんは、<br>あの賢者さんを<br>信頼してるみたいだったのに……,是啊……而且伊欧好像非常信赖贤者先生……
26,,<span class='scene-font-katari'>最悪の想像に、</span><br><span class='scene-font-katari'>姬塔達は皆、</span><br><span class='scene-font-katari'>重く押し黙ってしまう。</span>,<span class='scene-font-katari'>最坏的想象让众人陷入了沉默。</span>
27,カタリナ/卡塔莉娜,……想像だけでは、何も始まらない。<br>疑うより、<br>まずは彼らに話を聞いてみよう。,……只靠想象是不行的。<br>与其在这里猜疑，不如直接去问问他们吧。
28,レオナ/蕾欧娜,ですね……<br>でも、魔物の出る不慣れな島での<br>夜間の移動は非常に危険です。,是啊……<br>但是我们不熟悉这座岛，岛上还有魔兽出没，夜间行动很危险。
29,レオナ/蕾欧娜,まずは警戒を続けつつ、<br>朝を待つより他ありませんね。,还是先提高警惕等到天亮吧。
30,,<span class='scene-font-katari'>レオナの言葉に、</span><br><span class='scene-font-katari'>一同は静かに同意を示す。</span>,<span class='scene-font-katari'>众人无言地赞成雷欧娜的提议。</span>
31,,<span class='scene-font-katari'>しかし、朝日が昇るまでの間、</span><br><span class='scene-font-katari'>一行は眠れぬ夜を過ごしたのだった。</span>,<span class='scene-font-katari'>然而，直到朝阳升起，众人都无法再次入眠。</span>
info,,,scene_cp86_q4_s30